-- MySQL dump 10.15  Distrib 10.0.17-MariaDB, for debian-linux-gnu (x86_64)
--
-- Host: localhost    Database: laravel-devdb
-- ------------------------------------------------------
-- Server version	10.0.17-MariaDB-1~trusty-log

/*!40101 SET @OLD_CHARACTER_SET_CLIENT=@@CHARACTER_SET_CLIENT */;
/*!40101 SET @OLD_CHARACTER_SET_RESULTS=@@CHARACTER_SET_RESULTS */;
/*!40101 SET @OLD_COLLATION_CONNECTION=@@COLLATION_CONNECTION */;
/*!40101 SET NAMES utf8 */;
/*!40103 SET @OLD_TIME_ZONE=@@TIME_ZONE */;
/*!40103 SET TIME_ZONE='+00:00' */;
/*!40014 SET @OLD_UNIQUE_CHECKS=@@UNIQUE_CHECKS, UNIQUE_CHECKS=0 */;
/*!40014 SET @OLD_FOREIGN_KEY_CHECKS=@@FOREIGN_KEY_CHECKS, FOREIGN_KEY_CHECKS=0 */;
/*!40101 SET @OLD_SQL_MODE=@@SQL_MODE, SQL_MODE='NO_AUTO_VALUE_ON_ZERO' */;
/*!40111 SET @OLD_SQL_NOTES=@@SQL_NOTES, SQL_NOTES=0 */;

--
-- Table structure for table `ems_coordinators_regions`
--

DROP TABLE IF EXISTS `ems_coordinators_regions`;
/*!40101 SET @saved_cs_client     = @@character_set_client */;
/*!40101 SET character_set_client = utf8 */;
CREATE TABLE `ems_coordinators_regions` (
  `id` int(10) unsigned NOT NULL AUTO_INCREMENT,
  `coordinators_id` int(10) unsigned NOT NULL,
  `region_id` int(10) unsigned NOT NULL,
  `created_at` timestamp NOT NULL DEFAULT '0000-00-00 00:00:00',
  `updated_at` timestamp NOT NULL DEFAULT '0000-00-00 00:00:00',
  PRIMARY KEY (`id`),
  KEY `coordinators_regions_coordinators_id_index` (`coordinators_id`),
  KEY `coordinators_regions_region_id_index` (`region_id`),
  CONSTRAINT `coordinators_regions_coordinators_id_foreign` FOREIGN KEY (`coordinators_id`) REFERENCES `ems_participants` (`id`) ON DELETE CASCADE,
  CONSTRAINT `coordinators_regions_region_id_foreign` FOREIGN KEY (`region_id`) REFERENCES `ems_districts` (`id`) ON DELETE CASCADE
) ENGINE=InnoDB AUTO_INCREMENT=16 DEFAULT CHARSET=utf8 COLLATE=utf8_unicode_ci;
/*!40101 SET character_set_client = @saved_cs_client */;

--
-- Dumping data for table `ems_coordinators_regions`
--

LOCK TABLES `ems_coordinators_regions` WRITE;
/*!40000 ALTER TABLE `ems_coordinators_regions` DISABLE KEYS */;
INSERT INTO `ems_coordinators_regions` VALUES (1,1,14,'2015-04-27 03:01:39','2015-04-27 03:01:39'),(2,2,18,'2015-04-27 03:01:39','2015-04-27 03:01:39'),(3,3,19,'2015-04-27 03:01:40','2015-04-27 03:01:40'),(4,4,34,'2015-04-27 03:01:40','2015-04-27 03:01:40'),(5,5,13,'2015-04-27 03:01:40','2015-04-27 03:01:40'),(6,6,38,'2015-04-27 03:01:41','2015-04-27 03:01:41'),(7,7,56,'2015-04-27 03:01:41','2015-04-27 03:01:41'),(8,8,60,'2015-04-27 03:01:41','2015-04-27 03:01:41'),(9,10,26,'2015-04-27 03:01:41','2015-04-27 03:01:41'),(10,11,45,'2015-04-27 03:01:42','2015-04-27 03:01:42'),(11,12,21,'2015-04-27 03:01:42','2015-04-27 03:01:42'),(12,13,1,'2015-04-27 03:01:42','2015-04-27 03:01:42'),(13,14,63,'2015-04-27 03:01:42','2015-04-27 03:01:42'),(14,15,9,'2015-04-27 03:01:42','2015-04-27 03:01:42'),(15,16,7,'2015-04-27 03:01:43','2015-04-27 03:01:43');
/*!40000 ALTER TABLE `ems_coordinators_regions` ENABLE KEYS */;
UNLOCK TABLES;

--
-- Table structure for table `ems_coordinators_states`
--

DROP TABLE IF EXISTS `ems_coordinators_states`;
/*!40101 SET @saved_cs_client     = @@character_set_client */;
/*!40101 SET character_set_client = utf8 */;
CREATE TABLE `ems_coordinators_states` (
  `id` int(10) unsigned NOT NULL AUTO_INCREMENT,
  `coordinators_id` int(10) unsigned NOT NULL,
  `state_id` int(10) unsigned NOT NULL,
  `created_at` timestamp NOT NULL DEFAULT '0000-00-00 00:00:00',
  `updated_at` timestamp NOT NULL DEFAULT '0000-00-00 00:00:00',
  PRIMARY KEY (`id`),
  KEY `coordinators_states_coordinators_id_index` (`coordinators_id`),
  KEY `coordinators_states_state_id_index` (`state_id`),
  CONSTRAINT `coordinators_states_coordinators_id_foreign` FOREIGN KEY (`coordinators_id`) REFERENCES `ems_participants` (`id`) ON DELETE CASCADE,
  CONSTRAINT `coordinators_states_state_id_foreign` FOREIGN KEY (`state_id`) REFERENCES `ems_states` (`id`) ON DELETE CASCADE
) ENGINE=InnoDB AUTO_INCREMENT=19 DEFAULT CHARSET=utf8 COLLATE=utf8_unicode_ci;
/*!40101 SET character_set_client = @saved_cs_client */;

--
-- Dumping data for table `ems_coordinators_states`
--

LOCK TABLES `ems_coordinators_states` WRITE;
/*!40000 ALTER TABLE `ems_coordinators_states` DISABLE KEYS */;
INSERT INTO `ems_coordinators_states` VALUES (1,1,5,'2015-04-27 03:01:39','2015-04-27 03:01:39'),(2,2,6,'2015-04-27 03:01:39','2015-04-27 03:01:39'),(3,3,7,'2015-04-27 03:01:40','2015-04-27 03:01:40'),(4,4,10,'2015-04-27 03:01:40','2015-04-27 03:01:40'),(5,5,4,'2015-04-27 03:01:40','2015-04-27 03:01:40'),(6,6,12,'2015-04-27 03:01:41','2015-04-27 03:01:41'),(7,7,15,'2015-04-27 03:01:41','2015-04-27 03:01:41'),(8,8,16,'2015-04-27 03:01:41','2015-04-27 03:01:41'),(9,9,18,'2015-04-27 03:01:41','2015-04-27 03:01:41'),(10,10,9,'2015-04-27 03:01:41','2015-04-27 03:01:41'),(11,11,13,'2015-04-27 03:01:42','2015-04-27 03:01:42'),(12,12,8,'2015-04-27 03:01:42','2015-04-27 03:01:42'),(13,13,1,'2015-04-27 03:01:42','2015-04-27 03:01:42'),(14,14,17,'2015-04-27 03:01:42','2015-04-27 03:01:42'),(15,15,3,'2015-04-27 03:01:42','2015-04-27 03:01:42'),(16,16,2,'2015-04-27 03:01:43','2015-04-27 03:01:43'),(17,17,14,'2015-04-27 03:01:43','2015-04-27 03:01:43'),(18,10,11,'2015-04-27 03:01:43','2015-04-27 03:01:43');
/*!40000 ALTER TABLE `ems_coordinators_states` ENABLE KEYS */;
UNLOCK TABLES;

--
-- Table structure for table `ems_districts`
--

DROP TABLE IF EXISTS `ems_districts`;
/*!40101 SET @saved_cs_client     = @@character_set_client */;
/*!40101 SET character_set_client = utf8 */;
CREATE TABLE `ems_districts` (
  `id` int(10) unsigned NOT NULL AUTO_INCREMENT,
  `district_id` int(11) NOT NULL,
  `states_id` int(10) unsigned NOT NULL,
  `district` varchar(255) COLLATE utf8_unicode_ci NOT NULL,
  `created_at` timestamp NOT NULL DEFAULT '0000-00-00 00:00:00',
  `updated_at` timestamp NOT NULL DEFAULT '0000-00-00 00:00:00',
  PRIMARY KEY (`id`),
  KEY `districts_states_id_index` (`states_id`),
  CONSTRAINT `districts_states_id_foreign` FOREIGN KEY (`states_id`) REFERENCES `ems_states` (`id`) ON DELETE CASCADE
) ENGINE=InnoDB AUTO_INCREMENT=70 DEFAULT CHARSET=utf8 COLLATE=utf8_unicode_ci;
/*!40101 SET character_set_client = @saved_cs_client */;

--
-- Dumping data for table `ems_districts`
--

LOCK TABLES `ems_districts` WRITE;
/*!40000 ALTER TABLE `ems_districts` DISABLE KEYS */;
INSERT INTO `ems_districts` VALUES (1,0,1,'Pathein','2015-04-27 02:14:50','2015-04-27 02:14:50'),(2,0,1,'Hinthada','2015-04-27 02:14:53','2015-04-27 02:14:53'),(3,0,1,'Myaungmya','2015-04-27 02:14:54','2015-04-27 02:14:54'),(4,0,1,'Labutta','2015-04-27 02:14:55','2015-04-27 02:14:55'),(5,0,1,'Maubin','2015-04-27 02:14:55','2015-04-27 02:14:55'),(6,0,1,'Pyapon','2015-04-27 02:14:56','2015-04-27 02:14:56'),(7,0,2,'Bago','2015-04-27 02:14:57','2015-04-27 02:14:57'),(8,0,2,'Taungoo','2015-04-27 02:14:58','2015-04-27 02:14:58'),(9,0,3,'Pyay','2015-04-27 02:14:59','2015-04-27 02:14:59'),(10,0,3,'Thayarwady','2015-04-27 02:15:00','2015-04-27 02:15:00'),(11,0,4,'Falam','2015-04-27 02:15:01','2015-04-27 02:15:01'),(12,0,4,'Mindat','2015-04-27 02:15:01','2015-04-27 02:15:01'),(13,0,4,'Hakha','2015-04-27 02:15:02','2015-04-27 02:15:02'),(14,0,5,'Myitkyina','2015-04-27 02:15:02','2015-04-27 02:15:02'),(15,0,5,'Mohnyin','2015-04-27 02:15:02','2015-04-27 02:15:02'),(16,0,5,'Bhamo','2015-04-27 02:15:03','2015-04-27 02:15:03'),(17,0,5,'Puta-O','2015-04-27 02:15:03','2015-04-27 02:15:03'),(18,0,6,'Loikaw','2015-04-27 02:15:04','2015-04-27 02:15:04'),(19,0,7,'Hpa-An','2015-04-27 02:15:04','2015-04-27 02:15:04'),(20,0,7,'Kawkareik','2015-04-27 02:15:05','2015-04-27 02:15:05'),(21,0,8,'Magway','2015-04-27 02:15:06','2015-04-27 02:15:06'),(22,0,8,'Minbu','2015-04-27 02:15:07','2015-04-27 02:15:07'),(23,0,8,'Thayet','2015-04-27 02:15:08','2015-04-27 02:15:08'),(24,0,8,'Pakokku','2015-04-27 02:15:09','2015-04-27 02:15:09'),(25,0,8,'Gangaw','2015-04-27 02:15:10','2015-04-27 02:15:10'),(26,0,9,'Mandalay','2015-04-27 02:15:11','2015-04-27 02:15:11'),(27,0,9,'Pyinoolwin','2015-04-27 02:15:12','2015-04-27 02:15:12'),(28,0,9,'Kyaukse','2015-04-27 02:15:14','2015-04-27 02:15:14'),(29,0,9,'Myingyan','2015-04-27 02:15:15','2015-04-27 02:15:15'),(30,0,9,'Nyaung-U','2015-04-27 02:15:17','2015-04-27 02:15:17'),(31,0,9,'Yamethin','2015-04-27 02:15:17','2015-04-27 02:15:17'),(32,0,9,'Meiktila','2015-04-27 02:15:18','2015-04-27 02:15:18'),(33,0,9,'Nay Pyi Taw','2015-04-27 02:15:20','2015-04-27 02:15:20'),(34,0,10,'Mawlamyine','2015-04-27 02:15:20','2015-04-27 02:15:20'),(35,0,10,'Thaton','2015-04-27 02:15:22','2015-04-27 02:15:22'),(36,0,11,'Naypyitaw (North)','2015-04-27 02:15:24','2015-04-27 02:15:24'),(37,0,11,'Naypyitaw (South)','2015-04-27 02:15:25','2015-04-27 02:15:25'),(38,0,12,'Sittwe','2015-04-27 02:15:26','2015-04-27 02:15:26'),(39,0,12,'Maungdaw','2015-04-27 02:15:27','2015-04-27 02:15:27'),(40,0,12,'Kyaukpyu','2015-04-27 02:15:27','2015-04-27 02:15:27'),(41,0,12,'Thandwe','2015-04-27 02:15:28','2015-04-27 02:15:28'),(42,0,12,'Mrauk-U','2015-04-27 02:15:28','2015-04-27 02:15:28'),(43,0,13,'Sagaing','2015-04-27 02:15:29','2015-04-27 02:15:29'),(44,0,13,'Shwebo','2015-04-27 02:15:30','2015-04-27 02:15:30'),(45,0,13,'Monywa','2015-04-27 02:15:30','2015-04-27 02:15:30'),(46,0,13,'Katha','2015-04-27 02:15:31','2015-04-27 02:15:31'),(47,0,13,'Kale','2015-04-27 02:15:31','2015-04-27 02:15:31'),(48,0,13,'Tamu','2015-04-27 02:15:32','2015-04-27 02:15:32'),(49,0,13,'Mawlaik','2015-04-27 02:15:32','2015-04-27 02:15:32'),(50,0,13,'Hkamti','2015-04-27 02:15:32','2015-04-27 02:15:32'),(51,0,13,'Yinmabin','2015-04-27 02:15:33','2015-04-27 02:15:33'),(52,0,14,'Kengtung','2015-04-27 02:15:34','2015-04-27 02:15:34'),(53,0,14,'Monghsat','2015-04-27 02:15:34','2015-04-27 02:15:34'),(54,0,14,'Tachileik','2015-04-27 02:15:34','2015-04-27 02:15:34'),(55,0,14,'Monghpyak','2015-04-27 02:15:34','2015-04-27 02:15:34'),(56,0,15,'Lashio','2015-04-27 02:15:35','2015-04-27 02:15:35'),(57,0,15,'Muse','2015-04-27 02:15:35','2015-04-27 02:15:35'),(58,0,15,'Kyaukme','2015-04-27 02:15:36','2015-04-27 02:15:36'),(59,0,15,'Hopang','2015-04-27 02:15:36','2015-04-27 02:15:36'),(60,0,16,'Taunggyi','2015-04-27 02:15:37','2015-04-27 02:15:37'),(61,0,16,'Loilen','2015-04-27 02:15:39','2015-04-27 02:15:39'),(62,0,16,'Langkho','2015-04-27 02:15:40','2015-04-27 02:15:40'),(63,0,17,'Dawei','2015-04-27 02:15:40','2015-04-27 02:15:40'),(64,0,17,'Myeik','2015-04-27 02:15:41','2015-04-27 02:15:41'),(65,0,17,'Kawthoung','2015-04-27 02:15:41','2015-04-27 02:15:41'),(66,0,18,'Yangon (North)','2015-04-27 02:15:42','2015-04-27 02:15:42'),(67,0,18,'Yangon (East)','2015-04-27 02:15:44','2015-04-27 02:15:44'),(68,0,18,'Yangon (South)','2015-04-27 02:15:47','2015-04-27 02:15:47'),(69,0,18,'Yangon (West)','2015-04-27 02:15:50','2015-04-27 02:15:50');
/*!40000 ALTER TABLE `ems_districts` ENABLE KEYS */;
UNLOCK TABLES;

--
-- Table structure for table `ems_ems_form_questions`
--

DROP TABLE IF EXISTS `ems_ems_form_questions`;
/*!40101 SET @saved_cs_client     = @@character_set_client */;
/*!40101 SET character_set_client = utf8 */;
CREATE TABLE `ems_ems_form_questions` (
  `id` int(10) unsigned NOT NULL AUTO_INCREMENT,
  `parent_id` int(10) unsigned DEFAULT NULL,
  `form_id` int(10) unsigned DEFAULT NULL,
  `list_id` int(11) NOT NULL,
  `question_number` varchar(255) COLLATE utf8_unicode_ci NOT NULL,
  `question` text COLLATE utf8_unicode_ci NOT NULL,
  `optional` tinyint(1) NOT NULL,
  `q_type` enum('single','main','sub','same','spotchecker') COLLATE utf8_unicode_ci NOT NULL,
  `input_type` enum('none','different','radio','choice','select','text','textarea','date','year','month','time') COLLATE utf8_unicode_ci NOT NULL,
  `a_view` varchar(255) COLLATE utf8_unicode_ci NOT NULL,
  `answers` text COLLATE utf8_unicode_ci NOT NULL,
  `created_at` timestamp NOT NULL DEFAULT '0000-00-00 00:00:00',
  `updated_at` timestamp NOT NULL DEFAULT '0000-00-00 00:00:00',
  PRIMARY KEY (`id`),
  KEY `ems_form_questions_parent_id_foreign` (`parent_id`),
  KEY `ems_form_questions_form_id_foreign` (`form_id`),
  CONSTRAINT `ems_form_questions_form_id_foreign` FOREIGN KEY (`form_id`) REFERENCES `ems_ems_forms` (`id`) ON DELETE CASCADE,
  CONSTRAINT `ems_form_questions_parent_id_foreign` FOREIGN KEY (`parent_id`) REFERENCES `ems_ems_form_questions` (`id`) ON DELETE CASCADE
) ENGINE=InnoDB AUTO_INCREMENT=159 DEFAULT CHARSET=utf8 COLLATE=utf8_unicode_ci;
/*!40101 SET character_set_client = @saved_cs_client */;

--
-- Dumping data for table `ems_ems_form_questions`
--

LOCK TABLES `ems_ems_form_questions` WRITE;
/*!40000 ALTER TABLE `ems_ems_form_questions` DISABLE KEYS */;
INSERT INTO `ems_ems_form_questions` VALUES (1,NULL,1,1,'Household Visits','Household Visits',0,'main','none','table-column','{\"1\":{\"text\":\"Numbers from the interval process\",\"type\":\"text\",\"value\":\"\"},\"10\":{\"text\":\"Other [specify below]\",\"type\":\"radio\",\"value\":\"9\"},\"11\":{\"text\":\"Specify here for above question\",\"type\":\"text\",\"value\":\"\"},\"12\":{\"text\":\"Not Applicable\",\"type\":\"radio\",\"value\":\"89\"},\"2\":{\"text\":\"Completed interview\",\"type\":\"radio\",\"value\":\"1\"},\"3\":{\"text\":\"Partly completed interview\",\"type\":\"radio\",\"value\":\"2\"},\"4\":{\"text\":\"Refused to be interviewed\",\"type\":\"radio\",\"value\":\"3\"},\"5\":{\"text\":\"Person selected was never at home after at least two visits\",\"type\":\"radio\",\"value\":\"4\"},\"6\":{\"text\":\"Household\\/ premises empty for survey period after at least two visits\",\"type\":\"radio\",\"value\":\"5\"},\"7\":{\"text\":\"Not a citizen\\/ spoke only a foreign language\",\"type\":\"radio\",\"value\":\"6\"},\"8\":{\"text\":\"Deaf\\/ did not speak a survey language\",\"type\":\"radio\",\"value\":\"7\"},\"9\":{\"text\":\"No adults in household\",\"type\":\"radio\",\"value\":\"8\"},\"-97\":{\"text\":\"Don\'t Know\",\"type\":\"radio\",\"value\":-8},\"-98\":{\"text\":\"Refuse to Answer\",\"type\":\"radio\",\"value\":-9},\"-99\":{\"text\":\"No Answer\",\"type\":\"radio\",\"value\":-99}}','2015-04-28 12:38:19','2015-05-12 11:03:11'),(2,1,1,2,'(a)','HH1',0,'same','radio','none','[]','2015-04-28 12:39:42','2015-04-28 12:39:42'),(3,1,1,3,'(b)','HH2',0,'same','radio','none','[]','2015-04-28 12:40:11','2015-04-28 12:40:11'),(4,1,1,4,'(c)','HH3',0,'same','radio','none','[]','2015-04-28 12:40:33','2015-04-28 12:40:33'),(5,1,1,5,'(c)','HH4',0,'same','radio','none','[]','2015-04-28 12:43:18','2015-04-28 12:43:18'),(6,1,1,6,'(d)','HH5',0,'same','radio','none','[]','2015-04-28 12:43:47','2015-04-28 12:43:47'),(7,1,1,7,'(f)','HH6',0,'same','radio','none','[]','2015-04-28 12:44:20','2015-04-28 12:44:20'),(8,1,1,8,'(g)','HH7',0,'same','radio','none','[]','2015-04-28 12:44:41','2015-04-28 12:44:41'),(9,NULL,1,9,'VISITS.','How many visits were made to the household where the interview actually took place?',0,'single','radio','table','{\"1\":{\"text\":\"1\",\"type\":\"radio\",\"value\":\"1\"},\"2\":{\"text\":\"2\",\"type\":\"radio\",\"value\":\"2\"},\"3\":{\"text\":\"3\",\"type\":\"radio\",\"value\":\"3\"},\"-99\":{\"text\":\"No Answer\",\"type\":\"radio\",\"value\":-99}}','2015-04-28 12:48:53','2015-04-28 12:48:53'),(10,NULL,1,10,'DATEINTR.','Date of interview [Interviewer: Enter day, month, and year]',0,'single','date','none','{\"-99\":{\"text\":\"No Answer\",\"type\":\"radio\",\"value\":-99}}','2015-04-28 12:49:49','2015-04-28 12:49:49'),(11,NULL,1,11,'STRTIME.','Time interview started  [Interviewer:  Enter hour and minute, use 24 hr. clock and be exact]',0,'single','time','none','{\"-99\":{\"text\":\"No Answer\",\"type\":\"radio\",\"value\":-99}}','2015-04-28 12:51:06','2015-04-28 12:51:06'),(12,NULL,1,12,'Q1','Are you the head of the household?',0,'single','radio','table','{\"1\":{\"text\":\"Yes\",\"type\":\"radio\",\"value\":\"1\"},\"2\":{\"text\":\"No\",\"type\":\"radio\",\"value\":\"2\"},\"-97\":{\"text\":\"Don\'t Know\",\"type\":\"radio\",\"value\":-8},\"-98\":{\"text\":\"Refuse to Answer\",\"type\":\"radio\",\"value\":-9},\"-99\":{\"text\":\"No Answer\",\"type\":\"radio\",\"value\":-99}}','2015-04-28 12:51:53','2015-04-28 12:59:51'),(13,NULL,1,13,'Q2','Here is a list of groups and organizations; I’d like you to tell me if you have often, sometimes, or never participated in the following types of meetings or activities over the past year. ',0,'main','none','none','{\"1\":{\"text\":\"Often\",\"type\":\"radio\",\"value\":\"1\"},\"2\":{\"text\":\"Sometime\",\"type\":\"radio\",\"value\":\"2\"},\"3\":{\"text\":\"Never\",\"type\":\"radio\",\"value\":\"3\"},\"-97\":{\"text\":\"Don\'t Know\",\"type\":\"radio\",\"value\":-8},\"-98\":{\"text\":\"Refuse to Answer\",\"type\":\"radio\",\"value\":-9},\"-99\":{\"text\":\"No Answer\",\"type\":\"radio\",\"value\":-99}}','2015-04-28 12:54:57','2015-04-28 12:54:57'),(14,13,1,14,'(a)','Cultural Groups',0,'same','none','none','[]','2015-04-28 12:55:19','2015-04-28 12:55:19'),(15,13,1,15,'(b)','Sports Groups',0,'same','none','none','[]','2015-04-28 12:55:53','2015-04-28 12:57:35'),(16,13,1,16,'(c)','Worker Associations',0,'same','none','none','[]','2015-04-28 12:56:36','2015-04-28 12:58:36'),(17,13,1,17,'(d)','Community Development Groups',0,'same','none','none','[]','2015-04-28 13:06:19','2015-04-28 13:06:19'),(18,13,1,18,'(e)','Other Gatherings  (Please indicate what kind of other gatherings they attend: __________________)',1,'same','none','categories','[]','2015-04-28 13:08:39','2015-04-28 14:33:31'),(19,NULL,1,19,'Q3','How interested would you say you are in politics? ',0,'single','radio','table','{\"1\":{\"text\":\"Very interested\",\"type\":\"radio\",\"value\":\"1\"},\"2\":{\"text\":\"Somewhat interested\",\"type\":\"radio\",\"value\":\"2\"},\"3\":{\"text\":\"Not very interested\",\"type\":\"radio\",\"value\":\"3\"},\"4\":{\"text\":\"Not interested at all\",\"type\":\"radio\",\"value\":\"4\"},\"-97\":{\"text\":\"Don\'t Know\",\"type\":\"radio\",\"value\":-8},\"-98\":{\"text\":\"Refuse to Answer\",\"type\":\"radio\",\"value\":-9},\"-99\":{\"text\":\"No Answer\",\"type\":\"radio\",\"value\":-99}}','2015-04-28 13:50:17','2015-04-28 13:50:17'),(20,NULL,1,20,'Q4','In many countries, independent groups observe elections. Have you heard of this?',0,'single','radio','table','{\"1\":{\"text\":\"Yes\",\"type\":\"radio\",\"value\":\"1\"},\"2\":{\"text\":\"No\",\"type\":\"radio\",\"value\":\"2\"},\"-97\":{\"text\":\"Don\'t Know\",\"type\":\"radio\",\"value\":-8},\"-98\":{\"text\":\"Refuse to Answer\",\"type\":\"radio\",\"value\":-9},\"-99\":{\"text\":\"No Answer\",\"type\":\"radio\",\"value\":-99}}','2015-04-28 13:57:08','2015-04-28 13:57:08'),(21,NULL,1,21,'Q5','Sometimes, international groups observe elections. Do you think that the involvement of international observers helps guarantee transparent elections? ',0,'single','radio','table','{\"1\":{\"text\":\"Very Helpful\",\"type\":\"radio\",\"value\":\"1\"},\"2\":{\"text\":\"They can help a little\",\"type\":\"radio\",\"value\":\"2\"},\"3\":{\"text\":\"I doubt they can help\",\"type\":\"radio\",\"value\":\"3\"},\"4\":{\"text\":\"It is of no use at all\",\"type\":\"radio\",\"value\":\"4\"},\"-97\":{\"text\":\"Don\'t Know\",\"type\":\"radio\",\"value\":-8},\"-98\":{\"text\":\"Refuse to Answer\",\"type\":\"radio\",\"value\":-9},\"-99\":{\"text\":\"No Answer\",\"type\":\"radio\",\"value\":-99}}','2015-04-28 13:58:06','2015-04-28 13:58:06'),(22,NULL,1,22,'Q6','Sometimes, national groups observe the elections. Do you think the involvement of national observers helps guarantee transparent elections?',0,'single','radio','table','{\"1\":{\"text\":\"Very Helpful\",\"type\":\"radio\",\"value\":\"1\"},\"2\":{\"text\":\"They can help a little\",\"type\":\"radio\",\"value\":\"2\"},\"3\":{\"text\":\"I doubt they can help\",\"type\":\"radio\",\"value\":\"3\"},\"4\":{\"text\":\"It is of no use at all\",\"type\":\"radio\",\"value\":\"4\"},\"-97\":{\"text\":\"Don\'t Know\",\"type\":\"radio\",\"value\":-8},\"-98\":{\"text\":\"Refuse to Answer\",\"type\":\"radio\",\"value\":-9},\"-99\":{\"text\":\"No Answer\",\"type\":\"radio\",\"value\":-99}}','2015-04-28 13:58:55','2015-04-28 13:58:55'),(23,NULL,1,23,'Q7','On a scale of 1 to 5 where ‘1’ means “not important at all” and ‘5’ means “very important,\" how important are the following things for an election to be run well… ',0,'main','none','table','{\"1\":{\"text\":\"1 Not Important\",\"type\":\"radio\",\"value\":\"1\"},\"2\":{\"text\":\"2\",\"type\":\"radio\",\"value\":\"2\"},\"3\":{\"text\":\"3\",\"type\":\"radio\",\"value\":\"3\"},\"4\":{\"text\":\"4\",\"type\":\"radio\",\"value\":\"4\"},\"5\":{\"text\":\"5 Very Important\",\"type\":\"radio\",\"value\":\"5\"},\"-97\":{\"text\":\"Don\'t Know\",\"type\":\"radio\",\"value\":-8},\"-98\":{\"text\":\"Refuse to Answer\",\"type\":\"radio\",\"value\":-9},\"-99\":{\"text\":\"No Answer\",\"type\":\"radio\",\"value\":-99}}','2015-04-28 13:59:49','2015-04-28 13:59:49'),(24,23,1,24,'(a)','Ballot is secret',0,'same','radio','none','[]','2015-04-28 14:00:15','2015-04-28 14:00:15'),(25,23,1,25,'(b)','Election commission is neutral',0,'same','none','none','[]','2015-04-28 14:16:44','2015-04-28 14:16:44'),(26,23,1,26,'(c)','There is no fraud',0,'same','none','none','[]','2015-04-28 14:17:21','2015-04-28 14:17:21'),(27,23,1,27,'(d)','The votes are counted properly',0,'same','none','none','[]','2015-04-28 14:17:41','2015-04-28 14:17:41'),(28,23,1,28,'(e)','The correct results are announced',0,'same','none','none','[]','2015-04-28 14:18:11','2015-04-28 14:18:11'),(29,23,1,29,'(f)','Every party has an equal chance to campaign',0,'same','none','none','[]','2015-04-28 14:18:30','2015-04-28 14:18:30'),(30,23,1,30,'(g)','Voters are free from intimidation or pressure',0,'same','none','none','[]','2015-04-28 14:18:47','2015-04-28 14:18:47'),(31,NULL,1,31,'Q8','Whose opinion do you think matters most, when it comes to deciding whether elections have been run well?  Please pick up to three.',0,'main','none','validated-table','{\"1\":{\"text\":\"The party I support\",\"type\":\"radio\",\"value\":\"1\"},\"2\":{\"text\":\"Independent election observers\",\"type\":\"radio\",\"value\":\"2\"},\"3\":{\"text\":\"Foreign governments\",\"type\":\"radio\",\"value\":\"3\"},\"4\":{\"text\":\"The Myanmar Government\",\"type\":\"radio\",\"value\":\"4\"},\"5\":{\"text\":\"The Election Commission\",\"type\":\"radio\",\"value\":\"5\"},\"6\":{\"text\":\"The Media\",\"type\":\"radio\",\"value\":\"6\"},\"7\":{\"text\":\"My own opinion\",\"type\":\"radio\",\"value\":\"7\"},\"8\":{\"text\":\"Opinion of the average citizen\",\"type\":\"radio\",\"value\":\"8\"},\"-97\":{\"text\":\"Don\'t Know\",\"type\":\"radio\",\"value\":-8},\"-98\":{\"text\":\"Refuse to Answer\",\"type\":\"radio\",\"value\":-9},\"-99\":{\"text\":\"No Answer\",\"type\":\"radio\",\"value\":-99}}','2015-04-28 14:21:33','2015-04-28 14:21:33'),(32,31,1,32,'(a)','1st Mention',0,'same','none','none','[]','2015-04-28 14:21:50','2015-04-28 14:21:50'),(33,31,1,33,'(b)','2nd Mention',0,'same','none','none','[]','2015-04-28 14:22:23','2015-04-28 14:22:23'),(34,31,1,34,'(c)','3rd  Mention',0,'same','none','none','[]','2015-04-28 14:22:38','2015-04-28 14:22:38'),(35,NULL,1,35,'Q9','Do you plan to vote in the 2015 election? ',0,'single','radio','table','{\"1\":{\"text\":\"Yes, I have\",\"type\":\"radio\",\"value\":\"1\"},\"2\":{\"text\":\"No, I don\'t have\",\"type\":\"radio\",\"value\":\"2\"},\"3\":{\"text\":\"I haven\'t decided\",\"type\":\"radio\",\"value\":\"3\"},\"-97\":{\"text\":\"Don\'t Know\",\"type\":\"radio\",\"value\":-8},\"-98\":{\"text\":\"Refuse to Answer\",\"type\":\"radio\",\"value\":-9},\"-99\":{\"text\":\"No Answer\",\"type\":\"radio\",\"value\":-99}}','2015-04-28 14:31:08','2015-05-15 03:20:10'),(36,NULL,1,36,'Q10','Here are some statements some people make about elections in the country. For each one, can you tell me if you: strongly agree, agree, disagree, or strongly disagree with each statement.',0,'main','none','none','{\"1\":{\"text\":\"Strongly Agree\",\"type\":\"radio\",\"value\":\"1\"},\"2\":{\"text\":\"Agree\",\"type\":\"radio\",\"value\":\"2\"},\"3\":{\"text\":\"Disagree\",\"type\":\"radio\",\"value\":\"3\"},\"4\":{\"text\":\"Strongly disagree\",\"type\":\"radio\",\"value\":\"4\"},\"-97\":{\"text\":\"Don\'t Know\",\"type\":\"radio\",\"value\":-8},\"-98\":{\"text\":\"Refuse to Answer\",\"type\":\"radio\",\"value\":-9},\"-99\":{\"text\":\"No Answer\",\"type\":\"radio\",\"value\":-99}}','2015-04-28 14:35:49','2015-04-28 14:35:49'),(37,36,1,37,'(a)','“Free and fair elections are essential for any democracy”',0,'same','none','none','[]','2015-04-28 14:36:26','2015-04-28 14:36:26'),(38,36,1,38,'(b)','“If there are no elections in 2015, that will fine”',0,'same','none','none','[]','2015-04-28 14:37:27','2015-04-28 14:37:27'),(39,36,1,39,'(c)','“Other forms of political participation are more effective than elections for Myanmar”',0,'same','none','none','[]','2015-04-28 14:37:51','2015-04-28 14:37:51'),(40,36,1,40,'(d)','“The 2015 elections will be free and fair”',0,'same','none','none','[]','2015-04-28 14:38:19','2015-04-28 14:38:19'),(41,36,1,41,'(e)','“Myanmar is ready for elections in 2015”',0,'same','none','none','[]','2015-04-28 14:38:42','2015-04-28 14:38:42'),(42,NULL,1,42,'Q11','I will read two statements about politicians. For each one, please tell me if you: strongly agree, agree, disagree, or strongly disagree with each statement.',0,'main','none','none','{\"1\":{\"text\":\"Strongly Agree\",\"type\":\"radio\",\"value\":\"1\"},\"2\":{\"text\":\"Agree\",\"type\":\"radio\",\"value\":\"2\"},\"3\":{\"text\":\"Disagree\",\"type\":\"radio\",\"value\":\"3\"},\"4\":{\"text\":\"Strongly disagree\",\"type\":\"radio\",\"value\":\"4\"},\"-97\":{\"text\":\"Don\'t Know\",\"type\":\"radio\",\"value\":-8},\"-98\":{\"text\":\"Refuse to Answer\",\"type\":\"radio\",\"value\":-9},\"-99\":{\"text\":\"No Answer\",\"type\":\"radio\",\"value\":-99}}','2015-04-28 14:39:53','2015-04-28 14:39:53'),(43,42,1,43,'(a)','“Politicians are interested in the views of people like me in between elections”',0,'same','none','none','[]','2015-04-28 14:40:18','2015-04-28 14:40:18'),(44,42,1,44,'(b)','“Politicians make promises at election time, but they do not fulfill them afterwards”',0,'same','none','none','[]','2015-04-28 14:40:40','2015-04-28 14:40:40'),(45,NULL,1,45,'Q12','Do you have a job?',0,'single','radio','table','{\"1\":{\"text\":\"Yes\",\"type\":\"radio\",\"value\":\"1\"},\"2\":{\"text\":\"No\",\"type\":\"radio\",\"value\":\"2\"},\"-97\":{\"text\":\"Don\'t Know\",\"type\":\"radio\",\"value\":-8},\"-98\":{\"text\":\"Refuse to Answer\",\"type\":\"radio\",\"value\":-9},\"-99\":{\"text\":\"No Answer\",\"type\":\"radio\",\"value\":-99}}','2015-04-28 14:42:02','2015-04-28 14:42:02'),(46,NULL,1,46,'Q13','What is the highest level of formal education that you have completed? ',0,'single','radio','none','{\"1\":{\"text\":\"No formal schooling \",\"type\":\"radio\",\"value\":\"1\"},\"10\":{\"text\":\"Post-graduate \",\"type\":\"radio\",\"value\":\"10\"},\"2\":{\"text\":\"Informal schooling only (including Koranic schooling) \",\"type\":\"radio\",\"value\":\"2\"},\"3\":{\"text\":\"Some primary schooling \",\"type\":\"radio\",\"value\":\"3\"},\"4\":{\"text\":\"Primary school completed \",\"type\":\"radio\",\"value\":\"4\"},\"5\":{\"text\":\"Some secondary school \\/ high school \",\"type\":\"radio\",\"value\":\"5\"},\"6\":{\"text\":\"Secondary school \\/ high school completed \",\"type\":\"radio\",\"value\":\"6\"},\"7\":{\"text\":\"Post-secondary qualifications, other than university e.g. a diploma or degree from a polytechnic  or college \",\"type\":\"radio\",\"value\":\"7\"},\"8\":{\"text\":\"Some university \",\"type\":\"radio\",\"value\":\"8\"},\"9\":{\"text\":\"University completed \",\"type\":\"radio\",\"value\":\"9\"},\"-97\":{\"text\":\"Don\'t Know\",\"type\":\"radio\",\"value\":-8},\"-98\":{\"text\":\"Refuse to Answer\",\"type\":\"radio\",\"value\":-9},\"-99\":{\"text\":\"No Answer\",\"type\":\"radio\",\"value\":-99}}','2015-04-28 14:43:42','2015-04-28 14:43:42'),(47,NULL,1,47,'Q14','What is your marital status? ',0,'single','radio','table','{\"1\":{\"text\":\"Married\",\"type\":\"radio\",\"value\":\"1\"},\"2\":{\"text\":\"Single\",\"type\":\"radio\",\"value\":\"2\"},\"3\":{\"text\":\"Divorced\",\"type\":\"radio\",\"value\":\"3\"},\"4\":{\"text\":\"Widowed\",\"type\":\"radio\",\"value\":\"4\"},\"-97\":{\"text\":\"Don\'t Know\",\"type\":\"radio\",\"value\":-8},\"-98\":{\"text\":\"Refuse to Answer\",\"type\":\"radio\",\"value\":-9},\"-99\":{\"text\":\"No Answer\",\"type\":\"radio\",\"value\":-99}}','2015-04-28 14:44:35','2015-04-28 14:44:35'),(48,NULL,1,48,'Q15','Here is a list of family monthly income categories. Which categories come closest to representing the total income for your household? ',0,'single','radio','none','{\"1\":{\"text\":\"Under 50,000 Ks\",\"type\":\"radio\",\"value\":\"1\"},\"2\":{\"text\":\"50,000 Ks \\u2013100,000 Ks\",\"type\":\"radio\",\"value\":\"2\"},\"3\":{\"text\":\"100,000 Ks \\u2013 200,000 Ks\",\"type\":\"radio\",\"value\":\"3\"},\"4\":{\"text\":\"200,000 Ks \\u2013 300,000ks\",\"type\":\"radio\",\"value\":\"4\"},\"5\":{\"text\":\"300,000 Ks \\u2013 400,000 Ks\",\"type\":\"radio\",\"value\":\"5\"},\"6\":{\"text\":\"Over 400,000 Ks \",\"type\":\"radio\",\"value\":\"6\"},\"-97\":{\"text\":\"Don\'t Know\",\"type\":\"radio\",\"value\":-8},\"-98\":{\"text\":\"Refuse to Answer\",\"type\":\"radio\",\"value\":-9},\"-99\":{\"text\":\"No Answer\",\"type\":\"radio\",\"value\":-99}}','2015-04-28 14:45:31','2015-04-28 14:45:31'),(49,NULL,1,49,'Q16','In what year were you born?',0,'single','different','table','{\"1\":{\"text\":\"Write in YEAR:\",\"type\":\"year\",\"value\":\"\"},\"-97\":{\"text\":\"Don\'t Know\",\"type\":\"radio\",\"value\":-8},\"-98\":{\"text\":\"Refuse to Answer\",\"type\":\"radio\",\"value\":-9},\"-99\":{\"text\":\"No Answer\",\"type\":\"radio\",\"value\":-99}}','2015-04-28 14:46:20','2015-04-28 14:49:19'),(50,NULL,1,50,'ENDTIME. ','Time interview ended  [Interviewer:  Enter hour and minute, use 24 hr. clock]',0,'single','different','table','{\"1\":{\"text\":\"Interview End Time\",\"type\":\"time\",\"value\":\"\"},\"-99\":{\"text\":\"No Answer\",\"type\":\"radio\",\"value\":-99}}','2015-04-28 15:06:12','2015-04-28 15:11:34'),(51,NULL,1,51,'IQ.17','Were there any other people immediately present who might be listening during the interview?',0,'single','radio','none','{\"1\":{\"text\":\"No One\",\"type\":\"radio\",\"value\":\"1\"},\"2\":{\"text\":\"One or more family members\",\"type\":\"radio\",\"value\":\"2\"},\"3\":{\"text\":\"Someone else (not family member)\",\"type\":\"radio\",\"value\":\"3\"},\"-97\":{\"text\":\"Don\'t Know\",\"type\":\"radio\",\"value\":-8},\"-99\":{\"text\":\"No Answer\",\"type\":\"radio\",\"value\":-99}}','2015-04-28 15:16:17','2015-04-28 15:16:17'),(52,NULL,1,52,'IQ.18','Please complete the following assessment',0,'main','none','table','{\"1\":{\"text\":\"Yes\",\"type\":\"none\",\"value\":\"1\"},\"2\":{\"text\":\"No\",\"type\":\"none\",\"value\":\"2\"},\"-99\":{\"text\":\"No Answer\",\"type\":\"radio\",\"value\":-99}}','2015-04-28 15:19:09','2015-04-28 15:24:53'),(53,52,1,53,'A.','Did the respondent check with others for information to answer any question?',0,'same','none','none','[]','2015-04-28 15:19:38','2015-04-28 15:19:38'),(54,52,1,54,'B.','Do you think anyone influenced the respondent’s answers during the interview?',0,'same','none','none','[]','2015-04-28 15:20:21','2015-04-28 15:20:21'),(55,52,1,55,'C.','Were you approached by community and/or political party representatives?',0,'same','none','none','[]','2015-04-28 15:20:53','2015-04-28 15:20:53'),(56,52,1,56,'D.','Did you feel intimidated during the interview?',0,'same','none','none','[]','2015-04-28 15:21:10','2015-04-28 15:21:10'),(57,52,1,57,'E.','Were you physically threatened during the interview?',0,'same','none','none','[]','2015-04-28 15:21:49','2015-04-28 15:21:49'),(58,52,1,58,'F.','Was the interview interrupted for any reason? (If \'Yes\', answer below)',0,'same','none','none','{\"1\":{\"text\":\"Yes\",\"type\":\"radio\",\"value\":\"1\"},\"2\":{\"text\":\"If \'Yes\', write here\",\"type\":\"text\",\"value\":\"\"},\"3\":{\"text\":\"No\",\"type\":\"radio\",\"value\":\"2\"}}','2015-04-28 15:23:18','2015-04-28 15:58:21'),(103,52,1,59,'F.(a)',' [INTERVIEWER! IF YES, PLEASE WRITE THE QUESTION NUMBER WHERE    YOU WERE INTERUPTED AND AVERAGE TIME THE INTERUPTION LASTED]',1,'sub','different','none','{\"1\":{\"text\":\"If \'Yes\', answer here.\",\"type\":\"text\",\"value\":\"Write Question Number\"},\"-99\":{\"text\":\"No Answer\",\"type\":\"radio\",\"value\":-99}}','2015-04-28 15:59:10','2015-04-28 16:19:24'),(126,NULL,1,60,'IQ.19','What is your mobile phone number?',0,'single','different','table','{\"1\":{\"text\":\"Write in Mobile Number\",\"type\":\"text\",\"value\":\"\"},\"2\":{\"text\":\"I don\\u2019t have a mobile phone\",\"type\":\"radio\",\"value\":\"2\"},\"-99\":{\"text\":\"No Answer\",\"type\":\"radio\",\"value\":-99}}','2015-04-28 16:32:05','2015-04-28 16:32:51'),(127,NULL,1,61,'IQ.20','Are you using the above phone number today?',0,'single','different','table','{\"1\":{\"text\":\"Yes, I use\",\"type\":\"radio\",\"value\":\"1\"},\"2\":{\"text\":\"No, I am using another number. \",\"type\":\"text\",\"value\":\"Write in number\"},\"3\":{\"text\":\"I don\\u2019t have a mobile phone\",\"type\":\"radio\",\"value\":\"3\"},\"-99\":{\"text\":\"No Answer\",\"type\":\"radio\",\"value\":-99}}','2015-04-28 16:36:00','2015-05-15 03:26:57'),(128,NULL,1,62,'IQ.21','Look at your mobile phone to check how strong the signal is. How many signal “bars” do you have?',0,'single','radio','none','{\"1\":{\"text\":\"Many (four or five bars)\",\"type\":\"radio\",\"value\":\"1\"},\"2\":{\"text\":\"Some (three or two bars)\",\"type\":\"radio\",\"value\":\"2\"},\"3\":{\"text\":\"Few or none (one or zero)\",\"type\":\"radio\",\"value\":\"3\"},\"4\":{\"text\":\"I didn\\u2019t bring my cell phone\\/it is power off\",\"type\":\"radio\",\"value\":\"4\"},\"5\":{\"text\":\"I don\\u2019t have a cell phone  \",\"type\":\"radio\",\"value\":\"5\"},\"-99\":{\"text\":\"No Answer\",\"type\":\"radio\",\"value\":-99}}','2015-04-28 16:46:23','2015-04-28 16:46:23'),(129,NULL,1,63,'IQ.22','What kind of road or path did you need to use to reach the location of the interview?',0,'single','radio','none','{\"1\":{\"text\":\"Paved road\",\"type\":\"radio\",\"value\":\"1\"},\"2\":{\"text\":\"Gravel\\/Dirt road\",\"type\":\"radio\",\"value\":\"2\"},\"3\":{\"text\":\"Foot path\\/no road\",\"type\":\"radio\",\"value\":\"3\"},\"-99\":{\"text\":\"No Answer\",\"type\":\"radio\",\"value\":-99}}','2015-04-28 16:47:07','2015-04-28 16:47:07'),(130,NULL,1,64,'IQ.23','Did you encounter any security-related problems in finding the location (e.g., animals, violence or any rioting)?',0,'single','different','table','{\"1\":{\"text\":\"Yes, I encounter\",\"type\":\"radio\",\"value\":\"1\"},\"2\":{\"text\":\"No, I don\'t encounter\",\"type\":\"radio\",\"value\":\"2\"},\"3\":{\"text\":\"[If Yes, please explain :]\",\"type\":\"text\",\"value\":\"\"},\"-99\":{\"text\":\"No Answer\",\"type\":\"radio\",\"value\":-99}}','2015-04-28 16:48:18','2015-05-15 03:34:10'),(131,NULL,2,1,'IQ1','Was the starting point selected according to the procedure described in your manual?',0,'single','different','table','{\"1\":{\"text\":\"Yes\",\"type\":\"radio\",\"value\":\"1\"},\"2\":{\"text\":\"No\",\"type\":\"radio\",\"value\":\"2\"},\"3\":{\"text\":\"If no, please explain\",\"type\":\"text\",\"value\":\"\"},\"-99\":{\"text\":\"No Answer\",\"type\":\"radio\",\"value\":-99}}','2015-04-29 00:50:04','2015-04-29 01:35:13'),(132,NULL,2,2,'IQ2','Answers questions below. ',0,'main','none','none','[]','2015-04-29 02:25:15','2015-04-29 03:08:43'),(133,132,2,3,'A.','What was the interval (count number) of the household from the starting point?',0,'sub','text','none','{\"1\":{\"text\":\"Interval Count\",\"type\":\"text\",\"value\":\"\"}}','2015-04-29 02:26:09','2015-04-29 03:04:33'),(134,132,2,4,'B.','Does this interval match the number recorded by the enumerator (see “I” above)?',0,'sub','different','none','{\"1\":{\"text\":\"Yes\",\"type\":\"radio\",\"value\":\"1\"},\"2\":{\"text\":\"No\",\"type\":\"radio\",\"value\":\"2\"},\"3\":{\"text\":\"If no, please explain\",\"type\":\"text\",\"value\":\"\"},\"-99\":{\"text\":\"No Answer\",\"type\":\"radio\",\"value\":-99}}','2015-04-29 03:26:34','2015-04-29 03:26:34'),(135,NULL,2,3,'IQ3','According to your assessment, was the household selected according to the exact procedures described in the manual?',0,'single','different','table','{\"1\":{\"text\":\"Yes\",\"type\":\"radio\",\"value\":\"1\"},\"2\":{\"text\":\"No\",\"type\":\"radio\",\"value\":\"2\"},\"3\":{\"text\":\"If no, please explain\",\"type\":\"different\",\"value\":\"\"},\"4\":{\"text\":\"Cannot Determine\",\"type\":\"radio\",\"value\":\"3\"},\"5\":{\"text\":\"Explain:\",\"type\":\"different\",\"value\":\"\"},\"-99\":{\"text\":\"No Answer\",\"type\":\"radio\",\"value\":-99}}','2015-04-29 03:57:12','2015-05-10 20:06:47'),(136,NULL,2,4,'Household Visits','Household Visits',0,'main','none','table-column','{\"1\":{\"text\":\"Completed interview\",\"type\":\"radio\",\"value\":\"1\"},\"10\":{\"text\":\"Not applicable\",\"type\":\"radio\",\"value\":\"89\"},\"2\":{\"text\":\"Refused to be interviewed\",\"type\":\"radio\",\"value\":\"2\"},\"3\":{\"text\":\"Person selected was never at home\",\"type\":\"radio\",\"value\":\"3\"},\"4\":{\"text\":\"Household\\/premises empty\",\"type\":\"radio\",\"value\":\"4\"},\"5\":{\"text\":\"Not a citizen\\/spoke only a foreign language\",\"type\":\"radio\",\"value\":\"5\"},\"6\":{\"text\":\"Deaf\\/did not speak a survey language\",\"type\":\"radio\",\"value\":\"6\"},\"7\":{\"text\":\"No adults in household\",\"type\":\"radio\",\"value\":\"7\"},\"8\":{\"text\":\"Other (specify below)\",\"type\":\"radio\",\"value\":\"8\"},\"9\":{\"text\":\"Specify:\",\"type\":\"text\",\"value\":\"\"},\"-99\":{\"text\":\"No Answer\",\"type\":\"radio\",\"value\":-99}}','2015-04-29 04:00:48','2015-05-10 20:06:47'),(137,136,2,7,'(1)','Visit 1',0,'same','none','none','[]','2015-04-29 04:01:15','2015-04-29 04:01:15'),(138,136,2,8,'(2)','Visit 2',0,'same','none','none','[]','2015-04-29 04:01:36','2015-04-29 04:01:36'),(139,NULL,2,5,'Q1','Do you know whether your household was included in the PACE survey on May 13/14? [Interviewer: Do not read choices. Circle correct response number]',0,'single','radio','none','{\"1\":{\"text\":\"Yes\",\"type\":\"radio\",\"value\":\"1\"},\"2\":{\"text\":\"No\",\"type\":\"radio\",\"value\":\"2\"},\"3\":{\"text\":\"Don\'t know\",\"type\":\"radio\",\"value\":\"3\"},\"-99\":{\"text\":\"No Answer\",\"type\":\"radio\",\"value\":-99}}','2015-04-29 04:03:51','2015-05-10 20:06:47'),(140,NULL,2,6,'Q2','Were you present at the previous PACE interview? ',0,'single','radio','none','{\"1\":{\"text\":\"Yes\",\"type\":\"radio\",\"value\":\"1\"},\"2\":{\"text\":\"No\",\"type\":\"radio\",\"value\":\"2\"},\"-99\":{\"text\":\"No Answer\",\"type\":\"radio\",\"value\":-99}}','2015-04-29 04:04:29','2015-05-10 20:06:47'),(141,NULL,2,7,'Q3','Were you the respondent for the previous PACE interview? ',0,'single','radio','none','{\"1\":{\"text\":\"Yes\",\"type\":\"radio\",\"value\":\"1\"},\"2\":{\"text\":\"No\",\"type\":\"radio\",\"value\":\"2\"},\"-99\":{\"text\":\"No Answer\",\"type\":\"radio\",\"value\":-99}}','2015-04-29 04:05:05','2015-05-10 20:06:47'),(142,NULL,2,8,'Q4','Is the respondent who PACE’s enumerator interviewed presently available?',0,'single','radio','none','{\"1\":{\"text\":\"Yes\",\"type\":\"radio\",\"value\":\"1\"},\"2\":{\"text\":\"No\",\"type\":\"radio\",\"value\":\"2\"},\"-99\":{\"text\":\"No Answer\",\"type\":\"radio\",\"value\":-99}}','2015-04-29 04:05:54','2015-05-10 20:06:47'),(143,NULL,2,9,'Q5','Name of the respondent we interviewed last time',0,'single','different','table','{\"1\":{\"text\":\"Name\",\"type\":\"text\",\"value\":\"\"},\"-99\":{\"text\":\"No Answer\",\"type\":\"radio\",\"value\":-99}}','2015-04-29 04:06:54','2015-05-10 20:21:42'),(144,NULL,2,10,'Q6','May I please interview [insert name] _______________ now?',0,'single','different','table','{\"1\":{\"text\":\"Insert Name\",\"type\":\"text\",\"value\":\"\"},\"2\":{\"text\":\"Yes\",\"type\":\"radio\",\"value\":\"\"},\"3\":{\"text\":\"No\",\"type\":\"radio\",\"value\":\"\"},\"-99\":{\"text\":\"No Answer\",\"type\":\"radio\",\"value\":-99}}','2015-04-29 04:08:25','2015-05-10 20:21:42'),(145,NULL,2,12,'Q8','How were you selected as the respondent from your household?  [Interviewer: Do not read choices. Circle correct response number]',0,'single','different','none','{\"1\":{\"text\":\"My name was chosen randomly using a numbered card after the enumerator asking the list of all adults in the household\",\"type\":\"radio\",\"value\":\"1\"},\"10\":{\"text\":\"Specify here\",\"type\":\"text\",\"value\":\"\"},\"2\":{\"text\":\"I was the one that met the interviewer in the first place\",\"type\":\"radio\",\"value\":\"2\"},\"3\":{\"text\":\"I was the only one that was available at that time\",\"type\":\"radio\",\"value\":\"3\"},\"4\":{\"text\":\"I\\u2019m the head of household\",\"type\":\"radio\",\"value\":\"4\"},\"5\":{\"text\":\"I\\u2019m the only male\\/ female in the household\",\"type\":\"radio\",\"value\":\"5\"},\"6\":{\"text\":\"I\\u2019m pretty\\/ handsome\\/ attractive\",\"type\":\"radio\",\"value\":\"6\"},\"7\":{\"text\":\"I\\u2019m the oldest\\/ youngest in the household\",\"type\":\"radio\",\"value\":\"7\"},\"8\":{\"text\":\"My name was chosen, but I don\\u2019t know how\",\"type\":\"radio\",\"value\":\"8\"},\"9\":{\"text\":\"Others [specify] _________\",\"type\":\"radio\",\"value\":\"9\"},\"-97\":{\"text\":\"Don\'t Know\",\"type\":\"radio\",\"value\":-8},\"-98\":{\"text\":\"Refuse to Answer\",\"type\":\"radio\",\"value\":-9},\"-99\":{\"text\":\"No Answer\",\"type\":\"radio\",\"value\":-99}}','2015-04-29 04:11:24','2015-05-10 20:06:47'),(146,NULL,2,13,'Q9','Were you made aware (or informed) by any means that PACE quality control staff would be coming to your house to do quality check?',0,'single','radio','none','{\"1\":{\"text\":\"Yes\",\"type\":\"radio\",\"value\":\"\"},\"2\":{\"text\":\"No\",\"type\":\"radio\",\"value\":\"\"},\"-98\":{\"text\":\"Refuse to Answer\",\"type\":\"radio\",\"value\":-9},\"-99\":{\"text\":\"No Answer\",\"type\":\"radio\",\"value\":-99}}','2015-04-29 04:13:52','2015-05-10 20:38:21'),(147,19,2,14,'Q10','Section/ Question',0,'spotchecker','none','none','[]','2015-04-29 05:40:19','2015-05-10 20:21:53'),(148,22,2,15,'Q11','Section/ Question',0,'spotchecker','none','none','[]','2015-04-29 06:25:08','2015-05-10 20:21:55'),(149,35,2,16,'Q12','Section/ Question',0,'spotchecker','none','none','[]','2015-04-29 06:25:45','2015-05-10 20:21:57'),(150,40,2,17,'Q13','Section/ Question',0,'spotchecker','none','none','[]','2015-04-29 06:26:44','2015-05-10 20:22:00'),(151,44,2,18,'Q14','Section/ Question',0,'spotchecker','none','none','[]','2015-04-29 07:44:12','2015-05-10 20:22:02'),(152,NULL,2,19,'Q15','In your opinion, did the enumerator display any bias or preference to any political party during the interview?',0,'single','different','table','{\"1\":{\"text\":\"Yes\",\"type\":\"radio\",\"value\":\"1\"},\"2\":{\"text\":\"If \'Yes\', explain\",\"type\":\"text\",\"value\":\"\"},\"3\":{\"text\":\"No\",\"type\":\"radio\",\"value\":\"2\"},\"-99\":{\"text\":\"No Answer\",\"type\":\"radio\",\"value\":-99}}','2015-04-29 07:45:28','2015-05-10 20:22:02'),(153,NULL,2,20,'Q16','Did you feel threatened during and/ or after the interview? ',0,'single','different','table','{\"1\":{\"text\":\"Yes\",\"type\":\"radio\",\"value\":\"1\"},\"2\":{\"text\":\"If \'Yes\', explain\",\"type\":\"text\",\"value\":\"\"},\"3\":{\"text\":\"No\",\"type\":\"radio\",\"value\":\"2\"},\"-99\":{\"text\":\"No Answer\",\"type\":\"radio\",\"value\":-99}}','2015-04-29 07:50:09','2015-05-10 20:22:02'),(154,NULL,2,21,'Q17','Do you have any other comments on the interview? For an example, did anything else significant happen during or after the interview?  ',0,'single','different','table','{\"1\":{\"text\":\"Yes\",\"type\":\"radio\",\"value\":\"1\"},\"2\":{\"text\":\"If \'Yes\', explain\",\"type\":\"text\",\"value\":\"\"},\"3\":{\"text\":\"No\",\"type\":\"radio\",\"value\":\"2\"},\"-99\":{\"text\":\"No Answer\",\"type\":\"radio\",\"value\":-99}}','2015-04-29 07:51:14','2015-05-10 20:22:02'),(155,NULL,1,65,'1. ENUMERATOR','Do you have any other comments on the interview?  For example, did anything else significant happen during the interview?',0,'single','different','none','{\"1\":{\"text\":\"No comment\",\"type\":\"radio\",\"value\":\"0\"},\"2\":{\"text\":\"Yes, I have comment\",\"type\":\"radio\",\"value\":\"1\"},\"3\":{\"text\":\"Explain:\",\"type\":\"text\",\"value\":\"\"},\"-99\":{\"text\":\"No Answer\",\"type\":\"radio\",\"value\":-99}}','2015-05-06 17:50:54','2015-05-15 03:37:52'),(156,NULL,1,66,'2. SUPERVISOR','Do you have any other comments on the interview?  For example, did anything else significant happen during the interview?',0,'single','different','none','{\"1\":{\"text\":\"No comment\",\"type\":\"radio\",\"value\":\"0\"},\"2\":{\"text\":\"Yes, I have comment\",\"type\":\"radio\",\"value\":\"1\"},\"3\":{\"text\":\"Explain:\",\"type\":\"text\",\"value\":\"\"},\"-99\":{\"text\":\"No Answer\",\"type\":\"radio\",\"value\":-99}}','2015-05-06 17:52:33','2015-05-15 03:41:21'),(157,NULL,1,67,'3. SUPERVISOR:  ','Did you back-check this interview?  ',0,'single','different','none','{\"1\":{\"text\":\"No, not checked\",\"type\":\"radio\",\"value\":\"0\"},\"2\":{\"text\":\"Yes, checked\",\"type\":\"radio\",\"value\":\"1\"},\"3\":{\"text\":\"[What method did you use and what did you find out?]\",\"type\":\"text\",\"value\":\"\"},\"-99\":{\"text\":\"No Answer\",\"type\":\"radio\",\"value\":-99}}','2015-05-06 17:53:41','2015-05-15 03:38:15'),(158,NULL,2,11,'Q7','What is the main reason that the respondent to the PACE survey interview is not available?',0,'single','different','none','{\"1\":{\"text\":\"He\\/She is away from the household presently\",\"type\":\"radio\",\"value\":\"1\"},\"2\":{\"text\":\"He\\/She is at work\",\"type\":\"radio\",\"value\":\"2\"},\"3\":{\"text\":\"He\\/She is ill and cannot respond\",\"type\":\"radio\",\"value\":\"3\"},\"4\":{\"text\":\"Others\",\"type\":\"radio\",\"value\":\"4\"},\"5\":{\"text\":\"[specify]\",\"type\":\"text\",\"value\":\"\"},\"-98\":{\"text\":\"Refuse to Answer\",\"type\":\"radio\",\"value\":-9},\"-99\":{\"text\":\"No Answer\",\"type\":\"radio\",\"value\":-99}}','2015-05-10 20:06:16','2015-05-10 20:27:48');
/*!40000 ALTER TABLE `ems_ems_form_questions` ENABLE KEYS */;
UNLOCK TABLES;

--
-- Table structure for table `ems_ems_forms`
--

DROP TABLE IF EXISTS `ems_ems_forms`;
/*!40101 SET @saved_cs_client     = @@character_set_client */;
/*!40101 SET character_set_client = utf8 */;
CREATE TABLE `ems_ems_forms` (
  `id` int(10) unsigned NOT NULL AUTO_INCREMENT,
  `name` varchar(255) COLLATE utf8_unicode_ci NOT NULL,
  `type` varchar(255) COLLATE utf8_unicode_ci NOT NULL,
  `pgroup_id` int(10) unsigned NOT NULL,
  `enu_form_id` int(10) unsigned DEFAULT NULL,
  `q_prefix` varchar(255) COLLATE utf8_unicode_ci NOT NULL,
  `no_of_answers` int(11) NOT NULL,
  `descriptions` varchar(255) COLLATE utf8_unicode_ci NOT NULL,
  `start_date` date NOT NULL,
  `end_date` date NOT NULL,
  `created_at` timestamp NOT NULL DEFAULT '0000-00-00 00:00:00',
  `updated_at` timestamp NOT NULL DEFAULT '0000-00-00 00:00:00',
  PRIMARY KEY (`id`),
  UNIQUE KEY `ems_forms_name_unique` (`name`),
  KEY `ems_forms_pgroup_id_index` (`pgroup_id`),
  KEY `ems_forms_enu_form_id_index` (`enu_form_id`),
  CONSTRAINT `ems_forms_enu_form_id_foreign` FOREIGN KEY (`enu_form_id`) REFERENCES `ems_ems_forms` (`id`) ON DELETE CASCADE,
  CONSTRAINT `ems_forms_pgroup_id_foreign` FOREIGN KEY (`pgroup_id`) REFERENCES `ems_p_groups` (`id`) ON DELETE CASCADE
) ENGINE=InnoDB AUTO_INCREMENT=3 DEFAULT CHARSET=utf8 COLLATE=utf8_unicode_ci;
/*!40101 SET character_set_client = @saved_cs_client */;

--
-- Dumping data for table `ems_ems_forms`
--

LOCK TABLES `ems_ems_forms` WRITE;
/*!40000 ALTER TABLE `ems_ems_forms` DISABLE KEYS */;
INSERT INTO `ems_ems_forms` VALUES (1,'Survey Form','enumerator',1,NULL,'',12,'Survey Form 2015','2015-05-05','2015-05-08','2015-04-27 02:11:17','2015-04-28 12:32:02'),(2,'Spot Checker Form','spotchecker',1,1,'',12,'Spotchecker Survey Form 2015','2015-05-04','2015-05-08','2015-04-29 00:47:37','2015-04-29 00:47:37');
/*!40000 ALTER TABLE `ems_ems_forms` ENABLE KEYS */;
UNLOCK TABLES;

--
-- Table structure for table `ems_ems_questions_answers`
--

DROP TABLE IF EXISTS `ems_ems_questions_answers`;
/*!40101 SET @saved_cs_client     = @@character_set_client */;
/*!40101 SET character_set_client = utf8 */;
CREATE TABLE `ems_ems_questions_answers` (
  `id` int(10) unsigned NOT NULL AUTO_INCREMENT,
  `form_id` int(10) unsigned DEFAULT NULL,
  `interviewer_id` int(10) unsigned DEFAULT NULL,
  `user_id` int(10) unsigned DEFAULT NULL,
  `interviewee_id` int(10) unsigned DEFAULT NULL,
  `interviewee_gender` enum('0','M','F','U') COLLATE utf8_unicode_ci NOT NULL,
  `interviewee_age` int(11) NOT NULL,
  `form_complete` tinyint(1) NOT NULL,
  `notes` text COLLATE utf8_unicode_ci NOT NULL,
  `psu` int(11) NOT NULL,
  `answers` text COLLATE utf8_unicode_ci NOT NULL,
  `created_at` timestamp NOT NULL DEFAULT '0000-00-00 00:00:00',
  `updated_at` timestamp NOT NULL DEFAULT '0000-00-00 00:00:00',
  PRIMARY KEY (`id`),
  UNIQUE KEY `ems_questions_answers_interviewee_id_unique` (`interviewee_id`),
  KEY `ems_questions_answers_form_id_foreign` (`form_id`),
  KEY `ems_questions_answers_user_id_foreign` (`user_id`),
  KEY `ems_questions_answers_interviewer_id_foreign` (`interviewer_id`),
  CONSTRAINT `ems_questions_answers_form_id_foreign` FOREIGN KEY (`form_id`) REFERENCES `ems_ems_forms` (`id`) ON DELETE CASCADE,
  CONSTRAINT `ems_questions_answers_interviewer_id_foreign` FOREIGN KEY (`interviewer_id`) REFERENCES `ems_participants` (`participant_id`) ON DELETE SET NULL,
  CONSTRAINT `ems_questions_answers_user_id_foreign` FOREIGN KEY (`user_id`) REFERENCES `ems_users` (`id`) ON DELETE SET NULL
) ENGINE=InnoDB DEFAULT CHARSET=utf8 COLLATE=utf8_unicode_ci;
/*!40101 SET character_set_client = @saved_cs_client */;

--
-- Dumping data for table `ems_ems_questions_answers`
--

LOCK TABLES `ems_ems_questions_answers` WRITE;
/*!40000 ALTER TABLE `ems_ems_questions_answers` DISABLE KEYS */;
/*!40000 ALTER TABLE `ems_ems_questions_answers` ENABLE KEYS */;
UNLOCK TABLES;

--
-- Table structure for table `ems_enumerators_villages`
--

DROP TABLE IF EXISTS `ems_enumerators_villages`;
/*!40101 SET @saved_cs_client     = @@character_set_client */;
/*!40101 SET character_set_client = utf8 */;
CREATE TABLE `ems_enumerators_villages` (
  `id` int(10) unsigned NOT NULL AUTO_INCREMENT,
  `villages_id` int(10) unsigned NOT NULL,
  `enumerators_id` int(10) unsigned NOT NULL,
  `created_at` timestamp NOT NULL DEFAULT '0000-00-00 00:00:00',
  `updated_at` timestamp NOT NULL DEFAULT '0000-00-00 00:00:00',
  PRIMARY KEY (`id`),
  KEY `enumerators_villages_villages_id_index` (`villages_id`),
  KEY `enumerators_villages_enumerators_id_index` (`enumerators_id`),
  CONSTRAINT `enumerators_villages_enumerators_id_foreign` FOREIGN KEY (`enumerators_id`) REFERENCES `ems_participants` (`id`) ON DELETE CASCADE,
  CONSTRAINT `enumerators_villages_villages_id_foreign` FOREIGN KEY (`villages_id`) REFERENCES `ems_villages` (`id`) ON DELETE CASCADE
) ENGINE=InnoDB AUTO_INCREMENT=482 DEFAULT CHARSET=utf8 COLLATE=utf8_unicode_ci;
/*!40101 SET character_set_client = @saved_cs_client */;

--
-- Dumping data for table `ems_enumerators_villages`
--

LOCK TABLES `ems_enumerators_villages` WRITE;
/*!40000 ALTER TABLE `ems_enumerators_villages` DISABLE KEYS */;
INSERT INTO `ems_enumerators_villages` VALUES (1,1,68,'2015-04-27 03:02:50','2015-04-27 03:02:50'),(2,2,69,'2015-04-27 03:02:51','2015-04-27 03:02:51'),(3,3,70,'2015-04-27 03:02:51','2015-04-27 03:02:51'),(4,4,71,'2015-04-27 03:02:51','2015-04-27 03:02:51'),(5,5,72,'2015-04-27 03:02:51','2015-04-27 03:02:51'),(6,6,73,'2015-04-27 03:02:52','2015-04-27 03:02:52'),(7,7,74,'2015-04-27 03:02:52','2015-04-27 03:02:52'),(8,8,75,'2015-04-27 03:02:52','2015-04-27 03:02:52'),(9,9,76,'2015-04-27 03:02:52','2015-04-27 03:02:52'),(10,10,77,'2015-04-27 03:02:53','2015-04-27 03:02:53'),(11,11,78,'2015-04-27 03:02:53','2015-04-27 03:02:53'),(12,12,79,'2015-04-27 03:02:53','2015-04-27 03:02:53'),(13,13,80,'2015-04-27 03:02:53','2015-04-27 03:02:53'),(14,14,81,'2015-04-27 03:02:53','2015-04-27 03:02:53'),(15,15,82,'2015-04-27 03:02:54','2015-04-27 03:02:54'),(16,16,83,'2015-04-27 03:02:54','2015-04-27 03:02:54'),(17,17,84,'2015-04-27 03:02:54','2015-04-27 03:02:54'),(18,18,85,'2015-04-27 03:02:54','2015-04-27 03:02:54'),(19,19,86,'2015-04-27 03:02:55','2015-04-27 03:02:55'),(20,20,87,'2015-04-27 03:02:55','2015-04-27 03:02:55'),(21,21,88,'2015-04-27 03:02:55','2015-04-27 03:02:55'),(22,22,89,'2015-04-27 03:02:55','2015-04-27 03:02:55'),(23,23,90,'2015-04-27 03:02:55','2015-04-27 03:02:55'),(24,24,91,'2015-04-27 03:02:56','2015-04-27 03:02:56'),(25,25,92,'2015-04-27 03:02:56','2015-04-27 03:02:56'),(26,26,93,'2015-04-27 03:02:56','2015-04-27 03:02:56'),(27,27,94,'2015-04-27 03:02:57','2015-04-27 03:02:57'),(28,28,95,'2015-04-27 03:02:57','2015-04-27 03:02:57'),(29,29,96,'2015-04-27 03:02:57','2015-04-27 03:02:57'),(30,30,97,'2015-04-27 03:02:58','2015-04-27 03:02:58'),(31,31,98,'2015-04-27 03:02:58','2015-04-27 03:02:58'),(32,32,99,'2015-04-27 03:02:58','2015-04-27 03:02:58'),(33,33,100,'2015-04-27 03:02:58','2015-04-27 03:02:58'),(34,34,101,'2015-04-27 03:02:59','2015-04-27 03:02:59'),(35,35,102,'2015-04-27 03:02:59','2015-04-27 03:02:59'),(36,36,103,'2015-04-27 03:02:59','2015-04-27 03:02:59'),(37,37,104,'2015-04-27 03:02:59','2015-04-27 03:02:59'),(38,38,105,'2015-04-27 03:03:00','2015-04-27 03:03:00'),(39,39,106,'2015-04-27 03:03:00','2015-04-27 03:03:00'),(40,40,107,'2015-04-27 03:03:00','2015-04-27 03:03:00'),(41,41,108,'2015-04-27 03:03:00','2015-04-27 03:03:00'),(42,42,109,'2015-04-27 03:03:01','2015-04-27 03:03:01'),(43,43,110,'2015-04-27 03:03:01','2015-04-27 03:03:01'),(44,44,111,'2015-04-27 03:03:01','2015-04-27 03:03:01'),(45,45,112,'2015-04-27 03:03:01','2015-04-27 03:03:01'),(46,46,113,'2015-04-27 03:03:02','2015-04-27 03:03:02'),(47,47,114,'2015-04-27 03:03:02','2015-04-27 03:03:02'),(48,48,115,'2015-04-27 03:03:02','2015-04-27 03:03:02'),(49,49,116,'2015-04-27 03:03:02','2015-04-27 03:03:02'),(50,50,117,'2015-04-27 03:03:03','2015-04-27 03:03:03'),(51,51,118,'2015-04-27 03:03:03','2015-04-27 03:03:03'),(52,52,119,'2015-04-27 03:03:03','2015-04-27 03:03:03'),(53,53,120,'2015-04-27 03:03:03','2015-04-27 03:03:03'),(54,54,121,'2015-04-27 03:03:03','2015-04-27 03:03:03'),(55,55,122,'2015-04-27 03:03:04','2015-04-27 03:03:04'),(56,56,123,'2015-04-27 03:03:04','2015-04-27 03:03:04'),(57,57,124,'2015-04-27 03:03:04','2015-04-27 03:03:04'),(58,58,125,'2015-04-27 03:03:05','2015-04-27 03:03:05'),(59,59,126,'2015-04-27 03:03:05','2015-04-27 03:03:05'),(60,60,127,'2015-04-27 03:03:05','2015-04-27 03:03:05'),(61,61,128,'2015-04-27 03:03:05','2015-04-27 03:03:05'),(62,62,129,'2015-04-27 03:03:06','2015-04-27 03:03:06'),(63,63,130,'2015-04-27 03:03:06','2015-04-27 03:03:06'),(64,64,131,'2015-04-27 03:03:06','2015-04-27 03:03:06'),(65,65,132,'2015-04-27 03:03:07','2015-04-27 03:03:07'),(66,66,133,'2015-04-27 03:03:07','2015-04-27 03:03:07'),(67,67,134,'2015-04-27 03:03:07','2015-04-27 03:03:07'),(68,68,135,'2015-04-27 03:03:07','2015-04-27 03:03:07'),(69,69,136,'2015-04-27 03:03:08','2015-04-27 03:03:08'),(70,70,137,'2015-04-27 03:03:08','2015-04-27 03:03:08'),(71,71,138,'2015-04-27 03:03:08','2015-04-27 03:03:08'),(72,72,139,'2015-04-27 03:03:08','2015-04-27 03:03:08'),(73,73,140,'2015-04-27 03:03:09','2015-04-27 03:03:09'),(74,74,141,'2015-04-27 03:03:09','2015-04-27 03:03:09'),(75,75,142,'2015-04-27 03:03:09','2015-04-27 03:03:09'),(76,76,143,'2015-04-27 03:03:10','2015-04-27 03:03:10'),(77,77,144,'2015-04-27 03:03:10','2015-04-27 03:03:10'),(78,78,145,'2015-04-27 03:03:11','2015-04-27 03:03:11'),(79,79,146,'2015-04-27 03:03:11','2015-04-27 03:03:11'),(80,80,147,'2015-04-27 03:03:12','2015-04-27 03:03:12'),(81,81,148,'2015-04-27 03:03:12','2015-04-27 03:03:12'),(82,82,149,'2015-04-27 03:03:13','2015-04-27 03:03:13'),(83,83,150,'2015-04-27 03:03:13','2015-04-27 03:03:13'),(84,84,151,'2015-04-27 03:03:14','2015-04-27 03:03:14'),(85,85,152,'2015-04-27 03:03:14','2015-04-27 03:03:14'),(86,86,153,'2015-04-27 03:03:14','2015-04-27 03:03:14'),(87,87,154,'2015-04-27 03:03:15','2015-04-27 03:03:15'),(88,88,155,'2015-04-27 03:03:15','2015-04-27 03:03:15'),(89,89,156,'2015-04-27 03:03:16','2015-04-27 03:03:16'),(90,90,157,'2015-04-27 03:03:16','2015-04-27 03:03:16'),(91,91,158,'2015-04-27 03:03:17','2015-04-27 03:03:17'),(92,92,159,'2015-04-27 03:03:17','2015-04-27 03:03:17'),(93,93,160,'2015-04-27 03:03:18','2015-04-27 03:03:18'),(94,94,161,'2015-04-27 03:03:18','2015-04-27 03:03:18'),(95,95,162,'2015-04-27 03:03:19','2015-04-27 03:03:19'),(96,96,163,'2015-04-27 03:03:19','2015-04-27 03:03:19'),(97,97,164,'2015-04-27 03:03:20','2015-04-27 03:03:20'),(98,98,165,'2015-04-27 03:03:20','2015-04-27 03:03:20'),(99,99,166,'2015-04-27 03:03:21','2015-04-27 03:03:21'),(100,100,167,'2015-04-27 03:03:22','2015-04-27 03:03:22'),(101,101,168,'2015-04-27 03:03:22','2015-04-27 03:03:22'),(102,102,169,'2015-04-27 03:03:23','2015-04-27 03:03:23'),(103,103,170,'2015-04-27 03:03:23','2015-04-27 03:03:23'),(104,104,171,'2015-04-27 03:03:23','2015-04-27 03:03:23'),(105,105,172,'2015-04-27 03:03:23','2015-04-27 03:03:23'),(106,106,173,'2015-04-27 03:03:24','2015-04-27 03:03:24'),(107,107,174,'2015-04-27 03:03:24','2015-04-27 03:03:24'),(108,108,175,'2015-04-27 03:03:24','2015-04-27 03:03:24'),(109,109,176,'2015-04-27 03:03:24','2015-04-27 03:03:24'),(110,110,177,'2015-04-27 03:03:25','2015-04-27 03:03:25'),(111,111,178,'2015-04-27 03:03:25','2015-04-27 03:03:25'),(112,112,179,'2015-04-27 03:03:25','2015-04-27 03:03:25'),(113,113,180,'2015-04-27 03:03:25','2015-04-27 03:03:25'),(114,114,181,'2015-04-27 03:03:26','2015-04-27 03:03:26'),(115,115,182,'2015-04-27 03:03:26','2015-04-27 03:03:26'),(116,116,183,'2015-04-27 03:03:26','2015-04-27 03:03:26'),(117,117,184,'2015-04-27 03:03:27','2015-04-27 03:03:27'),(118,118,185,'2015-04-27 03:03:27','2015-04-27 03:03:27'),(119,119,186,'2015-04-27 03:03:27','2015-04-27 03:03:27'),(120,120,187,'2015-04-27 03:03:28','2015-04-27 03:03:28'),(121,121,188,'2015-04-27 03:03:28','2015-04-27 03:03:28'),(122,122,189,'2015-04-27 03:03:28','2015-04-27 03:03:28'),(123,123,190,'2015-04-27 03:03:29','2015-04-27 03:03:29'),(124,124,191,'2015-04-27 03:03:29','2015-04-27 03:03:29'),(125,125,192,'2015-04-27 03:03:29','2015-04-27 03:03:29'),(126,126,193,'2015-04-27 03:03:30','2015-04-27 03:03:30'),(127,127,194,'2015-04-27 03:03:30','2015-04-27 03:03:30'),(128,128,195,'2015-04-27 03:03:30','2015-04-27 03:03:30'),(129,129,196,'2015-04-27 03:03:30','2015-04-27 03:03:30'),(130,130,197,'2015-04-27 03:03:31','2015-04-27 03:03:31'),(131,131,198,'2015-04-27 03:03:31','2015-04-27 03:03:31'),(132,132,199,'2015-04-27 03:03:31','2015-04-27 03:03:31'),(133,133,200,'2015-04-27 03:03:32','2015-04-27 03:03:32'),(134,134,201,'2015-04-27 03:03:32','2015-04-27 03:03:32'),(135,135,202,'2015-04-27 03:03:32','2015-04-27 03:03:32'),(136,136,203,'2015-04-27 03:03:32','2015-04-27 03:03:32'),(137,137,204,'2015-04-27 03:03:33','2015-04-27 03:03:33'),(138,138,205,'2015-04-27 03:03:33','2015-04-27 03:03:33'),(139,139,206,'2015-04-27 03:03:33','2015-04-27 03:03:33'),(140,140,207,'2015-04-27 03:03:33','2015-04-27 03:03:33'),(141,141,208,'2015-04-27 03:03:34','2015-04-27 03:03:34'),(142,142,209,'2015-04-27 03:03:34','2015-04-27 03:03:34'),(143,143,210,'2015-04-27 03:03:34','2015-04-27 03:03:34'),(144,144,211,'2015-04-27 03:03:35','2015-04-27 03:03:35'),(145,145,212,'2015-04-27 03:03:35','2015-04-27 03:03:35'),(146,146,213,'2015-04-27 03:03:35','2015-04-27 03:03:35'),(147,147,214,'2015-04-27 03:03:36','2015-04-27 03:03:36'),(148,148,215,'2015-04-27 03:03:36','2015-04-27 03:03:36'),(149,149,216,'2015-04-27 03:03:36','2015-04-27 03:03:36'),(150,150,217,'2015-04-27 03:03:37','2015-04-27 03:03:37'),(151,151,218,'2015-04-27 03:03:37','2015-04-27 03:03:37'),(152,152,219,'2015-04-27 03:03:37','2015-04-27 03:03:37'),(153,153,220,'2015-04-27 03:03:38','2015-04-27 03:03:38'),(154,154,221,'2015-04-27 03:03:38','2015-04-27 03:03:38'),(155,155,222,'2015-04-27 03:03:39','2015-04-27 03:03:39'),(156,156,223,'2015-04-27 03:03:39','2015-04-27 03:03:39'),(157,157,224,'2015-04-27 03:03:39','2015-04-27 03:03:39'),(158,158,225,'2015-04-27 03:03:40','2015-04-27 03:03:40'),(159,159,226,'2015-04-27 03:03:40','2015-04-27 03:03:40'),(160,160,227,'2015-04-27 03:03:41','2015-04-27 03:03:41'),(161,161,228,'2015-04-27 03:03:41','2015-04-27 03:03:41'),(162,162,229,'2015-04-27 03:03:42','2015-04-27 03:03:42'),(163,163,230,'2015-04-27 03:03:42','2015-04-27 03:03:42'),(164,164,231,'2015-04-27 03:03:43','2015-04-27 03:03:43'),(165,165,232,'2015-04-27 03:03:43','2015-04-27 03:03:43'),(166,166,233,'2015-04-27 03:03:44','2015-04-27 03:03:44'),(167,167,234,'2015-04-27 03:03:44','2015-04-27 03:03:44'),(168,168,235,'2015-04-27 03:03:44','2015-04-27 03:03:44'),(169,169,236,'2015-04-27 03:03:45','2015-04-27 03:03:45'),(170,170,237,'2015-04-27 03:03:45','2015-04-27 03:03:45'),(171,171,238,'2015-04-27 03:03:46','2015-04-27 03:03:46'),(172,172,239,'2015-04-27 03:03:46','2015-04-27 03:03:46'),(173,173,240,'2015-04-27 03:03:46','2015-04-27 03:03:46'),(174,174,241,'2015-04-27 03:03:47','2015-04-27 03:03:47'),(175,175,242,'2015-04-27 03:03:48','2015-04-27 03:03:48'),(176,176,243,'2015-04-27 03:03:48','2015-04-27 03:03:48'),(177,177,244,'2015-04-27 03:03:49','2015-04-27 03:03:49'),(178,178,245,'2015-04-27 03:03:49','2015-04-27 03:03:49'),(179,179,246,'2015-04-27 03:03:50','2015-04-27 03:03:50'),(180,180,247,'2015-04-27 03:03:50','2015-04-27 03:03:50'),(181,181,248,'2015-04-27 03:03:51','2015-04-27 03:03:51'),(182,182,249,'2015-04-27 03:03:51','2015-04-27 03:03:51'),(183,183,250,'2015-04-27 03:03:51','2015-04-27 03:03:51'),(184,184,251,'2015-04-27 03:03:52','2015-04-27 03:03:52'),(185,185,252,'2015-04-27 03:03:52','2015-04-27 03:03:52'),(186,186,253,'2015-04-27 03:03:53','2015-04-27 03:03:53'),(187,187,254,'2015-04-27 03:03:53','2015-04-27 03:03:53'),(188,188,255,'2015-04-27 03:03:53','2015-04-27 03:03:53'),(189,189,256,'2015-04-27 03:03:54','2015-04-27 03:03:54'),(190,190,257,'2015-04-27 03:03:54','2015-04-27 03:03:54'),(191,191,258,'2015-04-27 03:03:55','2015-04-27 03:03:55'),(192,192,259,'2015-04-27 03:03:55','2015-04-27 03:03:55'),(193,193,260,'2015-04-27 03:03:56','2015-04-27 03:03:56'),(194,194,261,'2015-04-27 03:03:56','2015-04-27 03:03:56'),(195,195,262,'2015-04-27 03:03:56','2015-04-27 03:03:56'),(196,196,263,'2015-04-27 03:03:57','2015-04-27 03:03:57'),(197,197,264,'2015-04-27 03:03:57','2015-04-27 03:03:57'),(198,198,265,'2015-04-27 03:03:57','2015-04-27 03:03:57'),(199,199,266,'2015-04-27 03:03:57','2015-04-27 03:03:57'),(200,200,267,'2015-04-27 03:03:58','2015-04-27 03:03:58'),(201,201,268,'2015-04-27 03:03:58','2015-04-27 03:03:58'),(202,202,269,'2015-04-27 03:03:58','2015-04-27 03:03:58'),(203,203,270,'2015-04-27 03:03:59','2015-04-27 03:03:59'),(204,204,271,'2015-04-27 03:03:59','2015-04-27 03:03:59'),(205,205,272,'2015-04-27 03:03:59','2015-04-27 03:03:59'),(206,206,273,'2015-04-27 03:04:00','2015-04-27 03:04:00'),(207,207,274,'2015-04-27 03:04:00','2015-04-27 03:04:00'),(208,208,275,'2015-04-27 03:04:00','2015-04-27 03:04:00'),(209,209,276,'2015-04-27 03:04:01','2015-04-27 03:04:01'),(210,210,277,'2015-04-27 03:04:01','2015-04-27 03:04:01'),(211,211,278,'2015-04-27 03:04:01','2015-04-27 03:04:01'),(212,212,279,'2015-04-27 03:04:02','2015-04-27 03:04:02'),(213,213,280,'2015-04-27 03:04:02','2015-04-27 03:04:02'),(214,214,281,'2015-04-27 03:04:02','2015-04-27 03:04:02'),(215,215,282,'2015-04-27 03:04:03','2015-04-27 03:04:03'),(216,216,283,'2015-04-27 03:04:03','2015-04-27 03:04:03'),(217,217,284,'2015-04-27 03:04:04','2015-04-27 03:04:04'),(218,218,285,'2015-04-27 03:04:05','2015-04-27 03:04:05'),(219,219,286,'2015-04-27 03:04:05','2015-04-27 03:04:05'),(220,220,287,'2015-04-27 03:04:06','2015-04-27 03:04:06'),(221,221,288,'2015-04-27 03:04:06','2015-04-27 03:04:06'),(222,222,289,'2015-04-27 03:04:07','2015-04-27 03:04:07'),(223,223,290,'2015-04-27 03:04:07','2015-04-27 03:04:07'),(224,224,291,'2015-04-27 03:04:08','2015-04-27 03:04:08'),(225,225,292,'2015-04-27 03:04:08','2015-04-27 03:04:08'),(226,226,293,'2015-04-27 03:04:09','2015-04-27 03:04:09'),(227,227,294,'2015-04-27 03:04:09','2015-04-27 03:04:09'),(228,228,295,'2015-04-27 03:04:10','2015-04-27 03:04:10'),(229,229,296,'2015-04-27 03:04:10','2015-04-27 03:04:10'),(230,230,297,'2015-04-27 03:04:11','2015-04-27 03:04:11'),(231,231,298,'2015-04-27 03:04:11','2015-04-27 03:04:11'),(232,232,299,'2015-04-27 03:04:12','2015-04-27 03:04:12'),(233,233,300,'2015-04-27 03:04:12','2015-04-27 03:04:12'),(234,234,301,'2015-04-27 03:04:12','2015-04-27 03:04:12'),(235,235,302,'2015-04-27 03:04:13','2015-04-27 03:04:13'),(236,236,303,'2015-04-27 03:04:13','2015-04-27 03:04:13'),(237,237,304,'2015-04-27 03:04:13','2015-04-27 03:04:13'),(238,238,305,'2015-04-27 03:04:14','2015-04-27 03:04:14'),(239,239,306,'2015-04-27 03:04:14','2015-04-27 03:04:14'),(240,240,307,'2015-04-27 03:04:14','2015-04-27 03:04:14'),(241,241,308,'2015-04-27 03:04:14','2015-04-27 03:04:14'),(242,242,309,'2015-04-27 03:04:15','2015-04-27 03:04:15'),(243,243,310,'2015-04-27 03:04:15','2015-04-27 03:04:15'),(244,244,311,'2015-04-27 03:04:15','2015-04-27 03:04:15'),(245,245,312,'2015-04-27 03:04:16','2015-04-27 03:04:16'),(246,246,313,'2015-04-27 03:04:17','2015-04-27 03:04:17'),(247,247,314,'2015-04-27 03:04:17','2015-04-27 03:04:17'),(248,248,315,'2015-04-27 03:04:18','2015-04-27 03:04:18'),(249,249,316,'2015-04-27 03:04:18','2015-04-27 03:04:18'),(250,250,317,'2015-04-27 03:04:19','2015-04-27 03:04:19'),(251,251,318,'2015-04-27 03:04:19','2015-04-27 03:04:19'),(252,252,319,'2015-04-27 03:04:20','2015-04-27 03:04:20'),(253,253,320,'2015-04-27 03:04:20','2015-04-27 03:04:20'),(254,254,321,'2015-04-27 03:04:20','2015-04-27 03:04:20'),(255,255,322,'2015-04-27 03:04:21','2015-04-27 03:04:21'),(256,256,323,'2015-04-27 03:04:21','2015-04-27 03:04:21'),(257,257,324,'2015-04-27 03:04:21','2015-04-27 03:04:21'),(258,258,325,'2015-04-27 03:04:22','2015-04-27 03:04:22'),(259,259,326,'2015-04-27 03:04:22','2015-04-27 03:04:22'),(260,260,327,'2015-04-27 03:04:22','2015-04-27 03:04:22'),(261,261,328,'2015-04-27 03:04:23','2015-04-27 03:04:23'),(262,262,329,'2015-04-27 03:04:23','2015-04-27 03:04:23'),(263,263,330,'2015-04-27 03:04:24','2015-04-27 03:04:24'),(264,264,331,'2015-04-27 03:04:24','2015-04-27 03:04:24'),(265,265,332,'2015-04-27 03:04:25','2015-04-27 03:04:25'),(266,266,333,'2015-04-27 03:04:25','2015-04-27 03:04:25'),(267,267,334,'2015-04-27 03:04:26','2015-04-27 03:04:26'),(268,268,335,'2015-04-27 03:04:26','2015-04-27 03:04:26'),(269,269,336,'2015-04-27 03:04:27','2015-04-27 03:04:27'),(270,270,337,'2015-04-27 03:04:27','2015-04-27 03:04:27'),(271,271,338,'2015-04-27 03:04:28','2015-04-27 03:04:28'),(272,272,339,'2015-04-27 03:04:28','2015-04-27 03:04:28'),(273,273,340,'2015-04-27 03:04:29','2015-04-27 03:04:29'),(274,274,341,'2015-04-27 03:04:29','2015-04-27 03:04:29'),(275,275,342,'2015-04-27 03:04:30','2015-04-27 03:04:30'),(276,276,343,'2015-04-27 03:04:30','2015-04-27 03:04:30'),(277,277,344,'2015-04-27 03:04:30','2015-04-27 03:04:30'),(278,278,345,'2015-04-27 03:04:31','2015-04-27 03:04:31'),(279,279,346,'2015-04-27 03:04:31','2015-04-27 03:04:31'),(280,280,347,'2015-04-27 03:04:32','2015-04-27 03:04:32'),(281,281,348,'2015-04-27 03:04:32','2015-04-27 03:04:32'),(282,282,349,'2015-04-27 03:04:33','2015-04-27 03:04:33'),(283,283,350,'2015-04-27 03:04:33','2015-04-27 03:04:33'),(284,284,351,'2015-04-27 03:04:33','2015-04-27 03:04:33'),(285,285,352,'2015-04-27 03:04:34','2015-04-27 03:04:34'),(286,286,353,'2015-04-27 03:04:34','2015-04-27 03:04:34'),(287,287,354,'2015-04-27 03:04:35','2015-04-27 03:04:35'),(288,288,355,'2015-04-27 03:04:36','2015-04-27 03:04:36'),(289,289,356,'2015-04-27 03:04:36','2015-04-27 03:04:36'),(290,290,357,'2015-04-27 03:04:37','2015-04-27 03:04:37'),(291,291,358,'2015-04-27 03:04:37','2015-04-27 03:04:37'),(292,292,359,'2015-04-27 03:04:37','2015-04-27 03:04:37'),(293,293,360,'2015-04-27 03:04:38','2015-04-27 03:04:38'),(294,294,361,'2015-04-27 03:04:38','2015-04-27 03:04:38'),(295,295,362,'2015-04-27 03:04:39','2015-04-27 03:04:39'),(296,296,363,'2015-04-27 03:04:39','2015-04-27 03:04:39'),(297,297,364,'2015-04-27 03:04:39','2015-04-27 03:04:39'),(298,298,365,'2015-04-27 03:04:40','2015-04-27 03:04:40'),(299,299,366,'2015-04-27 03:04:40','2015-04-27 03:04:40'),(300,300,367,'2015-04-27 03:04:40','2015-04-27 03:04:40'),(301,301,368,'2015-04-27 03:04:41','2015-04-27 03:04:41'),(302,302,369,'2015-04-27 03:04:41','2015-04-27 03:04:41'),(303,303,370,'2015-04-27 03:04:42','2015-04-27 03:04:42'),(304,304,371,'2015-04-27 03:04:42','2015-04-27 03:04:42'),(305,305,372,'2015-04-27 03:04:43','2015-04-27 03:04:43'),(306,306,373,'2015-04-27 03:04:43','2015-04-27 03:04:43'),(307,307,374,'2015-04-27 03:04:44','2015-04-27 03:04:44'),(308,308,375,'2015-04-27 03:04:44','2015-04-27 03:04:44'),(309,309,376,'2015-04-27 03:04:45','2015-04-27 03:04:45'),(310,310,377,'2015-04-27 03:04:45','2015-04-27 03:04:45'),(311,311,378,'2015-04-27 03:04:45','2015-04-27 03:04:45'),(312,312,379,'2015-04-27 03:04:46','2015-04-27 03:04:46'),(313,313,380,'2015-04-27 03:04:46','2015-04-27 03:04:46'),(314,314,381,'2015-04-27 03:04:46','2015-04-27 03:04:46'),(315,315,382,'2015-04-27 03:04:47','2015-04-27 03:04:47'),(316,316,383,'2015-04-27 03:04:47','2015-04-27 03:04:47'),(317,317,384,'2015-04-27 03:04:47','2015-04-27 03:04:47'),(318,318,385,'2015-04-27 03:04:47','2015-04-27 03:04:47'),(319,319,386,'2015-04-27 03:04:48','2015-04-27 03:04:48'),(320,320,387,'2015-04-27 03:04:48','2015-04-27 03:04:48'),(321,321,388,'2015-04-27 03:04:48','2015-04-27 03:04:48'),(322,322,389,'2015-04-27 03:04:49','2015-04-27 03:04:49'),(323,323,390,'2015-04-27 03:04:49','2015-04-27 03:04:49'),(324,324,391,'2015-04-27 03:04:49','2015-04-27 03:04:49'),(325,325,392,'2015-04-27 03:04:49','2015-04-27 03:04:49'),(326,326,393,'2015-04-27 03:04:50','2015-04-27 03:04:50'),(327,327,394,'2015-04-27 03:04:50','2015-04-27 03:04:50'),(328,328,395,'2015-04-27 03:04:51','2015-04-27 03:04:51'),(329,329,396,'2015-04-27 03:04:51','2015-04-27 03:04:51'),(330,330,397,'2015-04-27 03:04:52','2015-04-27 03:04:52'),(331,331,398,'2015-04-27 03:04:52','2015-04-27 03:04:52'),(332,332,399,'2015-04-27 03:04:53','2015-04-27 03:04:53'),(333,333,400,'2015-04-27 03:04:53','2015-04-27 03:04:53'),(334,334,401,'2015-04-27 03:04:53','2015-04-27 03:04:53'),(335,335,402,'2015-04-27 03:04:54','2015-04-27 03:04:54'),(336,336,403,'2015-04-27 03:04:54','2015-04-27 03:04:54'),(337,337,404,'2015-04-27 03:04:55','2015-04-27 03:04:55'),(338,338,405,'2015-04-27 03:04:55','2015-04-27 03:04:55'),(339,339,406,'2015-04-27 03:04:56','2015-04-27 03:04:56'),(340,340,407,'2015-04-27 03:04:56','2015-04-27 03:04:56'),(341,341,408,'2015-04-27 03:04:56','2015-04-27 03:04:56'),(342,342,409,'2015-04-27 03:04:57','2015-04-27 03:04:57'),(343,343,410,'2015-04-27 03:04:58','2015-04-27 03:04:58'),(344,344,411,'2015-04-27 03:04:58','2015-04-27 03:04:58'),(345,345,412,'2015-04-27 03:04:59','2015-04-27 03:04:59'),(346,346,413,'2015-04-27 03:04:59','2015-04-27 03:04:59'),(347,347,414,'2015-04-27 03:05:00','2015-04-27 03:05:00'),(348,348,415,'2015-04-27 03:05:00','2015-04-27 03:05:00'),(349,349,416,'2015-04-27 03:05:01','2015-04-27 03:05:01'),(350,350,417,'2015-04-27 03:05:01','2015-04-27 03:05:01'),(351,351,418,'2015-04-27 03:05:02','2015-04-27 03:05:02'),(352,352,419,'2015-04-27 03:05:02','2015-04-27 03:05:02'),(353,353,420,'2015-04-27 03:05:03','2015-04-27 03:05:03'),(354,354,421,'2015-04-27 03:05:03','2015-04-27 03:05:03'),(355,355,422,'2015-04-27 03:05:04','2015-04-27 03:05:04'),(356,356,423,'2015-04-27 03:05:04','2015-04-27 03:05:04'),(357,357,424,'2015-04-27 03:05:04','2015-04-27 03:05:04'),(358,358,425,'2015-04-27 03:05:05','2015-04-27 03:05:05'),(359,359,426,'2015-04-27 03:05:05','2015-04-27 03:05:05'),(360,360,427,'2015-04-27 03:05:05','2015-04-27 03:05:05'),(361,361,428,'2015-04-27 03:05:06','2015-04-27 03:05:06'),(362,362,429,'2015-04-27 03:05:06','2015-04-27 03:05:06'),(363,363,430,'2015-04-27 03:05:06','2015-04-27 03:05:06'),(364,364,431,'2015-04-27 03:05:07','2015-04-27 03:05:07'),(365,365,432,'2015-04-27 03:05:07','2015-04-27 03:05:07'),(366,366,433,'2015-04-27 03:05:07','2015-04-27 03:05:07'),(367,367,434,'2015-04-27 03:05:07','2015-04-27 03:05:07'),(368,368,435,'2015-04-27 03:05:08','2015-04-27 03:05:08'),(369,369,436,'2015-04-27 03:05:08','2015-04-27 03:05:08'),(370,370,437,'2015-04-27 03:05:08','2015-04-27 03:05:08'),(371,371,438,'2015-04-27 03:05:09','2015-04-27 03:05:09'),(372,372,439,'2015-04-27 03:05:09','2015-04-27 03:05:09'),(373,373,440,'2015-04-27 03:05:10','2015-04-27 03:05:10'),(374,374,441,'2015-04-27 03:05:11','2015-04-27 03:05:11'),(375,375,442,'2015-04-27 03:05:11','2015-04-27 03:05:11'),(376,376,443,'2015-04-27 03:05:11','2015-04-27 03:05:11'),(377,377,444,'2015-04-27 03:05:12','2015-04-27 03:05:12'),(378,378,445,'2015-04-27 03:05:12','2015-04-27 03:05:12'),(379,379,446,'2015-04-27 03:05:13','2015-04-27 03:05:13'),(380,380,447,'2015-04-27 03:05:13','2015-04-27 03:05:13'),(381,381,448,'2015-04-27 03:05:13','2015-04-27 03:05:13'),(382,382,449,'2015-04-27 03:05:14','2015-04-27 03:05:14'),(383,383,450,'2015-04-27 03:05:14','2015-04-27 03:05:14'),(384,384,451,'2015-04-27 03:05:15','2015-04-27 03:05:15'),(385,385,452,'2015-04-27 03:05:15','2015-04-27 03:05:15'),(386,386,453,'2015-04-27 03:05:16','2015-04-27 03:05:16'),(387,387,454,'2015-04-27 03:05:16','2015-04-27 03:05:16'),(388,388,455,'2015-04-27 03:05:17','2015-04-27 03:05:17'),(389,389,456,'2015-04-27 03:05:17','2015-04-27 03:05:17'),(390,390,457,'2015-04-27 03:05:17','2015-04-27 03:05:17'),(391,391,458,'2015-04-27 03:05:18','2015-04-27 03:05:18'),(392,392,459,'2015-04-27 03:05:18','2015-04-27 03:05:18'),(393,393,460,'2015-04-27 03:05:19','2015-04-27 03:05:19'),(394,394,461,'2015-04-27 03:05:19','2015-04-27 03:05:19'),(395,395,462,'2015-04-27 03:05:20','2015-04-27 03:05:20'),(396,396,463,'2015-04-27 03:05:20','2015-04-27 03:05:20'),(397,397,464,'2015-04-27 03:05:21','2015-04-27 03:05:21'),(398,398,465,'2015-04-27 03:05:21','2015-04-27 03:05:21'),(399,399,466,'2015-04-27 03:05:21','2015-04-27 03:05:21'),(400,400,467,'2015-04-27 03:05:22','2015-04-27 03:05:22'),(401,401,468,'2015-04-27 03:05:22','2015-04-27 03:05:22'),(402,402,469,'2015-04-27 03:05:23','2015-04-27 03:05:23'),(403,403,470,'2015-04-27 03:05:23','2015-04-27 03:05:23'),(404,404,471,'2015-04-27 03:05:24','2015-04-27 03:05:24'),(405,405,472,'2015-04-27 03:05:24','2015-04-27 03:05:24'),(406,406,473,'2015-04-27 03:05:25','2015-04-27 03:05:25'),(407,407,474,'2015-04-27 03:05:25','2015-04-27 03:05:25'),(408,408,475,'2015-04-27 03:05:26','2015-04-27 03:05:26'),(409,409,476,'2015-04-27 03:05:26','2015-04-27 03:05:26'),(410,410,477,'2015-04-27 03:05:27','2015-04-27 03:05:27'),(411,411,478,'2015-04-27 03:05:27','2015-04-27 03:05:27'),(412,412,479,'2015-04-27 03:05:27','2015-04-27 03:05:27'),(413,413,480,'2015-04-27 03:05:28','2015-04-27 03:05:28'),(414,414,481,'2015-04-27 03:05:28','2015-04-27 03:05:28'),(415,415,482,'2015-04-27 03:05:28','2015-04-27 03:05:28'),(416,416,483,'2015-04-27 03:05:29','2015-04-27 03:05:29'),(417,417,484,'2015-04-27 03:05:29','2015-04-27 03:05:29'),(418,418,485,'2015-04-27 03:05:30','2015-04-27 03:05:30'),(419,419,486,'2015-04-27 03:05:30','2015-04-27 03:05:30'),(420,420,487,'2015-04-27 03:05:31','2015-04-27 03:05:31'),(421,421,488,'2015-04-27 03:05:31','2015-04-27 03:05:31'),(422,422,489,'2015-04-27 03:05:32','2015-04-27 03:05:32'),(423,423,490,'2015-04-27 03:05:32','2015-04-27 03:05:32'),(424,424,491,'2015-04-27 03:05:32','2015-04-27 03:05:32'),(425,425,492,'2015-04-27 03:05:33','2015-04-27 03:05:33'),(426,426,493,'2015-04-27 03:05:33','2015-04-27 03:05:33'),(427,427,494,'2015-04-27 03:05:34','2015-04-27 03:05:34'),(428,428,495,'2015-04-27 03:05:34','2015-04-27 03:05:34'),(429,429,496,'2015-04-27 03:05:35','2015-04-27 03:05:35'),(430,430,497,'2015-04-27 03:05:35','2015-04-27 03:05:35'),(431,431,498,'2015-04-27 03:05:36','2015-04-27 03:05:36'),(432,432,499,'2015-04-27 03:05:36','2015-04-27 03:05:36'),(433,433,500,'2015-04-27 03:05:37','2015-04-27 03:05:37'),(434,434,501,'2015-04-27 03:05:37','2015-04-27 03:05:37'),(435,435,502,'2015-04-27 03:05:38','2015-04-27 03:05:38'),(436,436,503,'2015-04-27 03:05:38','2015-04-27 03:05:38'),(437,437,504,'2015-04-27 03:05:39','2015-04-27 03:05:39'),(438,438,505,'2015-04-27 03:05:39','2015-04-27 03:05:39'),(439,439,506,'2015-04-27 03:05:40','2015-04-27 03:05:40'),(440,440,507,'2015-04-27 03:05:40','2015-04-27 03:05:40'),(441,441,508,'2015-04-27 03:05:41','2015-04-27 03:05:41'),(442,442,509,'2015-04-27 03:05:41','2015-04-27 03:05:41'),(443,443,510,'2015-04-27 03:05:42','2015-04-27 03:05:42'),(444,444,511,'2015-04-27 03:05:42','2015-04-27 03:05:42'),(445,445,512,'2015-04-27 03:05:43','2015-04-27 03:05:43'),(446,446,513,'2015-04-27 03:05:43','2015-04-27 03:05:43'),(447,447,514,'2015-04-27 03:05:44','2015-04-27 03:05:44'),(448,448,515,'2015-04-27 03:05:44','2015-04-27 03:05:44'),(449,449,516,'2015-04-27 03:05:45','2015-04-27 03:05:45'),(450,450,517,'2015-04-27 03:05:45','2015-04-27 03:05:45'),(451,451,518,'2015-04-27 03:05:45','2015-04-27 03:05:45'),(452,452,519,'2015-04-27 03:05:46','2015-04-27 03:05:46'),(453,453,520,'2015-04-27 03:05:46','2015-04-27 03:05:46'),(454,454,521,'2015-04-27 03:05:47','2015-04-27 03:05:47'),(455,455,522,'2015-04-27 03:05:47','2015-04-27 03:05:47'),(456,456,523,'2015-04-27 03:05:48','2015-04-27 03:05:48'),(457,457,524,'2015-04-27 03:05:48','2015-04-27 03:05:48'),(458,458,525,'2015-04-27 03:05:49','2015-04-27 03:05:49'),(459,459,526,'2015-04-27 03:05:49','2015-04-27 03:05:49'),(460,460,527,'2015-04-27 03:05:50','2015-04-27 03:05:50'),(461,461,528,'2015-04-27 03:05:50','2015-04-27 03:05:50'),(462,462,529,'2015-04-27 03:05:51','2015-04-27 03:05:51'),(463,463,530,'2015-04-27 03:05:51','2015-04-27 03:05:51'),(464,464,531,'2015-04-27 03:05:52','2015-04-27 03:05:52'),(465,465,532,'2015-04-27 03:05:52','2015-04-27 03:05:52'),(466,466,533,'2015-04-27 03:05:53','2015-04-27 03:05:53'),(467,467,534,'2015-04-27 03:05:53','2015-04-27 03:05:53'),(468,468,535,'2015-04-27 03:05:53','2015-04-27 03:05:53'),(469,469,536,'2015-04-27 03:05:54','2015-04-27 03:05:54'),(470,470,537,'2015-04-27 03:05:54','2015-04-27 03:05:54'),(471,471,538,'2015-04-27 03:05:54','2015-04-27 03:05:54'),(472,472,539,'2015-04-27 03:05:55','2015-04-27 03:05:55'),(473,473,540,'2015-04-27 03:05:55','2015-04-27 03:05:55'),(474,474,541,'2015-04-27 03:05:55','2015-04-27 03:05:55'),(475,475,542,'2015-04-27 03:05:55','2015-04-27 03:05:55'),(476,476,543,'2015-04-27 03:05:56','2015-04-27 03:05:56'),(477,477,544,'2015-04-27 03:05:56','2015-04-27 03:05:56'),(478,478,545,'2015-04-27 03:05:56','2015-04-27 03:05:56'),(479,479,546,'2015-04-27 03:05:57','2015-04-27 03:05:57'),(480,480,547,'2015-04-27 03:05:57','2015-04-27 03:05:57'),(481,481,548,'2015-04-27 03:05:57','2015-04-27 03:05:57');
/*!40000 ALTER TABLE `ems_enumerators_villages` ENABLE KEYS */;
UNLOCK TABLES;

--
-- Table structure for table `ems_form_types`
--

DROP TABLE IF EXISTS `ems_form_types`;
/*!40101 SET @saved_cs_client     = @@character_set_client */;
/*!40101 SET character_set_client = utf8 */;
CREATE TABLE `ems_form_types` (
  `id` int(10) unsigned NOT NULL AUTO_INCREMENT,
  `form_id` int(10) unsigned NOT NULL,
  `question_id` int(10) unsigned NOT NULL,
  `created_at` timestamp NOT NULL DEFAULT '0000-00-00 00:00:00',
  `updated_at` timestamp NOT NULL DEFAULT '0000-00-00 00:00:00',
  PRIMARY KEY (`id`),
  KEY `form_types_form_id_index` (`form_id`),
  KEY `form_types_question_id_index` (`question_id`),
  CONSTRAINT `form_types_form_id_foreign` FOREIGN KEY (`form_id`) REFERENCES `ems_ems_forms` (`id`) ON DELETE CASCADE,
  CONSTRAINT `form_types_question_id_foreign` FOREIGN KEY (`question_id`) REFERENCES `ems_ems_form_questions` (`id`) ON DELETE CASCADE
) ENGINE=InnoDB AUTO_INCREMENT=93 DEFAULT CHARSET=utf8 COLLATE=utf8_unicode_ci;
/*!40101 SET character_set_client = @saved_cs_client */;

--
-- Dumping data for table `ems_form_types`
--

LOCK TABLES `ems_form_types` WRITE;
/*!40000 ALTER TABLE `ems_form_types` DISABLE KEYS */;
INSERT INTO `ems_form_types` VALUES (1,1,1,'0000-00-00 00:00:00','0000-00-00 00:00:00'),(2,1,2,'0000-00-00 00:00:00','0000-00-00 00:00:00'),(3,1,3,'0000-00-00 00:00:00','0000-00-00 00:00:00'),(4,1,4,'0000-00-00 00:00:00','0000-00-00 00:00:00'),(5,1,5,'0000-00-00 00:00:00','0000-00-00 00:00:00'),(6,1,6,'0000-00-00 00:00:00','0000-00-00 00:00:00'),(7,1,7,'0000-00-00 00:00:00','0000-00-00 00:00:00'),(8,1,8,'0000-00-00 00:00:00','0000-00-00 00:00:00'),(9,1,9,'0000-00-00 00:00:00','0000-00-00 00:00:00'),(10,1,10,'0000-00-00 00:00:00','0000-00-00 00:00:00'),(11,1,11,'0000-00-00 00:00:00','0000-00-00 00:00:00'),(12,1,12,'0000-00-00 00:00:00','0000-00-00 00:00:00'),(13,1,13,'0000-00-00 00:00:00','0000-00-00 00:00:00'),(14,1,14,'0000-00-00 00:00:00','0000-00-00 00:00:00'),(15,1,15,'0000-00-00 00:00:00','0000-00-00 00:00:00'),(16,1,16,'0000-00-00 00:00:00','0000-00-00 00:00:00'),(17,1,17,'0000-00-00 00:00:00','0000-00-00 00:00:00'),(18,1,18,'0000-00-00 00:00:00','0000-00-00 00:00:00'),(19,1,19,'0000-00-00 00:00:00','0000-00-00 00:00:00'),(20,1,20,'0000-00-00 00:00:00','0000-00-00 00:00:00'),(21,1,21,'0000-00-00 00:00:00','0000-00-00 00:00:00'),(22,1,22,'0000-00-00 00:00:00','0000-00-00 00:00:00'),(23,1,23,'0000-00-00 00:00:00','0000-00-00 00:00:00'),(24,1,24,'0000-00-00 00:00:00','0000-00-00 00:00:00'),(25,1,25,'0000-00-00 00:00:00','0000-00-00 00:00:00'),(26,1,26,'0000-00-00 00:00:00','0000-00-00 00:00:00'),(27,1,27,'0000-00-00 00:00:00','0000-00-00 00:00:00'),(28,1,28,'0000-00-00 00:00:00','0000-00-00 00:00:00'),(29,1,29,'0000-00-00 00:00:00','0000-00-00 00:00:00'),(30,1,30,'0000-00-00 00:00:00','0000-00-00 00:00:00'),(31,1,31,'0000-00-00 00:00:00','0000-00-00 00:00:00'),(32,1,32,'0000-00-00 00:00:00','0000-00-00 00:00:00'),(33,1,33,'0000-00-00 00:00:00','0000-00-00 00:00:00'),(34,1,34,'0000-00-00 00:00:00','0000-00-00 00:00:00'),(35,1,35,'0000-00-00 00:00:00','0000-00-00 00:00:00'),(36,1,36,'0000-00-00 00:00:00','0000-00-00 00:00:00'),(37,1,37,'0000-00-00 00:00:00','0000-00-00 00:00:00'),(38,1,38,'0000-00-00 00:00:00','0000-00-00 00:00:00'),(39,1,39,'0000-00-00 00:00:00','0000-00-00 00:00:00'),(40,1,40,'0000-00-00 00:00:00','0000-00-00 00:00:00'),(41,1,41,'0000-00-00 00:00:00','0000-00-00 00:00:00'),(42,1,42,'0000-00-00 00:00:00','0000-00-00 00:00:00'),(43,1,43,'0000-00-00 00:00:00','0000-00-00 00:00:00'),(44,1,44,'0000-00-00 00:00:00','0000-00-00 00:00:00'),(45,1,45,'0000-00-00 00:00:00','0000-00-00 00:00:00'),(46,1,46,'0000-00-00 00:00:00','0000-00-00 00:00:00'),(47,1,47,'0000-00-00 00:00:00','0000-00-00 00:00:00'),(48,1,48,'0000-00-00 00:00:00','0000-00-00 00:00:00'),(49,1,49,'0000-00-00 00:00:00','0000-00-00 00:00:00'),(50,1,50,'0000-00-00 00:00:00','0000-00-00 00:00:00'),(51,1,51,'0000-00-00 00:00:00','0000-00-00 00:00:00'),(52,1,52,'0000-00-00 00:00:00','0000-00-00 00:00:00'),(53,1,53,'0000-00-00 00:00:00','0000-00-00 00:00:00'),(54,1,54,'0000-00-00 00:00:00','0000-00-00 00:00:00'),(55,1,55,'0000-00-00 00:00:00','0000-00-00 00:00:00'),(56,1,56,'0000-00-00 00:00:00','0000-00-00 00:00:00'),(57,1,57,'0000-00-00 00:00:00','0000-00-00 00:00:00'),(58,1,58,'0000-00-00 00:00:00','0000-00-00 00:00:00'),(59,1,103,'0000-00-00 00:00:00','0000-00-00 00:00:00'),(60,1,126,'0000-00-00 00:00:00','0000-00-00 00:00:00'),(61,1,127,'0000-00-00 00:00:00','0000-00-00 00:00:00'),(62,1,128,'0000-00-00 00:00:00','0000-00-00 00:00:00'),(63,1,129,'0000-00-00 00:00:00','0000-00-00 00:00:00'),(64,1,130,'0000-00-00 00:00:00','0000-00-00 00:00:00'),(65,2,131,'0000-00-00 00:00:00','0000-00-00 00:00:00'),(66,2,132,'0000-00-00 00:00:00','0000-00-00 00:00:00'),(67,2,133,'0000-00-00 00:00:00','0000-00-00 00:00:00'),(68,2,134,'0000-00-00 00:00:00','0000-00-00 00:00:00'),(69,2,135,'0000-00-00 00:00:00','0000-00-00 00:00:00'),(70,2,136,'0000-00-00 00:00:00','0000-00-00 00:00:00'),(71,2,137,'0000-00-00 00:00:00','0000-00-00 00:00:00'),(72,2,138,'0000-00-00 00:00:00','0000-00-00 00:00:00'),(73,2,139,'0000-00-00 00:00:00','0000-00-00 00:00:00'),(74,2,140,'0000-00-00 00:00:00','0000-00-00 00:00:00'),(75,2,141,'0000-00-00 00:00:00','0000-00-00 00:00:00'),(76,2,142,'0000-00-00 00:00:00','0000-00-00 00:00:00'),(77,2,143,'0000-00-00 00:00:00','0000-00-00 00:00:00'),(78,2,144,'0000-00-00 00:00:00','0000-00-00 00:00:00'),(79,2,145,'0000-00-00 00:00:00','0000-00-00 00:00:00'),(80,2,146,'0000-00-00 00:00:00','0000-00-00 00:00:00'),(81,2,147,'0000-00-00 00:00:00','0000-00-00 00:00:00'),(82,2,148,'0000-00-00 00:00:00','0000-00-00 00:00:00'),(83,2,149,'0000-00-00 00:00:00','0000-00-00 00:00:00'),(84,2,150,'0000-00-00 00:00:00','0000-00-00 00:00:00'),(85,2,151,'0000-00-00 00:00:00','0000-00-00 00:00:00'),(86,2,152,'0000-00-00 00:00:00','0000-00-00 00:00:00'),(87,2,153,'0000-00-00 00:00:00','0000-00-00 00:00:00'),(88,2,154,'0000-00-00 00:00:00','0000-00-00 00:00:00'),(89,1,155,'0000-00-00 00:00:00','0000-00-00 00:00:00'),(90,1,156,'0000-00-00 00:00:00','0000-00-00 00:00:00'),(91,1,157,'0000-00-00 00:00:00','0000-00-00 00:00:00'),(92,2,158,'0000-00-00 00:00:00','0000-00-00 00:00:00');
/*!40000 ALTER TABLE `ems_form_types` ENABLE KEYS */;
UNLOCK TABLES;

--
-- Table structure for table `ems_general_settings`
--

DROP TABLE IF EXISTS `ems_general_settings`;
/*!40101 SET @saved_cs_client     = @@character_set_client */;
/*!40101 SET character_set_client = utf8 */;
CREATE TABLE `ems_general_settings` (
  `id` int(10) unsigned NOT NULL AUTO_INCREMENT,
  `options_name` varchar(255) COLLATE utf8_unicode_ci NOT NULL,
  `options` varchar(255) COLLATE utf8_unicode_ci NOT NULL,
  `created_at` timestamp NOT NULL DEFAULT '0000-00-00 00:00:00',
  `updated_at` timestamp NOT NULL DEFAULT '0000-00-00 00:00:00',
  PRIMARY KEY (`id`),
  UNIQUE KEY `general_settings_options_name_unique` (`options_name`)
) ENGINE=InnoDB AUTO_INCREMENT=2 DEFAULT CHARSET=utf8 COLLATE=utf8_unicode_ci;
/*!40101 SET character_set_client = @saved_cs_client */;

--
-- Dumping data for table `ems_general_settings`
--

LOCK TABLES `ems_general_settings` WRITE;
/*!40000 ALTER TABLE `ems_general_settings` DISABLE KEYS */;
INSERT INTO `ems_general_settings` VALUES (1,'options','{\"site_name\":\"EMS\",\"site_descriptions\":\"Election Monitoring System\",\"answers_per_question\":\"10\",\"form_for_dashboard\":\"1\",\"locale\":\"my\"}','2015-04-27 02:09:06','2015-05-10 09:10:14');
/*!40000 ALTER TABLE `ems_general_settings` ENABLE KEYS */;
UNLOCK TABLES;

--
-- Table structure for table `ems_geolocations`
--

DROP TABLE IF EXISTS `ems_geolocations`;
/*!40101 SET @saved_cs_client     = @@character_set_client */;
/*!40101 SET character_set_client = utf8 */;
CREATE TABLE `ems_geolocations` (
  `id` int(10) unsigned NOT NULL AUTO_INCREMENT,
  `parent_id` int(10) unsigned DEFAULT NULL,
  `location_name` int(11) NOT NULL,
  `location_type` int(11) NOT NULL,
  `created_at` timestamp NOT NULL DEFAULT '0000-00-00 00:00:00',
  `updated_at` timestamp NOT NULL DEFAULT '0000-00-00 00:00:00',
  PRIMARY KEY (`id`),
  KEY `geolocations_parent_id_foreign` (`parent_id`),
  CONSTRAINT `geolocations_parent_id_foreign` FOREIGN KEY (`parent_id`) REFERENCES `ems_geolocations` (`id`) ON DELETE SET NULL
) ENGINE=InnoDB DEFAULT CHARSET=utf8 COLLATE=utf8_unicode_ci;
/*!40101 SET character_set_client = @saved_cs_client */;

--
-- Dumping data for table `ems_geolocations`
--

LOCK TABLES `ems_geolocations` WRITE;
/*!40000 ALTER TABLE `ems_geolocations` DISABLE KEYS */;
/*!40000 ALTER TABLE `ems_geolocations` ENABLE KEYS */;
UNLOCK TABLES;

--
-- Table structure for table `ems_locale_translations`
--

DROP TABLE IF EXISTS `ems_locale_translations`;
/*!40101 SET @saved_cs_client     = @@character_set_client */;
/*!40101 SET character_set_client = utf8 */;
CREATE TABLE `ems_locale_translations` (
  `id` int(10) unsigned NOT NULL AUTO_INCREMENT,
  `created_at` timestamp NOT NULL DEFAULT '0000-00-00 00:00:00',
  `updated_at` timestamp NOT NULL DEFAULT '0000-00-00 00:00:00',
  `locale_id` int(10) unsigned NOT NULL,
  `translation_id` int(10) unsigned DEFAULT NULL,
  `translation` text COLLATE utf8_unicode_ci NOT NULL,
  PRIMARY KEY (`id`),
  KEY `locale_translations_locale_id_foreign` (`locale_id`),
  KEY `locale_translations_translation_id_foreign` (`translation_id`),
  CONSTRAINT `locale_translations_locale_id_foreign` FOREIGN KEY (`locale_id`) REFERENCES `ems_locales` (`id`) ON DELETE CASCADE,
  CONSTRAINT `locale_translations_translation_id_foreign` FOREIGN KEY (`translation_id`) REFERENCES `ems_locale_translations` (`id`) ON DELETE CASCADE
) ENGINE=InnoDB AUTO_INCREMENT=1097 DEFAULT CHARSET=utf8 COLLATE=utf8_unicode_ci;
/*!40101 SET character_set_client = @saved_cs_client */;

--
-- Dumping data for table `ems_locale_translations`
--

LOCK TABLES `ems_locale_translations` WRITE;
/*!40000 ALTER TABLE `ems_locale_translations` DISABLE KEYS */;
INSERT INTO `ems_locale_translations` VALUES (1,'2015-04-27 02:09:37','2015-04-27 02:09:37',1,NULL,'Dashboard'),(2,'2015-04-27 02:09:38','2015-05-10 09:21:23',2,1,'ထိမ်းချုပ်ခလုပ်ခုံ'),(3,'2015-04-27 02:10:10','2015-04-27 02:10:10',1,NULL,'State'),(4,'2015-04-27 02:10:13','2015-05-10 12:34:22',2,3,'ပြည်နယ်/တိုင်းဒေသကြီး'),(5,'2015-04-27 02:10:13','2015-04-27 02:10:13',1,NULL,'District'),(6,'2015-04-27 02:10:15','2015-05-10 12:34:26',2,5,'ခရိုင်'),(7,'2015-04-27 02:10:15','2015-04-27 02:10:15',1,NULL,'Township'),(8,'2015-04-27 02:10:16','2015-04-27 02:10:16',2,7,'မြို့နယ်'),(9,'2015-04-27 02:10:16','2015-04-27 02:10:16',1,NULL,'Village Track'),(10,'2015-04-27 02:10:17','2015-05-06 18:22:47',2,9,'ကျေးရွာအုပ်စု'),(11,'2015-04-27 02:10:17','2015-04-27 02:10:17',1,NULL,'Village/Ward'),(12,'2015-04-27 02:10:17','2015-04-27 02:10:17',2,11,'ကျေးရွာ / ရပ်ကွက်'),(13,'2015-04-27 02:10:17','2015-04-27 02:10:17',1,NULL,'Village Burmese'),(14,'2015-04-27 02:10:18','2015-05-06 18:22:45',2,13,'ရွာ (မြန်မာ)'),(15,'2015-04-27 02:10:21','2015-04-27 02:10:21',1,NULL,'Site Name: '),(16,'2015-04-27 02:10:23','2015-05-10 12:34:44',2,15,'ဆိုက် အမည် :'),(17,'2015-04-27 02:10:23','2015-04-27 02:10:23',1,NULL,'Site Descriptions: '),(18,'2015-04-27 02:10:24','2015-05-10 12:34:41',2,17,'ဆိုက် အကြောင်း :'),(19,'2015-04-27 02:10:24','2015-04-27 02:10:24',1,NULL,'Nos. of answers per question: '),(20,'2015-04-27 02:10:25','2015-05-10 09:11:59',2,19,'မေးခွန်းတစ်ခုအတွက် အဖြေအရေအတွက် - :'),(21,'2015-04-27 02:10:25','2015-04-27 02:10:25',1,NULL,'Select Form to show on Dashboard: '),(22,'2015-04-27 02:10:26','2015-04-27 02:10:26',2,21,'Dashboard ပေါ် ပြသရန် Form တွင် ကိုရွေးချယ်ပါ :'),(23,'2015-04-27 02:10:26','2015-04-27 02:10:26',1,NULL,'Select default language: '),(24,'2015-04-27 02:10:27','2015-05-10 09:12:23',2,23,'မူလ ဘာသာစကား ကိုရွေးချယ်ပါ :'),(25,'2015-04-27 02:53:59','2015-04-27 02:53:59',1,NULL,'Ayeyarwady'),(26,'2015-04-27 02:53:59','2015-04-27 02:53:59',1,NULL,'Pathein'),(27,'2015-04-27 02:53:59','2015-04-27 02:53:59',1,NULL,'Kangyidaunt'),(28,'2015-04-27 02:53:59','2015-04-27 02:53:59',1,NULL,'Thabaung'),(29,'2015-04-27 02:53:59','2015-04-27 02:53:59',1,NULL,'Ngapudaw'),(30,'2015-04-27 02:53:59','2015-04-27 02:53:59',1,NULL,'Kyonpyaw'),(31,'2015-04-27 02:53:59','2015-04-27 02:53:59',1,NULL,'Yegyi'),(32,'2015-04-27 02:54:00','2015-04-27 02:54:00',1,NULL,'Kyaunggon'),(33,'2015-04-27 02:54:00','2015-04-27 02:54:00',1,NULL,'Hinthada'),(34,'2015-04-27 02:54:00','2015-04-27 02:54:00',1,NULL,'Zalun'),(35,'2015-04-27 02:54:00','2015-04-27 02:54:00',1,NULL,'Myanaung'),(36,'2015-04-27 02:54:00','2015-04-27 02:54:00',1,NULL,'Kyangin'),(37,'2015-04-27 02:54:00','2015-04-27 02:54:00',1,NULL,'Ingapu'),(38,'2015-04-27 02:54:00','2015-04-27 02:54:00',1,NULL,'Myaungmya'),(39,'2015-04-27 02:54:00','2015-04-27 02:54:00',1,NULL,'Einme'),(40,'2015-04-27 02:54:00','2015-04-27 02:54:00',1,NULL,'Wakema'),(41,'2015-04-27 02:54:00','2015-04-27 02:54:00',1,NULL,'Labutta'),(42,'2015-04-27 02:54:00','2015-04-27 02:54:00',1,NULL,'Mawlamyinegyun'),(43,'2015-04-27 02:54:00','2015-04-27 02:54:00',1,NULL,'Maubin'),(44,'2015-04-27 02:54:01','2015-04-27 02:54:01',1,NULL,'Pantanaw'),(45,'2015-04-27 02:54:01','2015-04-27 02:54:01',1,NULL,'Nyaungdon'),(46,'2015-04-27 02:54:01','2015-04-27 02:54:01',1,NULL,'Danubyu'),(47,'2015-04-27 02:54:01','2015-04-27 02:54:01',1,NULL,'Pyapon'),(48,'2015-04-27 02:54:01','2015-04-27 02:54:01',1,NULL,'Bogale'),(49,'2015-04-27 02:54:01','2015-04-27 02:54:01',1,NULL,'Kyaiklat'),(50,'2015-04-27 02:54:01','2015-04-27 02:54:01',1,NULL,'Dedaye'),(51,'2015-04-27 02:54:01','2015-04-27 02:54:01',1,NULL,'Bago (East)'),(52,'2015-04-27 02:54:01','2015-04-27 02:54:01',1,NULL,'Bago'),(53,'2015-04-27 02:54:01','2015-04-27 02:54:01',1,NULL,'Thanatpin'),(54,'2015-04-27 02:54:01','2015-04-27 02:54:01',1,NULL,'Kawa'),(55,'2015-04-27 02:54:01','2015-04-27 02:54:01',1,NULL,'Waw'),(56,'2015-04-27 02:54:01','2015-04-27 02:54:01',1,NULL,'Nyaunglebin'),(57,'2015-04-27 02:54:02','2015-04-27 02:54:02',1,NULL,'Daik-U'),(58,'2015-04-27 02:54:02','2015-04-27 02:54:02',1,NULL,'Shwegyin'),(59,'2015-04-27 02:54:02','2015-04-27 02:54:02',1,NULL,'Taungoo'),(60,'2015-04-27 02:54:02','2015-04-27 02:54:02',1,NULL,'Yedashe'),(61,'2015-04-27 02:54:02','2015-04-27 02:54:02',1,NULL,'Phyu'),(62,'2015-04-27 02:54:02','2015-04-27 02:54:02',1,NULL,'Oktwin'),(63,'2015-04-27 02:54:02','2015-04-27 02:54:02',1,NULL,'Yangon'),(64,'2015-04-27 02:54:02','2015-04-27 02:54:02',1,NULL,'Yangon (North)'),(65,'2015-04-27 02:54:02','2015-04-27 02:54:02',1,NULL,'Htantabin'),(66,'2015-04-27 02:54:02','2015-04-27 02:54:02',1,NULL,'Bago (West)'),(67,'2015-04-27 02:54:02','2015-04-27 02:54:02',1,NULL,'Pyay'),(68,'2015-04-27 02:54:02','2015-04-27 02:54:02',1,NULL,'Paukkhaung'),(69,'2015-04-27 02:54:02','2015-04-27 02:54:02',1,NULL,'Padaung'),(70,'2015-04-27 02:54:03','2015-04-27 02:54:03',1,NULL,'Thegon'),(71,'2015-04-27 02:54:03','2015-04-27 02:54:03',1,NULL,'Shwedaung'),(72,'2015-04-27 02:54:03','2015-04-27 02:54:03',1,NULL,'Thayarwady'),(73,'2015-04-27 02:54:03','2015-04-27 02:54:03',1,NULL,'Letpadan'),(74,'2015-04-27 02:54:03','2015-04-27 02:54:03',1,NULL,'Okpho'),(75,'2015-04-27 02:54:03','2015-04-27 02:54:03',1,NULL,'Zigon'),(76,'2015-04-27 02:54:03','2015-04-27 02:54:03',1,NULL,'Nattalin'),(77,'2015-04-27 02:54:03','2015-04-27 02:54:03',1,NULL,'Monyo'),(78,'2015-04-27 02:54:03','2015-04-27 02:54:03',1,NULL,'Chin'),(79,'2015-04-27 02:54:03','2015-04-27 02:54:03',1,NULL,'Falam'),(80,'2015-04-27 02:54:03','2015-04-27 02:54:03',1,NULL,'Mindat'),(81,'2015-04-27 02:54:03','2015-04-27 02:54:03',1,NULL,'Hakha'),(82,'2015-04-27 02:54:03','2015-04-27 02:54:03',1,NULL,'Thantlang'),(83,'2015-04-27 02:54:03','2015-04-27 02:54:03',1,NULL,'Kachin'),(84,'2015-04-27 02:54:03','2015-04-27 02:54:03',1,NULL,'Myitkyina'),(85,'2015-04-27 02:54:04','2015-04-27 02:54:04',1,NULL,'Waingmaw'),(86,'2015-04-27 02:54:04','2015-04-27 02:54:04',1,NULL,'Injangyang'),(87,'2015-04-27 02:54:04','2015-04-27 02:54:04',1,NULL,'Mohnyin'),(88,'2015-04-27 02:54:04','2015-04-27 02:54:04',1,NULL,'Hpakant'),(89,'2015-04-27 02:54:04','2015-04-27 02:54:04',1,NULL,'Bhamo'),(90,'2015-04-27 02:54:04','2015-04-27 02:54:04',1,NULL,'Momauk'),(91,'2015-04-27 02:54:04','2015-04-27 02:54:04',1,NULL,'Puta-O'),(92,'2015-04-27 02:54:04','2015-04-27 02:54:04',1,NULL,'Sumprabum'),(93,'2015-04-27 02:54:04','2015-04-27 02:54:04',1,NULL,'Kayah'),(94,'2015-04-27 02:54:04','2015-04-27 02:54:04',1,NULL,'Loikaw'),(95,'2015-04-27 02:54:04','2015-04-27 02:54:04',1,NULL,'Hpruso'),(96,'2015-04-27 02:54:04','2015-04-27 02:54:04',1,NULL,'Shadaw'),(97,'2015-04-27 02:54:04','2015-04-27 02:54:04',1,NULL,'Kayin'),(98,'2015-04-27 02:54:04','2015-04-27 02:54:04',1,NULL,'Hpa-An'),(99,'2015-04-27 02:54:05','2015-04-27 02:54:05',1,NULL,'Hlaingbwe'),(100,'2015-04-27 02:54:05','2015-04-27 02:54:05',1,NULL,'Thandaunggyi'),(101,'2015-04-27 02:54:05','2015-04-27 02:54:05',1,NULL,'Kawkareik'),(102,'2015-04-27 02:54:05','2015-04-27 02:54:05',1,NULL,'Kyainseikgyi'),(103,'2015-04-27 02:54:05','2015-04-27 02:54:05',1,NULL,'Magway'),(104,'2015-04-27 02:54:05','2015-04-27 02:54:05',1,NULL,'Yenangyaung'),(105,'2015-04-27 02:54:05','2015-04-27 02:54:05',1,NULL,'Chauk'),(106,'2015-04-27 02:54:05','2015-04-27 02:54:05',1,NULL,'Taungdwingyi'),(107,'2015-04-27 02:54:05','2015-04-27 02:54:05',1,NULL,'Myothit'),(108,'2015-04-27 02:54:05','2015-04-27 02:54:05',1,NULL,'Natmauk'),(109,'2015-04-27 02:54:05','2015-04-27 02:54:05',1,NULL,'Minbu'),(110,'2015-04-27 02:54:06','2015-04-27 02:54:06',1,NULL,'Pwintbyu'),(111,'2015-04-27 02:54:06','2015-04-27 02:54:06',1,NULL,'Ngape'),(112,'2015-04-27 02:54:06','2015-04-27 02:54:06',1,NULL,'Salin'),(113,'2015-04-27 02:54:06','2015-04-27 02:54:06',1,NULL,'Thayet'),(114,'2015-04-27 02:54:06','2015-04-27 02:54:06',1,NULL,'Mindon'),(115,'2015-04-27 02:54:06','2015-04-27 02:54:06',1,NULL,'Kamma'),(116,'2015-04-27 02:54:06','2015-04-27 02:54:06',1,NULL,'Aunglan'),(117,'2015-04-27 02:54:06','2015-04-27 02:54:06',1,NULL,'Sinbaungwe'),(118,'2015-04-27 02:54:06','2015-04-27 02:54:06',1,NULL,'Pakokku'),(119,'2015-04-27 02:54:06','2015-04-27 02:54:06',1,NULL,'Yesagyo'),(120,'2015-04-27 02:54:06','2015-04-27 02:54:06',1,NULL,'Pauk'),(121,'2015-04-27 02:54:06','2015-04-27 02:54:06',1,NULL,'Seikphyu'),(122,'2015-04-27 02:54:06','2015-04-27 02:54:06',1,NULL,'Gangaw'),(123,'2015-04-27 02:54:06','2015-04-27 02:54:06',1,NULL,'Tilin'),(124,'2015-04-27 02:54:07','2015-04-27 02:54:07',1,NULL,'Mandalay'),(125,'2015-04-27 02:54:07','2015-04-27 02:54:07',1,NULL,'Aungmyaythazan'),(126,'2015-04-27 02:54:07','2015-04-27 02:54:07',1,NULL,'Chanayethazan'),(127,'2015-04-27 02:54:07','2015-04-27 02:54:07',1,NULL,'Mahaaungmyay'),(128,'2015-04-27 02:54:07','2015-04-27 02:54:07',1,NULL,'Amarapura'),(129,'2015-04-27 02:54:07','2015-04-27 02:54:07',1,NULL,'Pyinoolwin'),(130,'2015-04-27 02:54:07','2015-04-27 02:54:07',1,NULL,'Madaya'),(131,'2015-04-27 02:54:07','2015-04-27 02:54:07',1,NULL,'Singu'),(132,'2015-04-27 02:54:07','2015-04-27 02:54:07',1,NULL,'Thabeikkyin'),(133,'2015-04-27 02:54:07','2015-04-27 02:54:07',1,NULL,'Kyaukse'),(134,'2015-04-27 02:54:07','2015-04-27 02:54:07',1,NULL,'Myittha'),(135,'2015-04-27 02:54:07','2015-04-27 02:54:07',1,NULL,'Tada-U'),(136,'2015-04-27 02:54:07','2015-04-27 02:54:07',1,NULL,'Myingyan'),(137,'2015-04-27 02:54:08','2015-04-27 02:54:08',1,NULL,'Taungtha'),(138,'2015-04-27 02:54:08','2015-04-27 02:54:08',1,NULL,'Natogyi'),(139,'2015-04-27 02:54:08','2015-04-27 02:54:08',1,NULL,'Kyaukpadaung'),(140,'2015-04-27 02:54:08','2015-04-27 02:54:08',1,NULL,'Ngazun'),(141,'2015-04-27 02:54:08','2015-04-27 02:54:08',1,NULL,'Nyaung-U'),(142,'2015-04-27 02:54:08','2015-04-27 02:54:08',1,NULL,'Yamethin'),(143,'2015-04-27 02:54:08','2015-04-27 02:54:08',1,NULL,'Pyawbwe'),(144,'2015-04-27 02:54:08','2015-04-27 02:54:08',1,NULL,'Meiktila'),(145,'2015-04-27 02:54:08','2015-04-27 02:54:08',1,NULL,'Mahlaing'),(146,'2015-04-27 02:54:08','2015-04-27 02:54:08',1,NULL,'Thazi'),(147,'2015-04-27 02:54:08','2015-04-27 02:54:08',1,NULL,'Wundwin'),(148,'2015-04-27 02:54:09','2015-04-27 02:54:09',1,NULL,'Nay Pyi Taw'),(149,'2015-04-27 02:54:09','2015-04-27 02:54:09',1,NULL,'Nay Pyi Taw-Pyinmana'),(150,'2015-04-27 02:54:09','2015-04-27 02:54:09',1,NULL,'Mon'),(151,'2015-04-27 02:54:09','2015-04-27 02:54:09',1,NULL,'Mawlamyine'),(152,'2015-04-27 02:54:09','2015-04-27 02:54:09',1,NULL,'Kyaikmaraw'),(153,'2015-04-27 02:54:09','2015-04-27 02:54:09',1,NULL,'Chaungzon'),(154,'2015-04-27 02:54:09','2015-04-27 02:54:09',1,NULL,'Thanbyuzayat'),(155,'2015-04-27 02:54:09','2015-04-27 02:54:09',1,NULL,'Mudon'),(156,'2015-04-27 02:54:09','2015-04-27 02:54:09',1,NULL,'Ye'),(157,'2015-04-27 02:54:09','2015-04-27 02:54:09',1,NULL,'Thaton'),(158,'2015-04-27 02:54:09','2015-04-27 02:54:09',1,NULL,'Paung'),(159,'2015-04-27 02:54:09','2015-04-27 02:54:09',1,NULL,'Kyaikto'),(160,'2015-04-27 02:54:09','2015-04-27 02:54:09',1,NULL,'Naypyitaw'),(161,'2015-04-27 02:54:09','2015-04-27 02:54:09',1,NULL,'Naypyitaw (North)'),(162,'2015-04-27 02:54:10','2015-04-27 02:54:10',1,NULL,'Zay Yar Thi Ri'),(163,'2015-04-27 02:54:10','2015-04-27 02:54:10',1,NULL,'Tatkon'),(164,'2015-04-27 02:54:10','2015-04-27 02:54:10',1,NULL,'Poke Ba Thi Ri'),(165,'2015-04-27 02:54:10','2015-04-27 02:54:10',1,NULL,'Naypyitaw (South)'),(166,'2015-04-27 02:54:10','2015-04-27 02:54:10',1,NULL,'Za Bu Thi Ri'),(167,'2015-04-27 02:54:10','2015-04-27 02:54:10',1,NULL,'Det Khi Na Thi Ri '),(168,'2015-04-27 02:54:10','2015-04-27 02:54:10',1,NULL,'Pyinmana'),(169,'2015-04-27 02:54:10','2015-04-27 02:54:10',1,NULL,'Lewe'),(170,'2015-04-27 02:54:10','2015-04-27 02:54:10',1,NULL,'Rakhine'),(171,'2015-04-27 02:54:10','2015-04-27 02:54:10',1,NULL,'Sittwe'),(172,'2015-04-27 02:54:10','2015-04-27 02:54:10',1,NULL,'Ponnagyun'),(173,'2015-04-27 02:54:10','2015-04-27 02:54:10',1,NULL,'Pauktaw'),(174,'2015-04-27 02:54:10','2015-04-27 02:54:10',1,NULL,'Rathedaung'),(175,'2015-04-27 02:54:11','2015-04-27 02:54:11',1,NULL,'Maungdaw'),(176,'2015-04-27 02:54:11','2015-04-27 02:54:11',1,NULL,'Buthidaung'),(177,'2015-04-27 02:54:11','2015-04-27 02:54:11',1,NULL,'Kyaukpyu'),(178,'2015-04-27 02:54:11','2015-04-27 02:54:11',1,NULL,'Ramree'),(179,'2015-04-27 02:54:11','2015-04-27 02:54:11',1,NULL,'Ann'),(180,'2015-04-27 02:54:11','2015-04-27 02:54:11',1,NULL,'Thandwe'),(181,'2015-04-27 02:54:11','2015-04-27 02:54:11',1,NULL,'Toungup'),(182,'2015-04-27 02:54:11','2015-04-27 02:54:11',1,NULL,'Mrauk-U'),(183,'2015-04-27 02:54:11','2015-04-27 02:54:11',1,NULL,'Kyauktaw'),(184,'2015-04-27 02:54:11','2015-04-27 02:54:11',1,NULL,'Minbya'),(185,'2015-04-27 02:54:11','2015-04-27 02:54:11',1,NULL,'Sagaing'),(186,'2015-04-27 02:54:11','2015-04-27 02:54:11',1,NULL,'Myinmu'),(187,'2015-04-27 02:54:12','2015-04-27 02:54:12',1,NULL,'Myaung'),(188,'2015-04-27 02:54:12','2015-04-27 02:54:12',1,NULL,'Shwebo'),(189,'2015-04-27 02:54:12','2015-04-27 02:54:12',1,NULL,'Khin-U'),(190,'2015-04-27 02:54:12','2015-04-27 02:54:12',1,NULL,'Wetlet'),(191,'2015-04-27 02:54:12','2015-04-27 02:54:12',1,NULL,'Kanbalu'),(192,'2015-04-27 02:54:12','2015-04-27 02:54:12',1,NULL,'Ye-U'),(193,'2015-04-27 02:54:12','2015-04-27 02:54:12',1,NULL,'Tabayin'),(194,'2015-04-27 02:54:12','2015-04-27 02:54:12',1,NULL,'Taze'),(195,'2015-04-27 02:54:12','2015-04-27 02:54:12',1,NULL,'Monywa'),(196,'2015-04-27 02:54:12','2015-04-27 02:54:12',1,NULL,'Budalin'),(197,'2015-04-27 02:54:12','2015-04-27 02:54:12',1,NULL,'Chaung-U'),(198,'2015-04-27 02:54:12','2015-04-27 02:54:12',1,NULL,'Katha'),(199,'2015-04-27 02:54:12','2015-04-27 02:54:12',1,NULL,'Wuntho'),(200,'2015-04-27 02:54:12','2015-04-27 02:54:12',1,NULL,'Pinlebu'),(201,'2015-04-27 02:54:12','2015-04-27 02:54:12',1,NULL,'Kale'),(202,'2015-04-27 02:54:13','2015-04-27 02:54:13',1,NULL,'Kalewa'),(203,'2015-04-27 02:54:13','2015-04-27 02:54:13',1,NULL,'Mingin'),(204,'2015-04-27 02:54:13','2015-04-27 02:54:13',1,NULL,'Tamu'),(205,'2015-04-27 02:54:13','2015-04-27 02:54:13',1,NULL,'Mawlaik'),(206,'2015-04-27 02:54:13','2015-04-27 02:54:13',1,NULL,'Paungbyin'),(207,'2015-04-27 02:54:13','2015-04-27 02:54:13',1,NULL,'Hkamti'),(208,'2015-04-27 02:54:13','2015-04-27 02:54:13',1,NULL,'Homalin'),(209,'2015-04-27 02:54:13','2015-04-27 02:54:13',1,NULL,'Lahe'),(210,'2015-04-27 02:54:13','2015-04-27 02:54:13',1,NULL,'Nanyun'),(211,'2015-04-27 02:54:13','2015-04-27 02:54:13',1,NULL,'Yinmabin'),(212,'2015-04-27 02:54:13','2015-04-27 02:54:13',1,NULL,'Kani'),(213,'2015-04-27 02:54:13','2015-04-27 02:54:13',1,NULL,'Pale'),(214,'2015-04-27 02:54:14','2015-04-27 02:54:14',1,NULL,'Shan (East)'),(215,'2015-04-27 02:54:14','2015-04-27 02:54:14',1,NULL,'Kengtung'),(216,'2015-04-27 02:54:14','2015-04-27 02:54:14',1,NULL,'Mongkhet'),(217,'2015-04-27 02:54:14','2015-04-27 02:54:14',1,NULL,'Mongyang'),(218,'2015-04-27 02:54:14','2015-04-27 02:54:14',1,NULL,'Monghsat'),(219,'2015-04-27 02:54:14','2015-04-27 02:54:14',1,NULL,'Mongping'),(220,'2015-04-27 02:54:14','2015-04-27 02:54:14',1,NULL,'Tachileik'),(221,'2015-04-27 02:54:14','2015-04-27 02:54:14',1,NULL,'Monghpyak'),(222,'2015-04-27 02:54:14','2015-04-27 02:54:14',1,NULL,'Shan (North)'),(223,'2015-04-27 02:54:14','2015-04-27 02:54:14',1,NULL,'Lashio'),(224,'2015-04-27 02:54:14','2015-04-27 02:54:14',1,NULL,'Mongyai'),(225,'2015-04-27 02:54:14','2015-04-27 02:54:14',1,NULL,'Tangyan'),(226,'2015-04-27 02:54:14','2015-04-27 02:54:14',1,NULL,'Muse'),(227,'2015-04-27 02:54:14','2015-04-27 02:54:14',1,NULL,'Kyaukme'),(228,'2015-04-27 02:54:15','2015-04-27 02:54:15',1,NULL,'Nawnghkio'),(229,'2015-04-27 02:54:15','2015-04-27 02:54:15',1,NULL,'Hsipaw'),(230,'2015-04-27 02:54:15','2015-04-27 02:54:15',1,NULL,'Mongmit'),(231,'2015-04-27 02:54:15','2015-04-27 02:54:15',1,NULL,'Mabein'),(232,'2015-04-27 02:54:15','2015-04-27 02:54:15',1,NULL,'Manton'),(233,'2015-04-27 02:54:15','2015-04-27 02:54:15',1,NULL,'Hopang'),(234,'2015-04-27 02:54:15','2015-04-27 02:54:15',1,NULL,'Shan (South)'),(235,'2015-04-27 02:54:15','2015-04-27 02:54:15',1,NULL,'Taunggyi'),(236,'2015-04-27 02:54:15','2015-04-27 02:54:15',1,NULL,'Nyaungshwe'),(237,'2015-04-27 02:54:15','2015-04-27 02:54:15',1,NULL,'Hopong'),(238,'2015-04-27 02:54:15','2015-04-27 02:54:15',1,NULL,'Hsihseng'),(239,'2015-04-27 02:54:15','2015-04-27 02:54:15',1,NULL,'Kalaw'),(240,'2015-04-27 02:54:15','2015-04-27 02:54:15',1,NULL,'Lawksawk'),(241,'2015-04-27 02:54:15','2015-04-27 02:54:15',1,NULL,'Pinlaung'),(242,'2015-04-27 02:54:16','2015-04-27 02:54:16',1,NULL,'Pekon'),(243,'2015-04-27 02:54:16','2015-04-27 02:54:16',1,NULL,'Loilen'),(244,'2015-04-27 02:54:16','2015-04-27 02:54:16',1,NULL,'Mongkaing'),(245,'2015-04-27 02:54:16','2015-04-27 02:54:16',1,NULL,'Langkho'),(246,'2015-04-27 02:54:16','2015-04-27 02:54:16',1,NULL,'Mawkmai'),(247,'2015-04-27 02:54:16','2015-04-27 02:54:16',1,NULL,'Tanintharyi'),(248,'2015-04-27 02:54:16','2015-04-27 02:54:16',1,NULL,'Dawei'),(249,'2015-04-27 02:54:16','2015-04-27 02:54:16',1,NULL,'Launglon'),(250,'2015-04-27 02:54:16','2015-04-27 02:54:16',1,NULL,'Yebyu'),(251,'2015-04-27 02:54:16','2015-04-27 02:54:16',1,NULL,'Myeik'),(252,'2015-04-27 02:54:16','2015-04-27 02:54:16',1,NULL,'Palaw'),(253,'2015-04-27 02:54:16','2015-04-27 02:54:16',1,NULL,'Kawthoung'),(254,'2015-04-27 02:54:16','2015-04-27 02:54:16',1,NULL,'Bokpyin'),(255,'2015-04-27 02:54:16','2015-04-27 02:54:16',1,NULL,'Mingaladon'),(256,'2015-04-27 02:54:17','2015-04-27 02:54:17',1,NULL,'Hmawbi'),(257,'2015-04-27 02:54:17','2015-04-27 02:54:17',1,NULL,'Hlegu'),(258,'2015-04-27 02:54:17','2015-04-27 02:54:17',1,NULL,'Taikkyi'),(259,'2015-04-27 02:54:17','2015-04-27 02:54:17',1,NULL,'Hlaingtharya'),(260,'2015-04-27 02:54:17','2015-04-27 02:54:17',1,NULL,'Yangon (East)'),(261,'2015-04-27 02:54:17','2015-04-27 02:54:17',1,NULL,'Thingangyun'),(262,'2015-04-27 02:54:17','2015-04-27 02:54:17',1,NULL,'South Okkalapa'),(263,'2015-04-27 02:54:17','2015-04-27 02:54:17',1,NULL,'Thaketa'),(264,'2015-04-27 02:54:17','2015-04-27 02:54:17',1,NULL,'Dawbon'),(265,'2015-04-27 02:54:17','2015-04-27 02:54:17',1,NULL,'Tamwe'),(266,'2015-04-27 02:54:17','2015-04-27 02:54:17',1,NULL,'Botahtaung'),(267,'2015-04-27 02:54:18','2015-04-27 02:54:18',1,NULL,'Dagon Myothit (South)'),(268,'2015-04-27 02:54:18','2015-04-27 02:54:18',1,NULL,'Dagon Myothit (North)'),(269,'2015-04-27 02:54:18','2015-04-27 02:54:18',1,NULL,'Dagon Myothit (East)'),(270,'2015-04-27 02:54:18','2015-04-27 02:54:18',1,NULL,'Dagon Myothit (Seikkan)'),(271,'2015-04-27 02:54:18','2015-04-27 02:54:18',1,NULL,'Mingalartaungnyunt'),(272,'2015-04-27 02:54:18','2015-04-27 02:54:18',1,NULL,'Yangon (South)'),(273,'2015-04-27 02:54:18','2015-04-27 02:54:18',1,NULL,'Thanlyin'),(274,'2015-04-27 02:54:18','2015-04-27 02:54:18',1,NULL,'Kyauktan'),(275,'2015-04-27 02:54:18','2015-04-27 02:54:18',1,NULL,'Thongwa'),(276,'2015-04-27 02:54:18','2015-04-27 02:54:18',1,NULL,'Kayan'),(277,'2015-04-27 02:54:19','2015-04-27 02:54:19',1,NULL,'Twantay'),(278,'2015-04-27 02:54:19','2015-04-27 02:54:19',1,NULL,'Kawhmu'),(279,'2015-04-27 02:54:19','2015-04-27 02:54:19',1,NULL,'Kungyangon'),(280,'2015-04-27 02:54:19','2015-04-27 02:54:19',1,NULL,'Dala'),(281,'2015-04-27 02:54:19','2015-04-27 02:54:19',1,NULL,'Seikgyikanaungto'),(282,'2015-04-27 02:54:19','2015-04-27 02:54:19',1,NULL,'Yangon (West)'),(283,'2015-04-27 02:54:19','2015-04-27 02:54:19',1,NULL,'Pabedan'),(284,'2015-04-27 02:54:19','2015-04-27 02:54:19',1,NULL,'Lanmadaw'),(285,'2015-04-27 02:54:19','2015-04-27 02:54:19',1,NULL,'Ahlone'),(286,'2015-04-27 02:54:19','2015-04-27 02:54:19',1,NULL,'Kyeemyindaing'),(287,'2015-04-27 02:54:19','2015-04-27 02:54:19',1,NULL,'Sanchaung'),(288,'2015-04-27 02:54:19','2015-04-27 02:54:19',1,NULL,'Hlaing'),(289,'2015-04-27 02:54:20','2015-04-27 02:54:20',1,NULL,'Mayangone'),(290,'2015-04-28 12:38:36','2015-04-28 12:38:36',1,NULL,'Enumerator ID: '),(291,'2015-04-28 12:38:36','2015-04-28 12:38:36',1,NULL,'Survey Form ID: '),(292,'2015-04-28 12:38:36','2015-04-28 12:38:36',1,NULL,'Interviewee Gender'),(293,'2015-04-28 12:38:36','2015-04-28 12:38:36',1,NULL,'Male'),(294,'2015-04-28 12:38:36','2015-04-28 12:38:36',1,NULL,'Female'),(295,'2015-04-28 12:38:36','2015-04-28 12:38:36',1,NULL,'Unspecified'),(296,'2015-04-28 12:38:36','2015-04-28 12:38:36',1,NULL,'Urban'),(297,'2015-04-28 12:38:36','2015-04-28 12:38:36',1,NULL,'Rural'),(298,'2015-04-28 13:09:10','2015-04-28 13:09:10',1,NULL,'Don\'t Know'),(299,'2015-04-28 13:09:10','2015-04-28 13:09:10',1,NULL,'Refuse to Answer'),(300,'2015-04-28 13:09:10','2015-04-28 13:09:10',1,NULL,'No Answer'),(301,'2015-04-28 13:09:10','2015-04-28 13:09:10',1,NULL,'Click here to answer'),(302,'2015-04-28 13:09:10','2015-04-28 13:09:10',1,NULL,'Often'),(303,'2015-04-28 13:09:10','2015-04-28 13:09:10',1,NULL,'Sometime'),(304,'2015-04-28 13:09:10','2015-04-28 13:09:10',1,NULL,'Never'),(305,'2015-04-28 14:22:42','2015-04-28 14:22:42',1,NULL,'1st Mention'),(306,'2015-04-28 14:22:42','2015-04-28 14:22:42',1,NULL,'2nd Mention'),(307,'2015-04-28 14:22:42','2015-04-28 14:22:42',1,NULL,'3rd  Mention'),(308,'2015-04-28 14:22:42','2015-04-28 14:22:42',1,NULL,'The party I support'),(309,'2015-04-28 14:22:42','2015-04-28 14:22:42',1,NULL,'Independent election observers'),(310,'2015-04-28 14:22:42','2015-04-28 14:22:42',1,NULL,'Foreign governments'),(311,'2015-04-28 14:22:42','2015-04-28 14:22:42',1,NULL,'The Myanmar Government'),(312,'2015-04-28 14:22:42','2015-04-28 14:22:42',1,NULL,'The Election Commission'),(313,'2015-04-28 14:22:42','2015-04-28 14:22:42',1,NULL,'The Media'),(314,'2015-04-28 14:22:42','2015-04-28 14:22:42',1,NULL,'My own opinion'),(315,'2015-04-28 14:22:42','2015-04-28 14:22:42',1,NULL,'Opinion of the average citizen'),(316,'2015-04-28 15:03:27','2015-04-28 15:03:27',1,NULL,'Write in YEAR:'),(317,'2015-04-29 00:50:11','2015-04-29 00:50:11',1,NULL,'Enumerator Form ID (7 Digits): '),(318,'2015-04-29 00:50:11','2015-04-29 00:50:11',1,NULL,'Yes'),(319,'2015-04-29 00:50:11','2015-04-29 00:50:11',1,NULL,'No'),(320,'2015-04-29 04:13:01','2015-04-29 04:13:01',1,NULL,'My name was chosen randomly using a numbered card after the enumerator asking the list of all adults in the household'),(321,'2015-04-29 04:13:01','2015-04-29 04:13:01',1,NULL,'I was the one that met the interviewer in the first place'),(322,'2015-04-29 04:13:01','2015-04-29 04:13:01',1,NULL,'I was the only one that was available at that time'),(323,'2015-04-29 04:13:01','2015-04-29 04:13:01',1,NULL,'I’m the head of household'),(324,'2015-04-29 04:13:01','2015-04-29 04:13:01',1,NULL,'I’m the only male/ female in the household'),(325,'2015-04-29 04:13:01','2015-04-29 04:13:01',1,NULL,'I’m pretty/ handsome/ attractive'),(326,'2015-04-29 04:13:02','2015-04-29 04:13:02',1,NULL,'I’m the oldest/ youngest in the household'),(327,'2015-04-29 04:13:02','2015-04-29 04:13:02',1,NULL,'My name was chosen, but I don’t know how'),(328,'2015-04-29 04:13:02','2015-04-29 04:13:02',1,NULL,'Others [specify] _________'),(329,'2015-04-29 06:17:26','2015-04-29 06:17:26',1,NULL,'Very interested'),(330,'2015-04-29 06:17:26','2015-04-29 06:17:26',1,NULL,'Somewhat interested'),(331,'2015-04-29 06:17:27','2015-04-29 06:17:27',1,NULL,'Not very interested'),(332,'2015-04-29 06:17:27','2015-04-29 06:17:27',1,NULL,'Not interested at all'),(333,'2015-04-29 06:25:11','2015-04-29 06:25:11',1,NULL,'Very Helpful'),(334,'2015-04-29 06:25:11','2015-04-29 06:25:11',1,NULL,'They can help a little'),(335,'2015-04-29 06:25:12','2015-04-29 06:25:12',1,NULL,'I doubt they can help'),(336,'2015-04-29 06:25:12','2015-04-29 06:25:12',1,NULL,'It is of no use at all'),(337,'2015-04-29 06:26:48','2015-04-29 06:26:48',1,NULL,'I haven\'t decided'),(338,'2015-04-29 07:41:33','2015-04-29 07:41:33',1,NULL,'Strongly Agree'),(339,'2015-04-29 07:41:33','2015-04-29 07:41:33',1,NULL,'Agree'),(340,'2015-04-29 07:41:33','2015-04-29 07:41:33',1,NULL,'Disagree'),(341,'2015-04-29 07:41:33','2015-04-29 07:41:33',1,NULL,'Strongly disagree'),(342,'2015-05-06 18:20:09','2015-05-10 09:12:27',2,25,'ဧရာဝတီ'),(343,'2015-05-06 18:20:09','2015-05-06 18:20:09',2,26,'ပုသိမ်'),(344,'2015-05-06 18:20:09','2015-05-10 09:12:48',2,27,'ကန်ကြီးဒေါင့်'),(345,'2015-05-06 18:20:09','2015-05-10 09:13:01',2,28,'သာပေါင်း'),(346,'2015-05-06 18:20:09','2015-05-10 09:13:10',2,29,'ငပုတော'),(347,'2015-05-06 18:20:09','2015-05-10 09:13:23',2,30,'ကျုံပျော်'),(348,'2015-05-06 18:20:09','2015-05-06 18:20:09',2,31,'Yegyi'),(349,'2015-05-06 18:20:10','2015-05-06 18:20:10',2,32,'ကျောင်းကုန်း'),(350,'2015-05-06 18:20:10','2015-05-06 18:20:10',2,33,'ဟင်္သာတ'),(351,'2015-05-06 18:20:10','2015-05-06 18:20:10',2,34,'Zalun'),(352,'2015-05-06 18:20:10','2015-05-06 18:20:10',2,35,'Myanaung'),(353,'2015-05-06 18:20:10','2015-05-06 18:20:10',2,36,'Kyangin'),(354,'2015-05-06 18:20:10','2015-05-06 18:20:10',2,37,'Ingapu'),(355,'2015-05-06 18:20:10','2015-05-06 18:20:10',2,38,'မြောင်းမြ'),(356,'2015-05-06 18:20:10','2015-05-06 18:20:10',2,39,'Einme'),(357,'2015-05-06 18:20:10','2015-05-06 18:20:10',2,40,'Wakema'),(358,'2015-05-06 18:20:11','2015-05-06 18:20:11',2,41,'လပွတ္တာ'),(359,'2015-05-06 18:20:11','2015-05-06 18:20:11',2,42,'မော်လမြိုင်ကျွန်း'),(360,'2015-05-06 18:20:11','2015-05-06 18:20:11',2,43,'မအူပင်'),(361,'2015-05-06 18:20:11','2015-05-06 18:20:11',2,44,'ပန်းတနော်'),(362,'2015-05-06 18:20:11','2015-05-06 18:20:11',2,45,'ညောင်တုန်း'),(363,'2015-05-06 18:20:11','2015-05-06 18:20:11',2,46,'Danubyu'),(364,'2015-05-06 18:20:11','2015-05-06 18:20:11',2,47,'ဖျာပုံ'),(365,'2015-05-06 18:20:11','2015-05-06 18:20:11',2,48,'ဘိုကလေး'),(366,'2015-05-06 18:20:11','2015-05-06 18:20:11',2,49,'ကျိုက်လတ်'),(367,'2015-05-06 18:20:11','2015-05-06 18:20:11',2,50,'ဒေးဒရဲ'),(368,'2015-05-06 18:20:11','2015-05-06 18:20:11',2,51,'ပဲခူး (အရှေ့)'),(369,'2015-05-06 18:20:12','2015-05-06 18:20:12',2,52,'ပဲခူး'),(370,'2015-05-06 18:20:12','2015-05-06 18:20:12',2,53,'သနပ္ပင်'),(371,'2015-05-06 18:20:12','2015-05-06 18:20:12',2,54,'Kawa'),(372,'2015-05-06 18:20:12','2015-05-06 18:20:12',2,55,'ဝေါ'),(373,'2015-05-06 18:20:12','2015-05-06 18:20:12',2,56,'ညောင်လေးပင်'),(374,'2015-05-06 18:20:12','2015-05-10 09:13:51',2,57,'ဒိုက်ဦး'),(375,'2015-05-06 18:20:12','2015-05-06 18:20:12',2,58,'Shwegyin'),(376,'2015-05-06 18:20:12','2015-05-06 18:20:12',2,59,'တောင်ငူ'),(377,'2015-05-06 18:20:12','2015-05-06 18:20:12',2,60,'ရေတာရှည်'),(378,'2015-05-06 18:20:12','2015-05-10 09:13:39',2,61,'ဖြူး'),(379,'2015-05-06 18:20:12','2015-05-10 09:13:41',2,62,'အုတ်တွင်း'),(380,'2015-05-06 18:20:12','2015-05-06 18:20:12',2,63,'ရန်ကုန်'),(381,'2015-05-06 18:20:12','2015-05-06 18:20:12',2,64,'ရန်ကုန် (မြောက်ပိုင်း)'),(382,'2015-05-06 18:20:12','2015-05-06 18:20:12',2,65,'Htantabin'),(383,'2015-05-06 18:20:13','2015-05-06 18:20:13',2,66,'ပဲခူး ( အနောက် )'),(384,'2015-05-06 18:20:13','2015-05-06 18:20:13',2,67,'ပြည်လမ်း'),(385,'2015-05-06 18:20:13','2015-05-06 18:20:13',2,68,'Paukkhaung'),(386,'2015-05-06 18:20:13','2015-05-06 18:20:13',2,69,'ပဒေါင်'),(387,'2015-05-06 18:20:13','2015-05-06 18:20:13',2,70,'Thegon'),(388,'2015-05-06 18:20:13','2015-05-06 18:20:13',2,71,'Shwedaung'),(389,'2015-05-06 18:20:13','2015-05-06 18:20:13',2,72,'Thayarwady'),(390,'2015-05-06 18:20:13','2015-05-06 18:20:13',2,73,'လက်ပံတန်းမြို့နယ်'),(391,'2015-05-06 18:20:13','2015-05-06 18:20:13',2,74,'Okpho'),(392,'2015-05-06 18:20:13','2015-05-06 18:20:13',2,75,'Zigon'),(393,'2015-05-06 18:20:13','2015-05-06 18:20:13',2,76,'Nattalin'),(394,'2015-05-06 18:20:13','2015-05-06 18:20:13',2,77,'Monyo'),(395,'2015-05-06 18:20:13','2015-05-06 18:21:40',2,78,'ချင်းပြည်နယ်'),(396,'2015-05-06 18:20:13','2015-05-06 18:20:13',2,79,'ဖလမ်း'),(397,'2015-05-06 18:20:13','2015-05-06 18:20:13',2,80,'မင်းတပ်'),(398,'2015-05-06 18:20:14','2015-05-06 18:20:14',2,81,'ဟားခါး'),(399,'2015-05-06 18:20:14','2015-05-06 18:20:14',2,82,'ပလက်ဝ'),(400,'2015-05-06 18:20:14','2015-05-06 18:20:14',2,83,'ကချင်'),(401,'2015-05-06 18:20:14','2015-05-06 18:20:14',2,84,'မြစ်ကြီးနား'),(402,'2015-05-06 18:20:14','2015-05-06 18:20:14',2,85,'ဝိုင်းမော်'),(403,'2015-05-06 18:20:14','2015-05-06 18:20:14',2,86,'Injangyang'),(404,'2015-05-06 18:20:14','2015-05-06 18:20:14',2,87,'မိုးညှင်းမြို့နယ်'),(405,'2015-05-06 18:20:14','2015-05-06 18:20:14',2,88,'ဖားကန့်'),(406,'2015-05-06 18:20:14','2015-05-06 18:20:14',2,89,'ဗန်းမော်'),(407,'2015-05-06 18:20:14','2015-05-06 18:20:14',2,90,'မိုးမောက်'),(408,'2015-05-06 18:20:14','2015-05-06 18:20:14',2,91,'ပူတာအို - အို'),(409,'2015-05-06 18:20:14','2015-05-06 18:20:14',2,92,'ဆွမ်ပရာဘွမ်'),(410,'2015-05-06 18:20:14','2015-05-06 18:20:14',2,93,'ကယား'),(411,'2015-05-06 18:20:14','2015-05-06 18:20:14',2,94,'လွိုင်ကော်မြို့'),(412,'2015-05-06 18:20:15','2015-05-06 18:20:15',2,95,'Hpruso'),(413,'2015-05-06 18:20:15','2015-05-06 18:20:15',2,96,'ရှားတော'),(414,'2015-05-06 18:20:15','2015-05-06 18:20:15',2,97,'ကရင်ပြည်နယ်'),(415,'2015-05-06 18:20:15','2015-05-06 18:20:15',2,98,'ဘားအံ'),(416,'2015-05-06 18:20:15','2015-05-06 18:20:15',2,99,'လှိုင်းဘွဲ'),(417,'2015-05-06 18:20:15','2015-05-10 20:35:44',2,100,'သံတောင်ကြီး'),(418,'2015-05-06 18:20:15','2015-05-06 18:20:15',2,101,'ကော့ကရိတ်'),(419,'2015-05-06 18:20:15','2015-05-06 18:20:15',2,102,'Kyainseikgyi'),(420,'2015-05-06 18:20:15','2015-05-06 18:20:15',2,103,'မကွေးမြို့'),(421,'2015-05-06 18:20:15','2015-05-06 18:20:15',2,104,'ရေနံချောင်း'),(422,'2015-05-06 18:20:15','2015-05-06 18:20:15',2,105,'ချောက်'),(423,'2015-05-06 18:20:15','2015-05-06 18:20:15',2,106,'တောင်တွင်းကြီးမြို့နယ်'),(424,'2015-05-06 18:20:15','2015-05-06 18:20:15',2,107,'ဒဂုံမြို့သစ်'),(425,'2015-05-06 18:20:15','2015-05-06 18:20:15',2,108,'နတ်မောက်'),(426,'2015-05-06 18:20:16','2015-05-06 18:20:16',2,109,'မင်းဘူး'),(427,'2015-05-06 18:20:16','2015-05-06 18:20:16',2,110,'Pwintbyu'),(428,'2015-05-06 18:20:16','2015-05-06 18:20:16',2,111,'Ngape'),(429,'2015-05-06 18:20:16','2015-05-06 18:20:16',2,112,'လင်း'),(430,'2015-05-06 18:20:16','2015-05-06 18:20:16',2,113,'သရက်'),(431,'2015-05-06 18:20:16','2015-05-06 18:20:16',2,114,'မင်းတုန်းမင်း'),(432,'2015-05-06 18:20:16','2015-05-06 18:20:16',2,115,'ကံ'),(433,'2015-05-06 18:20:16','2015-05-06 18:20:16',2,116,'အောင်လံ'),(434,'2015-05-06 18:20:16','2015-05-06 18:20:16',2,117,'Sinbaungwe'),(435,'2015-05-06 18:20:16','2015-05-06 18:20:16',2,118,'ပခုက္ကူ'),(436,'2015-05-06 18:20:16','2015-05-12 11:16:50',2,119,'ရေစကြို'),(437,'2015-05-06 18:20:16','2015-05-06 18:20:16',2,120,'ပေါက်'),(438,'2015-05-06 18:20:16','2015-05-06 18:20:16',2,121,'Seikphyu'),(439,'2015-05-06 18:20:16','2015-05-06 18:20:16',2,122,'ဂန့်ဂေါ'),(440,'2015-05-06 18:20:17','2015-05-06 18:20:17',2,123,'Tilin'),(441,'2015-05-06 18:20:17','2015-05-06 18:20:17',2,124,'မန္တလေး'),(442,'2015-05-06 18:20:17','2015-05-06 18:20:17',2,125,'Aungmyaythazan'),(443,'2015-05-06 18:20:17','2015-05-06 18:20:17',2,126,'Chanayethazan'),(444,'2015-05-06 18:20:17','2015-05-06 18:20:17',2,127,'Mahaaungmyay'),(445,'2015-05-06 18:20:17','2015-05-06 18:20:17',2,128,'အမရပူရ'),(446,'2015-05-06 18:20:17','2015-05-06 18:20:17',2,129,'ပြင်ဦးလွင်'),(447,'2015-05-06 18:20:17','2015-05-06 18:20:17',2,130,'မတ္တရာ'),(448,'2015-05-06 18:20:17','2015-05-06 18:20:17',2,131,'စဥ့်ကူး'),(449,'2015-05-06 18:20:17','2015-05-06 18:20:17',2,132,'သပိတ်ကျင်း'),(450,'2015-05-06 18:20:17','2015-05-06 18:20:17',2,133,'ကျောက်ဆည်'),(451,'2015-05-06 18:20:17','2015-05-06 18:20:17',2,134,'တ္တာ'),(452,'2015-05-06 18:20:17','2015-05-06 18:20:17',2,135,'တံတား ဦး'),(453,'2015-05-06 18:20:17','2015-05-06 18:20:17',2,136,'မြင်းခြံ'),(454,'2015-05-06 18:20:17','2015-05-06 18:20:17',2,137,'Taungtha'),(455,'2015-05-06 18:20:18','2015-05-06 18:20:18',2,138,'Natogyi'),(456,'2015-05-06 18:20:18','2015-05-06 18:20:18',2,139,'ကျောက်ပန်းတောင်း'),(457,'2015-05-06 18:20:18','2015-05-06 18:20:18',2,140,'Ngazun'),(458,'2015-05-06 18:20:18','2015-05-06 18:20:18',2,141,'ညောင် ဦး'),(459,'2015-05-06 18:20:18','2015-05-06 18:20:18',2,142,'ရမည်းသင်း'),(460,'2015-05-06 18:20:18','2015-05-06 18:20:18',2,143,'ပျော်ဘွယ်'),(461,'2015-05-06 18:20:18','2015-05-06 18:20:18',2,144,'မိတ္ထီလာ'),(462,'2015-05-06 18:20:18','2015-05-06 18:20:18',2,145,'လိုင်'),(463,'2015-05-06 18:20:18','2015-05-06 18:20:18',2,146,'Thazi'),(464,'2015-05-06 18:20:18','2015-05-06 18:20:18',2,147,'ဝမ်းတွင်း'),(465,'2015-05-06 18:20:19','2015-05-06 18:20:19',2,148,'နေပြည်တော်'),(466,'2015-05-06 18:20:19','2015-05-06 18:20:19',2,149,'နေပြည်တော် ပျဉ်းမနား -'),(467,'2015-05-06 18:20:19','2015-05-06 18:20:19',2,150,'မွန်'),(468,'2015-05-06 18:20:19','2015-05-06 18:20:19',2,151,'မော်လမြိုင်'),(469,'2015-05-06 18:20:19','2015-05-06 18:20:19',2,152,'ကျိုက်မရော'),(470,'2015-05-06 18:20:19','2015-05-06 18:20:19',2,153,'ချောင်းဆုံ'),(471,'2015-05-06 18:20:19','2015-05-06 18:20:19',2,154,'သံဖြူဇရပ်'),(472,'2015-05-06 18:20:19','2015-05-06 18:20:19',2,155,'မုဒုံ'),(473,'2015-05-06 18:20:19','2015-05-06 18:20:19',2,156,'သငျတို့သ'),(474,'2015-05-06 18:20:19','2015-05-06 18:20:19',2,157,'သထုံ'),(475,'2015-05-06 18:20:19','2015-05-06 18:20:19',2,158,'ပေါင်'),(476,'2015-05-06 18:20:19','2015-05-06 18:20:19',2,159,'Kyaikto'),(477,'2015-05-06 18:20:19','2015-05-06 18:20:19',2,160,'နေပြည်တော်'),(478,'2015-05-06 18:20:19','2015-05-06 18:20:19',2,161,'နေပြည်တော် (မြောက်ပိုင်း)'),(479,'2015-05-06 18:20:19','2015-05-06 18:20:19',2,162,'ဇေယျာ သီ Ri'),(480,'2015-05-06 18:20:19','2015-05-06 18:20:19',2,163,'တပ်ကုန်း'),(481,'2015-05-06 18:20:20','2015-05-06 18:20:20',2,164,'Poke Ba သီ Ri'),(482,'2015-05-06 18:20:20','2015-05-06 18:20:20',2,165,'နေပြည်တော် (တောင်ပိုင်း)'),(483,'2015-05-06 18:20:20','2015-05-06 18:20:20',2,166,'ဇ ဘူ သီ Ri'),(484,'2015-05-06 18:20:20','2015-05-06 18:20:20',2,167,'DET khi Na က သီ Ri'),(485,'2015-05-06 18:20:20','2015-05-06 18:20:20',2,168,'ပျဉ်းမနား'),(486,'2015-05-06 18:20:20','2015-05-06 18:20:20',2,169,'လယ်ဝေး'),(487,'2015-05-06 18:20:20','2015-05-06 18:20:20',2,170,'ရခိုင်'),(488,'2015-05-06 18:20:20','2015-05-06 18:20:20',2,171,'စစ်တွေတွင်'),(489,'2015-05-06 18:20:20','2015-05-06 18:20:20',2,172,'ပုဏ္ဏားကျွန်း'),(490,'2015-05-06 18:20:20','2015-05-06 18:20:20',2,173,'ပေါက်တော'),(491,'2015-05-06 18:20:20','2015-05-06 18:20:20',2,174,'Rathedaung'),(492,'2015-05-06 18:20:20','2015-05-06 18:20:20',2,175,'မောင်တော'),(493,'2015-05-06 18:20:20','2015-05-06 18:20:20',2,176,'ဘူးသီးတောင်'),(494,'2015-05-06 18:20:20','2015-05-06 18:20:20',2,177,'ကျောက်ဖြူ'),(495,'2015-05-06 18:20:20','2015-05-06 18:20:20',2,178,'ရမ်းဗြဲ'),(496,'2015-05-06 18:20:21','2015-05-06 18:20:21',2,179,'အမ်း'),(497,'2015-05-06 18:20:21','2015-05-06 18:20:21',2,180,'သံတွဲ'),(498,'2015-05-06 18:20:21','2015-05-06 18:20:21',2,181,'Toungup'),(499,'2015-05-06 18:20:21','2015-05-06 18:20:21',2,182,'မြောက်ဦး'),(500,'2015-05-06 18:20:21','2015-05-06 18:20:21',2,183,'ကျောက်တော်'),(501,'2015-05-06 18:20:21','2015-05-06 18:20:21',2,184,'မင်းပြား'),(502,'2015-05-06 18:20:21','2015-05-06 18:20:21',2,185,'စစ်ကိုင်း'),(503,'2015-05-06 18:20:21','2015-05-06 18:20:21',2,186,'Myinmu'),(504,'2015-05-06 18:20:21','2015-05-06 18:20:21',2,187,'မြောင်း'),(505,'2015-05-06 18:20:21','2015-05-06 18:20:21',2,188,'ရွှေဘို'),(506,'2015-05-06 18:20:21','2015-05-06 18:20:21',2,189,'ဦးခင် ဦး'),(507,'2015-05-06 18:20:21','2015-05-06 18:20:21',2,190,'Wetlet'),(508,'2015-05-06 18:20:21','2015-05-10 13:22:25',2,191,'ကန့်ဘလူ'),(509,'2015-05-06 18:20:21','2015-05-06 18:20:21',2,192,'သငျတို့သ ဦး'),(510,'2015-05-06 18:20:22','2015-05-06 18:20:22',2,193,'Tabayin'),(511,'2015-05-06 18:20:22','2015-05-06 18:20:22',2,194,'Taze'),(512,'2015-05-06 18:20:22','2015-05-06 18:20:22',2,195,'မုံရွာ'),(513,'2015-05-06 18:20:22','2015-05-06 18:20:22',2,196,'Budalin'),(514,'2015-05-06 18:20:22','2015-05-06 18:20:22',2,197,'ချောင်းဦး'),(515,'2015-05-06 18:20:22','2015-05-06 18:20:22',2,198,'Katha'),(516,'2015-05-06 18:20:22','2015-05-06 18:20:22',2,199,'Wuntho'),(517,'2015-05-06 18:20:22','2015-05-06 18:20:22',2,200,'Pinlebu'),(518,'2015-05-06 18:20:22','2015-05-06 18:20:22',2,201,'ကိုက်လန်'),(519,'2015-05-06 18:20:22','2015-05-06 18:20:22',2,202,'ကလေးဝ'),(520,'2015-05-06 18:20:22','2015-05-06 18:20:22',2,203,'Mingin'),(521,'2015-05-06 18:20:22','2015-05-06 18:20:22',2,204,'တမူး'),(522,'2015-05-06 18:20:22','2015-05-06 18:20:22',2,205,'Mawlaik'),(523,'2015-05-06 18:20:22','2015-05-06 18:20:22',2,206,'Paungbyin'),(524,'2015-05-06 18:20:22','2015-05-06 18:20:22',2,207,'ခန္တီး'),(525,'2015-05-06 18:20:23','2015-05-06 18:20:23',2,208,'Homalin'),(526,'2015-05-06 18:20:23','2015-05-06 18:20:23',2,209,'Lahe'),(527,'2015-05-06 18:20:23','2015-05-06 18:20:23',2,210,'နန်းယွန်း'),(528,'2015-05-06 18:20:23','2015-05-06 18:20:23',2,211,'Yinmabin'),(529,'2015-05-06 18:20:23','2015-05-06 18:20:23',2,212,'Kani'),(530,'2015-05-06 18:20:23','2015-05-06 18:20:23',2,213,'အရောငျဖြော့သော'),(531,'2015-05-06 18:20:23','2015-05-06 18:20:23',2,214,'ရှမ်း ( အရှေ့ )'),(532,'2015-05-06 18:20:23','2015-05-06 18:20:23',2,215,'ကျိုင်းတုံ'),(533,'2015-05-06 18:20:23','2015-05-06 18:20:23',2,216,'Mongkhet'),(534,'2015-05-06 18:20:23','2015-05-06 18:20:23',2,217,'Mongyang'),(535,'2015-05-06 18:20:23','2015-05-06 18:20:23',2,218,'Monghsat'),(536,'2015-05-06 18:20:23','2015-05-06 18:20:23',2,219,'Mongping'),(537,'2015-05-06 18:20:23','2015-05-06 18:20:23',2,220,'တာချီလိတ်'),(538,'2015-05-06 18:20:23','2015-05-06 18:20:23',2,221,'Monghpyak'),(539,'2015-05-06 18:20:24','2015-05-06 18:20:24',2,222,'ရှမ်း ( မြောက် )'),(540,'2015-05-06 18:20:24','2015-05-06 18:20:24',2,223,'လားရှိုး'),(541,'2015-05-06 18:20:24','2015-05-06 18:20:24',2,224,'မိုင်းရယ်'),(542,'2015-05-06 18:20:24','2015-05-06 18:20:24',2,225,'တန့်ယန်း'),(543,'2015-05-06 18:20:24','2015-05-06 18:20:24',2,226,'မူဆယ်'),(544,'2015-05-06 18:20:24','2015-05-06 18:20:24',2,227,'ကျောက်မဲ'),(545,'2015-05-06 18:20:24','2015-05-06 18:20:24',2,228,'Nawnghkio'),(546,'2015-05-06 18:20:24','2015-05-06 18:20:24',2,229,'သီပေါမြို့နယ်'),(547,'2015-05-06 18:20:24','2015-05-06 18:20:24',2,230,'Mongmit'),(548,'2015-05-06 18:20:24','2015-05-06 18:20:24',2,231,'မဘိန်း'),(549,'2015-05-06 18:20:24','2015-05-06 18:20:24',2,232,'မန်တုန်'),(550,'2015-05-06 18:20:24','2015-05-06 18:20:24',2,233,'Hopang'),(551,'2015-05-06 18:20:24','2015-05-06 18:20:24',2,234,'ရှမ်း ( တောင်ပိုင်း)'),(552,'2015-05-06 18:20:25','2015-05-06 18:20:25',2,235,'တောင်ကြီးမြို့'),(553,'2015-05-06 18:20:25','2015-05-06 18:20:25',2,236,'ညောင်ရွှေ'),(554,'2015-05-06 18:20:25','2015-05-06 18:20:25',2,237,'Hopong'),(555,'2015-05-06 18:20:25','2015-05-06 18:20:25',2,238,'Hsihseng'),(556,'2015-05-06 18:20:25','2015-05-06 18:20:25',2,239,'ကလောမြို့နယ်'),(557,'2015-05-06 18:20:25','2015-05-06 18:20:25',2,240,'Lawksawk'),(558,'2015-05-06 18:20:25','2015-05-06 18:20:25',2,241,'Pinlaung'),(559,'2015-05-06 18:20:25','2015-05-06 18:20:25',2,242,'ဖယ်ခုံ'),(560,'2015-05-06 18:20:25','2015-05-06 18:20:25',2,243,'Loilen'),(561,'2015-05-06 18:20:25','2015-05-06 18:20:25',2,244,'Mongkaing'),(562,'2015-05-06 18:20:25','2015-05-06 18:20:25',2,245,'Langkho'),(563,'2015-05-06 18:20:25','2015-05-06 18:20:25',2,246,'Mawkmai'),(564,'2015-05-06 18:20:25','2015-05-06 18:20:25',2,247,'တနင်္သာရီ'),(565,'2015-05-06 18:20:25','2015-05-06 18:20:25',2,248,'ထားဝယ်'),(566,'2015-05-06 18:20:26','2015-05-06 18:20:26',2,249,'Launglon'),(567,'2015-05-06 18:20:26','2015-05-06 18:20:26',2,250,'Yebyu'),(568,'2015-05-06 18:20:26','2015-05-06 18:20:26',2,251,'မြိတ်'),(569,'2015-05-06 18:20:26','2015-05-06 18:20:26',2,252,'Palaw'),(570,'2015-05-06 18:20:26','2015-05-06 18:20:26',2,253,'ကော့သောင်း'),(571,'2015-05-06 18:20:26','2015-05-06 18:20:26',2,254,'Bokpyin'),(572,'2015-05-06 18:20:26','2015-05-06 18:20:26',2,255,'မင်္ဂလာဒုံ'),(573,'2015-05-06 18:20:26','2015-05-06 18:20:26',2,256,'မှော်ဘီမြို့နယ်'),(574,'2015-05-06 18:20:26','2015-05-06 18:20:26',2,257,'လှည်းကူး'),(575,'2015-05-06 18:20:26','2015-05-06 18:20:26',2,258,'တိုက်ကြီးမြို့နယ်'),(576,'2015-05-06 18:20:26','2015-05-06 18:20:26',2,259,'လှိုင်သာယာ'),(577,'2015-05-06 18:20:26','2015-05-06 18:20:26',2,260,'ရန်ကုန် (အရှေ့ပိုင်း)'),(578,'2015-05-06 18:20:26','2015-05-06 18:20:26',2,261,'သင်္ဃန်းကျွန်း'),(579,'2015-05-06 18:20:27','2015-05-06 18:20:27',2,262,'တောင်ဥက္ကလာပ'),(580,'2015-05-06 18:20:27','2015-05-06 18:20:27',2,263,'သာကေတ'),(581,'2015-05-06 18:20:27','2015-05-06 18:20:27',2,264,'Dawbon'),(582,'2015-05-06 18:20:27','2015-05-06 18:20:27',2,265,'တာမွေ'),(583,'2015-05-06 18:20:27','2015-05-06 18:20:27',2,266,'ဗိုလ်တစ်ထောင်'),(584,'2015-05-06 18:20:27','2015-05-06 18:20:27',2,267,'ဒဂုံမြို့သစ် ( တောင်ပိုင်း)'),(585,'2015-05-06 18:20:27','2015-05-06 18:20:27',2,268,'ဒဂုံမြို့သစ် ( မြောက်ပိုင်း)'),(586,'2015-05-06 18:20:27','2015-05-06 18:20:27',2,269,'ဒဂုံမြို့သစ် ( အရှေ့ )'),(587,'2015-05-06 18:20:27','2015-05-06 18:20:27',2,270,'ဒဂုံမြို့သစ် ( ဆိပ်ကမ်းမြို့နယ် )'),(588,'2015-05-06 18:20:27','2015-05-06 18:20:27',2,271,'မင်္ဂလာတောင်'),(589,'2015-05-06 18:20:27','2015-05-06 18:20:27',2,272,'ရန်ကုန် (တောင်ပိုင်း)'),(590,'2015-05-06 18:20:27','2015-05-06 18:20:27',2,273,'သန်လျင်'),(591,'2015-05-06 18:20:27','2015-05-06 18:20:27',2,274,'ကျောက်တန်းမြို့နယ်'),(592,'2015-05-06 18:20:27','2015-05-06 18:20:27',2,275,'Thongwa'),(593,'2015-05-06 18:20:28','2015-05-06 18:20:28',2,276,'ကယန်း'),(594,'2015-05-06 18:20:28','2015-05-06 18:20:28',2,277,'တွံတေး'),(595,'2015-05-06 18:20:28','2015-05-06 18:20:28',2,278,'ကော့မှူး'),(596,'2015-05-06 18:20:28','2015-05-06 18:20:28',2,279,'ကွမ်းခြံကုန်း'),(597,'2015-05-06 18:20:28','2015-05-06 18:20:28',2,280,'ဒလ'),(598,'2015-05-06 18:20:28','2015-05-06 18:20:28',2,281,'Seikgyikanaungto'),(599,'2015-05-06 18:20:28','2015-05-06 18:20:28',2,282,'ရန်ကုန် ( အနောက် )'),(600,'2015-05-06 18:20:28','2015-05-06 18:20:28',2,283,'ပန်းဘဲတန်း'),(601,'2015-05-06 18:20:28','2015-05-06 18:20:28',2,284,'လမ်းမတော်'),(602,'2015-05-06 18:20:28','2015-05-06 18:20:28',2,285,'အလုံ'),(603,'2015-05-06 18:20:28','2015-05-06 18:20:28',2,286,'ကြည့်မြင်တိုင်'),(604,'2015-05-06 18:20:28','2015-05-06 18:20:28',2,287,'စမ်းချောင်း'),(605,'2015-05-06 18:20:28','2015-05-06 18:20:28',2,288,'လှိုင်'),(606,'2015-05-06 18:20:28','2015-05-06 18:20:28',2,289,'မရမ်းကုန်း'),(607,'2015-05-06 18:21:21','2015-05-06 18:21:21',1,NULL,'Burmese'),(608,'2015-05-06 18:21:21','2015-05-06 18:21:21',2,607,'မြန်မာ'),(609,'2015-05-06 19:21:46','2015-05-10 09:16:33',2,290,'​စစ်​တမ်း​ကောက်​ယူ​သူ​၏ ​ကိုယ်​ပိုင်​နံ​ပါတ်'),(610,'2015-05-06 19:21:46','2015-05-06 19:21:46',1,NULL,'Click to check'),(611,'2015-05-06 19:21:46','2015-05-10 12:30:54',2,610,'စစ်ဆေးရန်နှိပ်ပါ'),(612,'2015-05-06 19:21:46','2015-05-06 19:21:46',1,NULL,'Enumerator Name:'),(613,'2015-05-06 19:21:46','2015-05-10 09:18:42',2,612,'စာရင်းကောက်ယူသူ အမည် :'),(614,'2015-05-06 19:21:46','2015-05-06 19:21:46',1,NULL,'State:'),(615,'2015-05-06 19:21:46','2015-05-10 12:47:06',2,614,'ပြည်နယ်/တိုင်းဒေသကြီး :'),(616,'2015-05-06 19:21:46','2015-05-06 19:21:46',1,NULL,'Village:'),(617,'2015-05-06 19:21:46','2015-05-06 19:21:46',2,616,'ရွာ :'),(618,'2015-05-06 19:21:46','2015-05-06 19:21:46',2,291,'စစ်တမ်း ပုံစံ ID:'),(619,'2015-05-06 19:21:46','2015-05-06 19:32:56',2,292,'ဖြေဆိုသူ လိင်'),(620,'2015-05-06 19:21:46','2015-05-06 19:31:14',2,293,'ကျား'),(621,'2015-05-06 19:21:46','2015-05-06 19:31:19',2,294,'မ'),(622,'2015-05-06 19:21:46','2015-05-06 19:31:37',2,295,'မဖော်ပြ'),(623,'2015-05-06 19:21:46','2015-05-06 19:21:46',1,NULL,'PSU :'),(624,'2015-05-06 19:21:46','2015-05-06 19:21:46',2,623,'PSU :'),(625,'2015-05-06 19:21:46','2015-05-12 23:16:58',2,296,'ရပ်ကွက်'),(626,'2015-05-06 19:21:46','2015-05-12 23:17:14',2,297,'ကျေးရွာ'),(627,'2015-05-06 19:21:46','2015-05-06 19:21:46',1,NULL,'Household Visits'),(628,'2015-05-06 19:21:46','2015-05-10 09:19:39',2,627,'​အိမ်​ထောင်​စု​များ​ထံ ​သွား​ရောက်​ခြင်း'),(629,'2015-05-06 19:21:46','2015-05-06 19:21:46',1,NULL,'reset'),(630,'2015-05-06 19:21:46','2015-05-06 19:28:46',2,629,'ပြန်ပြင်ရန်'),(631,'2015-05-06 19:21:47','2015-05-06 19:21:47',1,NULL,'How many visits were made to the household where the interview actually took place?'),(632,'2015-05-06 19:21:47','2015-05-10 12:17:23',2,631,'​တွေ့​ဆုံ​မေး​မြန်း​ခြင်း ​ပြု​လုပ်​ရန်​အ​တွက် ​ယင်း​အိမ်​ထောင်​စု​သို့ ​ဘယ်​နှစ်​ကြိမ်​သွား ​ရောက်​ခဲ့​ပါ​သ​လဲ။'),(633,'2015-05-06 19:21:47','2015-05-06 19:21:47',1,NULL,'1'),(634,'2015-05-06 19:21:47','2015-05-06 19:21:47',2,633,'1'),(635,'2015-05-06 19:21:47','2015-05-06 19:21:47',1,NULL,'2'),(636,'2015-05-06 19:21:47','2015-05-06 19:21:47',2,635,'2'),(637,'2015-05-06 19:21:47','2015-05-06 19:21:47',1,NULL,'3'),(638,'2015-05-06 19:21:47','2015-05-06 19:21:47',2,637,'3'),(639,'2015-05-06 19:21:47','2015-05-10 09:34:39',2,300,'အဖြေမရှိ'),(640,'2015-05-06 19:21:47','2015-05-06 19:21:47',1,NULL,'Date of interview [Interviewer: Enter day, month, and year]'),(641,'2015-05-06 19:21:47','2015-05-10 12:18:34',2,640,'​တွေ့​ဆုံ​မေး​မြန်း​ခြင်း ​ပြု​လုပ်​သည့်​ရက်'),(642,'2015-05-06 19:21:47','2015-05-06 19:21:47',1,NULL,'Time interview started  [Interviewer:  Enter hour and minute, use 24 hr. clock and be exact]'),(643,'2015-05-06 19:21:47','2015-05-10 12:19:17',2,642,'​တွေ့​ဆုံ​မေး​မြန်း​ခြင်း ​စ​တင်​သည့်​အ​ချိန် [​စစ်​တမ်း​ကောက်​ယူ​သူ​မှ ​နာ​ရီ​နှင့် ​မိ​နစ်​များ​ကို ​ဖြည့်​သွင်း​ပါ။ (၂၄)​နာ​ရီ​အ​တိုင်း​အ​တာ​ကို ​အ​သုံး​ပြု​ပြီး ​အ​ချိန်​ကို ​အ​တိ​အ​ကျ​မှတ်​ပါ]'),(644,'2015-05-06 19:21:47','2015-05-06 19:21:47',1,NULL,'Are you the head of the household?'),(645,'2015-05-06 19:21:47','2015-05-10 12:19:49',2,644,'​သင်​ဟာ ​ဒီ​မိ​သား​စု​ရဲ့ ​အိမ်​ထောင်​ဦး​စီး​ဖြစ်​ပါ​သ​လား။'),(646,'2015-05-06 19:21:47','2015-05-12 11:16:38',2,318,'ဟုတ်ပါသည်'),(647,'2015-05-06 19:21:47','2015-05-10 12:43:59',2,319,'မဟုတ်ပါ'),(648,'2015-05-06 19:21:47','2015-05-10 12:14:31',2,298,'မသိပါ'),(649,'2015-05-06 19:21:47','2015-05-10 12:15:21',2,299,'​ဖြေ​ဆို​ရန် ​ငြင်း​ဆို​သည်'),(650,'2015-05-06 19:21:47','2015-05-06 19:21:47',1,NULL,'Here is a list of groups and organizations; I’d like you to tell me if you have often, sometimes, or never participated in the following types of meetings or activities over the past year. '),(651,'2015-05-06 19:21:48','2015-05-10 12:21:22',2,650,'​သင့်​အ​နေနဲ့  ​ပြီး​ခဲ့​တဲ့​နှစ်​က ​အောက်​ဖော်​ပြ​ပါ ​အ​သင်း​အ​ပင်း​နှင့် ​အ​ဖွဲ့​အ​စည်း​တွေ​ရဲ့ ​အ​စည်း​အ​ဝေး​ပွဲ(​သို့​မ​ဟုတ်) ​လှုပ်​ရှား​မှု​များ​ကို ​မ​ကြာ​ခ​ဏ၊ ​တစ်​ခါ​တစ်​ရံ (​သို့​မ​ဟုတ်) ​တစ်​ခါ​မှ​ပါ​ဝင်​ခဲ့​ဖူး​ခြင်း ​ရှိ/​မ​ရှိ​ကို ​ကျွန်​တော်/​မ ​ကို ​ပြော​ပြ​စေ​ချင်​ပါ ​တယ်။ '),(652,'2015-05-06 19:21:48','2015-05-06 19:21:48',1,NULL,'Cultural Groups'),(653,'2015-05-06 19:21:48','2015-05-10 12:25:38',2,652,'ယဉ်ကျေးမှုနှင့် သက်ဆိုင်သော အသင်းအဖွဲ့ (စာပေဟောပြောပွဲ၊ ပျော်ပွဲရွင်ပွဲ၊ ဂီတပွဲတော်များစသည်ဖြင့်)'),(654,'2015-05-06 19:21:48','2015-05-10 13:08:09',2,302,'မကြာခဏ'),(655,'2015-05-06 19:21:48','2015-05-10 13:07:38',2,303,'တစ်ခါတစ်ရံ'),(656,'2015-05-06 19:21:48','2015-05-10 13:08:48',2,304,'တစ်ခါမှ မပါဝင်ဖူးပါ'),(657,'2015-05-06 19:21:48','2015-05-06 19:21:48',1,NULL,'Sports Groups'),(658,'2015-05-06 19:21:48','2015-05-10 12:26:59',2,657,'စုပေါင်းကိုယ်လက်လှုပ်ရှား အားကစားအသင်းအဖွဲ့ (ကိုယ်တိုင်ကိုယ်ကျ ပါဝင်ခြင်း၊ ကြည့်ရှုအားပေးခြင်း)'),(659,'2015-05-06 19:21:48','2015-05-06 19:21:48',1,NULL,'Worker Associations'),(660,'2015-05-06 19:21:48','2015-05-10 12:27:32',2,659,' မိမိ၏အလုပ်နှင့် ပတ်သက်သောအသင်းအဖွဲ့'),(661,'2015-05-06 19:21:48','2015-05-06 19:21:48',1,NULL,'Community Development Groups'),(662,'2015-05-06 19:21:48','2015-05-10 12:28:11',2,661,'ရပ်ရွာဒေသ ဖွံ့ဖြိုးတိုးတက်ရေး အသင်းအဖွဲ့များ'),(663,'2015-05-06 19:21:48','2015-05-06 19:21:48',1,NULL,'Other Gatherings  (Please indicate what kind of other gatherings they attend: __________________)'),(664,'2015-05-06 19:21:49','2015-05-13 12:13:05',2,663,'တခြားသော အသင်းအပင်း၊ အဖွဲ့အစည်းများနှင့် စုပေါင်းလှုပ်ရှားမှုများ မည်သို့သော အမျိုးအစားဖြစ်သည်ကို ဖော်ပြရန် (                                                          )'),(665,'2015-05-06 19:21:49','2015-05-10 12:30:45',2,301,'အဖြေပေးရန် ဒီမှာနှိပ်ပါ'),(666,'2015-05-06 19:21:49','2015-05-06 19:21:49',1,NULL,'How interested would you say you are in politics? '),(667,'2015-05-06 19:21:49','2015-05-10 12:37:45',2,666,'သင့်အနေနှင့် နိုင်ငံရေးနဲ့ ပတ်သက်ပြီး ဘယ်လောက်ထိ စိတ်ဝင်စားပါလဲ။  '),(668,'2015-05-06 19:21:49','2015-05-06 19:21:49',2,329,'အလွန် စိတ်ဝင်စား'),(669,'2015-05-06 19:21:49','2015-05-12 23:32:23',2,330,'အနည်းငယ် စိတ်ဝင်စား'),(670,'2015-05-06 19:21:49','2015-05-10 12:45:39',2,331,'သိပ်စိတ်မဝင်စား'),(671,'2015-05-06 19:21:49','2015-05-12 23:31:44',2,332,'လုံးဝစိတ်မဝင်စားပါ'),(672,'2015-05-06 19:21:49','2015-05-06 19:21:49',1,NULL,'In many countries, independent groups observe elections. Have you heard of this?'),(673,'2015-05-06 19:21:49','2015-05-10 12:39:59',2,672,' နိုင်ငံတော်တော်များများမှာ လွတ်လပ်တဲ့ အရပ်ဘက် လူမှုအဖွဲ့အစည်းတွေက ရွေးကောက်ပွဲတွေကို စောင့်ကြည့် လေ့လာကြတာကို ကြားဖူးပါသလား။'),(674,'2015-05-06 19:21:49','2015-05-06 19:21:49',1,NULL,'Sometimes, international groups observe elections. Do you think that the involvement of international observers helps guarantee transparent elections? '),(675,'2015-05-06 19:21:49','2015-05-10 12:41:37',2,674,'တစ်ခါတစ်ရံ နိုင်ငံတကာအဖွဲ့အစည်းတွေကလည်း ရွေးကောက်ပွဲတွေကို စောင့်ကြည့်လေ့လာတာတွေ လုပ် ဆောင်ကြပါတယ်။ သင့်အနေနဲ့ အဲ့ဒီလို နိုင်ငံတကာ စောင့်ကြည့်လေ့လာသူများရဲ့ ပါဝင်မှုက ပွင့်လင်းမြင်သာတဲ့ ရွေး ကောက်ပွဲများ ပေါ်ပေါက်ရေးကို အာမခံနိုင်တယ်လို့ ထင်ပါသလား။ '),(676,'2015-05-06 19:21:49','2015-05-10 13:10:53',2,333,'အလွန်အကူအညီဖြစ်သည်'),(677,'2015-05-06 19:21:49','2015-05-10 13:11:19',2,334,'အနည်းငယ်သာ အကူအညီဖြစ်စေနိုင်သည်'),(678,'2015-05-06 19:21:49','2015-05-15 03:18:11',2,335,'အကူအညီဖြစ်နိုင်သည်ကို မယုံကြည်ပါ'),(679,'2015-05-06 19:21:50','2015-05-10 13:13:29',2,336,'အကူအညီ လုံးဝမဖြစ်ပါ'),(680,'2015-05-06 19:21:50','2015-05-06 19:21:50',1,NULL,'Sometimes, national groups observe the elections. Do you think the involvement of national observers helps guarantee transparent elections?'),(681,'2015-05-06 19:21:50','2015-05-10 12:42:27',2,680,'တစ်ခါတစ်ရံ ပြည်တွင်းအဖွဲ့အစည်းတွေကလည်း ရွေးကောက်ပွဲတွေကို စောင့်ကြည့်လေ့လာတာတွေ လုပ်ဆောင် ကြပါတယ်။ ပြည်တွင်းစောင့်ကြည့်လေ့လာသူများရဲ့ ပါဝင်မှုက ပွင့်လင်းမြင်သာတဲ့ ရွေးကောက်ပွဲများ ပေါ်ပေါက်ရေးကို အကူအညီဖြစ်စေတယ်လို့ သင်ထင်ပါသလား။ '),(682,'2015-05-06 19:21:50','2015-05-06 19:21:50',1,NULL,'On a scale of 1 to 5 where ‘1’ means “not important at all” and ‘5’ means “very important,\" how important are the following things for an election to be run well… '),(683,'2015-05-06 19:21:50','2015-05-10 12:51:42',2,682,' အောက်ပါအဆိုပြုချက်များသည် ရွေးကောက်ပွဲတစ်ခု၏ အရည်အသွေးကို သတ်မှတ်ရန် မည်သည့်အတိုင်းအတာ အထိ အရေးကြီးသည်ကို အဆင့်သတ်မှတ်ပါ။ အဆင့်သတ်မှတ်မှုတွင် အဆင့်(၁)ကို လုံးဝအရေးမကြီးဟု သတ်မှတ်ပါ သည်။ အဆင့်(၅)ကို အလွန်အရေးကြီးသည်ဟု သတ်မှတ်ပါသည်။'),(684,'2015-05-06 19:21:50','2015-05-06 19:21:50',1,NULL,'Question'),(685,'2015-05-06 19:21:50','2015-05-06 19:21:50',2,684,'မေးခွန်း'),(686,'2015-05-06 19:21:50','2015-05-06 19:21:50',1,NULL,'1 Not Important'),(687,'2015-05-06 19:21:50','2015-05-06 19:21:50',2,686,'1 အရေးကြီး မဟုတ်'),(688,'2015-05-06 19:21:50','2015-05-06 19:21:50',1,NULL,'4'),(689,'2015-05-06 19:21:50','2015-05-06 19:21:50',2,688,'4'),(690,'2015-05-06 19:21:50','2015-05-06 19:21:50',1,NULL,'5 Very Important'),(691,'2015-05-06 19:21:50','2015-05-06 19:21:50',2,690,'5 အလွန် အရေးကြီး'),(692,'2015-05-06 19:21:50','2015-05-06 19:21:50',1,NULL,'Whose opinion do you think matters most, when it comes to deciding whether elections have been run well?  Please pick up to three.'),(693,'2015-05-06 19:21:50','2015-05-10 12:52:32',2,692,' ရွေးကောက်ပွဲကောင်းတစ်ခု ဟုတ်/မဟုတ် ဆုံးဖြတ်ရာတွင် မည်သည့်အဖွဲ့အစည်း၊ လူပုဂ္ဂိုလ်များ၏ သဘောထား သတ်မှတ်ချက်က အရေးအကြီးဆုံးဖြစ်သည်ဟု ထင်ပါသလဲ။ (၃)ခု ရွေးချယ်ပါ။'),(694,'2015-05-06 19:21:50','2015-05-06 19:21:50',2,305,'1st ဖော်ပြခြင်း'),(695,'2015-05-06 19:21:50','2015-05-06 19:21:50',2,306,'2nd ဖော်ပြခြင်း'),(696,'2015-05-06 19:21:50','2015-05-06 19:21:50',2,307,'3rd ဖော်ပြခြင်း'),(697,'2015-05-06 19:21:51','2015-05-10 16:59:28',2,308,'ကျွန်တော်/မ ထောက်ခံသောပါတီ'),(698,'2015-05-06 19:21:51','2015-05-10 17:00:26',2,309,'လွတ်လပ်သော ရွေးကောက်ပွဲစောင့်ကြည့်လေ့လာသူများ'),(699,'2015-05-06 19:21:51','2015-05-10 17:01:37',2,310,'အခြားနိုင်ငံများမှ အစိုးရများ'),(700,'2015-05-06 19:21:51','2015-05-10 17:03:03',2,311,'မြန်မာနိုင်ငံအစိုးရ '),(701,'2015-05-06 19:21:51','2015-05-06 19:21:51',2,312,'ရွေးကောက်ပွဲကော်မရှင်'),(702,'2015-05-06 19:21:51','2015-05-10 17:03:47',2,313,'သတင်းမီဒီယာများ'),(703,'2015-05-06 19:21:51','2015-05-10 17:04:27',2,314,'မိမိ၏ကိုယ်ပိုင်အမြင်'),(704,'2015-05-06 19:21:51','2015-05-10 17:04:50',2,315,'နိုင်ငံသားအများစု၏အမြင်'),(705,'2015-05-06 19:21:51','2015-05-06 19:21:51',1,NULL,'Do you plan to vote in the 2015 election? '),(706,'2015-05-06 19:21:51','2015-05-10 12:53:31',2,705,'လာမည့် (၂၀၁၅)ရွေးကောက်ပွဲမှာ မဲပေးဖို့ အစီအစဉ်ရှိပါသလား။  '),(707,'2015-05-06 19:21:51','2015-05-10 17:22:59',2,337,'ကျွန်တော်/မ အခုထိ မဆုံးဖြတ်ရသေးပါ'),(708,'2015-05-06 19:21:51','2015-05-06 19:21:51',1,NULL,'Here are some statements some people make about elections in the country. For each one, can you tell me if you: strongly agree, agree, disagree, or strongly disagree with each statement.'),(709,'2015-05-06 19:21:51','2015-05-10 12:54:42',2,708,' နိုင်ငံသားအချို့ရဲ့ ရွေးကောက်ပွဲနဲ့  ပတ်သက်တဲ့ အမြင်များကို အောက်တွင် ဖော်ပြထားပါသည်။ ဖော်ပြချက်တစ် ခုချင်းစီအတွက် သင့်အနေနဲ့ အပြည့်အဝ သဘောတူ၊ သဘောတူ၊ သဘောမတူ၊ လုံးဝ သဘောမတူ စသည်ဖြင့် ဖြေ ကြားပေးစေလိုပါသည်။'),(710,'2015-05-06 19:21:51','2015-05-06 19:21:51',1,NULL,'“Free and fair elections are essential for any democracy”'),(711,'2015-05-06 19:21:51','2015-05-10 17:06:20',2,710,'လွတ်လပ်ပြီး မျှတသော ရွေးကောက်ပွဲများသည် ဒီမိုကရေစီနိုင်ငံတိုင်းအတွက် မရှိမဖြစ် လိုအပ်သည်။'),(712,'2015-05-06 19:21:51','2015-05-10 17:11:22',2,338,'အပြည့်အဝ သဘောတူသည်'),(713,'2015-05-06 19:21:51','2015-05-10 17:11:42',2,339,'သဘောတူသည်'),(714,'2015-05-06 19:21:51','2015-05-10 17:12:12',2,340,'သဘောမတူပါ'),(715,'2015-05-06 19:21:51','2015-05-10 17:12:36',2,341,'လုံးဝ သဘောမတူပါ'),(716,'2015-05-06 19:21:52','2015-05-06 19:21:52',1,NULL,'“If there are no elections in 2015, that will fine”'),(717,'2015-05-06 19:21:52','2015-05-10 17:06:56',2,716,'(၂၀၁၅)တွင် ရွေးကောက်ပွဲများ မကျင်းပဖြစ်ခဲ့ရင်လည်း နိုင်ငံတွင် မည်သည့်နစ်နာဆုံးရှုံးမှုမျိုးမှ မဖြစ်နိုင်ပါ။'),(718,'2015-05-06 19:21:52','2015-05-06 19:21:52',1,NULL,'“Other forms of political participation are more effective than elections for Myanmar”'),(719,'2015-05-06 19:21:52','2015-05-10 17:07:35',2,718,' ရွေးကောက်ပွဲများတွင် ပါဝင်ခြင်းထက်စာလျှင် အခြားနည်းများဖြင့် နိုင်ငံရေးတွင် ပါဝင်ခြင်းက ပိုမို၍ထိ ရောက်မှုရှိပါသည်။'),(720,'2015-05-06 19:21:52','2015-05-06 19:21:52',1,NULL,'“The 2015 elections will be free and fair”'),(721,'2015-05-06 19:21:52','2015-05-10 17:08:38',2,720,'(၂၀၁၅)တွင်ကျင်းပမည့် ရွေးကောက်ပွဲသည် လွတ်လပ်ပြီး တရားမျှတသော ရွေးကောက်ပွဲတစ်ခု ဖြစ်လိမ့် မည်။'),(722,'2015-05-06 19:21:52','2015-05-06 19:21:52',1,NULL,'“Myanmar is ready for elections in 2015”'),(723,'2015-05-06 19:21:52','2015-05-10 17:09:06',2,722,' မြန်မာနိုင်ငံသည် (၂၀၁၅)တွင် ရွေးကောက်ပွဲကျင်းပရန်အတွက် အဆင်သင့်ဖြစ်နေပြီဖြစ်သည်။'),(724,'2015-05-06 19:21:52','2015-05-06 19:21:52',1,NULL,'I will read two statements about politicians. For each one, please tell me if you: strongly agree, agree, disagree, or strongly disagree with each statement.'),(725,'2015-05-06 19:21:52','2015-05-10 12:55:39',2,724,' နိုင်ငံရေးသမားတွေနဲ့ ပတ်သက်တဲ့ အမြင်သဘောထားဖော်ပြချက် (၂)ခုကို ဖတ်ပြပေးပါမယ်။ ဖော်ပြချက် တစ်ခု ချင်းစီအတွက် သင့်အနေနဲ့ အပြည့်အဝ သဘောတူ၊ သဘောတူ၊ သဘောမတူ၊ လုံးဝ သဘောမတူ စသည်ဖြင့် ဖြေကြား စေလိုပါတယ်။'),(726,'2015-05-06 19:21:52','2015-05-06 19:21:52',1,NULL,'“Politicians are interested in the views of people like me in between elections”'),(727,'2015-05-06 19:21:52','2015-05-10 17:10:07',2,726,' နိုင်ငံရေးသမားများဟာ ရွေးကောက်ပွဲ တစ်ခုနဲ့တစ်ခုကြား ကာလတွေမှာလည်း  ကျွန်တော်/မတို့လို လူတွေ ရဲ့ အမြင်သဘောထားတွေကို  အလေးထားကြပါတယ်။'),(728,'2015-05-06 19:21:52','2015-05-06 19:21:52',1,NULL,'“Politicians make promises at election time, but they do not fulfill them afterwards”'),(729,'2015-05-06 19:21:52','2015-05-10 17:10:37',2,728,' နိုင်ငံရေးသမားများဟာ ရွေးကောက်ပွဲကာလအတွင်းမှာ ပြည်သူတွေကို ကတိကဝတ်တွေ ပြုကြပေမယ့် လည်း ရွေးကောက်ပွဲပြီးတဲ့ နောက်ပိုင်းမှာတော့ အဲဒီကတိတွေအတိုင်း ဖြည့်ဆည်းပေးကြခြင်း မရှိပါဘူး။'),(730,'2015-05-06 19:21:52','2015-05-06 19:21:52',1,NULL,'Do you have a job?'),(731,'2015-05-06 19:21:53','2015-05-10 12:56:18',2,730,'သင့်မှာ အသက်မွေးဝမ်းကြောင်း အလုပ်အကိုင်တစ်ခု ရှိပါသလား။'),(732,'2015-05-06 19:21:53','2015-05-06 19:21:53',1,NULL,'What is the highest level of formal education that you have completed? '),(733,'2015-05-06 19:21:53','2015-05-10 12:56:59',2,732,'သင်၏ အမြင့်ဆုံးပြီးစီးအောင်မြင်ခဲ့သော အတန်းပညာကို ဖော်ပြပေးပါ။'),(734,'2015-05-06 19:21:53','2015-05-06 19:21:53',1,NULL,'No formal schooling '),(735,'2015-05-06 19:21:53','2015-05-10 17:14:07',2,734,'ကျောင်းမနေခဲ့ဖူးပါ'),(736,'2015-05-06 19:21:53','2015-05-06 19:21:53',1,NULL,'Informal schooling only (including Koranic schooling) '),(737,'2015-05-06 19:21:53','2015-05-10 17:14:07',2,736,'အခြားကျောင်းများ '),(738,'2015-05-06 19:21:53','2015-05-06 19:21:53',1,NULL,'Some primary schooling '),(739,'2015-05-06 19:21:53','2015-05-10 17:14:38',2,738,'မူလတန်းအဆင့်'),(740,'2015-05-06 19:21:53','2015-05-06 19:21:53',1,NULL,'Primary school completed '),(741,'2015-05-06 19:21:53','2015-05-10 17:15:07',2,740,'မူလတန်းအောင်'),(742,'2015-05-06 19:21:53','2015-05-06 19:21:53',1,NULL,'Some secondary school / high school '),(743,'2015-05-06 19:21:53','2015-05-10 17:15:30',2,742,'အထက်တန်းအဆင့်'),(744,'2015-05-06 19:21:53','2015-05-06 19:21:53',1,NULL,'Secondary school / high school completed '),(745,'2015-05-06 19:21:53','2015-05-10 17:15:59',2,744,'အထက်တန်းအောင်'),(746,'2015-05-06 19:21:53','2015-05-06 19:21:53',1,NULL,'Post-secondary qualifications, other than university e.g. a diploma or degree from a polytechnic  or college '),(747,'2015-05-06 19:21:53','2015-05-10 17:17:32',2,746,'ဒီပလိုမာအဆင့်'),(748,'2015-05-06 19:21:53','2015-05-06 19:21:53',1,NULL,'Some university '),(749,'2015-05-06 19:21:53','2015-05-10 17:18:06',2,748,'တက္ကသိုလ်အဆင့်'),(750,'2015-05-06 19:21:53','2015-05-06 19:21:53',1,NULL,'University completed '),(751,'2015-05-06 19:21:53','2015-05-10 17:18:23',2,750,'တက္ကသိုလ်ဘွဲ့ရ'),(752,'2015-05-06 19:21:53','2015-05-06 19:21:53',1,NULL,'Post-graduate '),(753,'2015-05-06 19:21:53','2015-05-10 17:18:56',2,752,'ဘွဲ့လွန် '),(754,'2015-05-06 19:21:53','2015-05-06 19:21:53',1,NULL,'What is your marital status? '),(755,'2015-05-06 19:21:53','2015-05-10 12:57:34',2,754,'သင့်ရဲ့ အိမ်ထောင်ရေးနှင့်ပတ်သက်ပြီး ပြောပြပေးပါ။ သင်သည်'),(756,'2015-05-06 19:21:53','2015-05-06 19:21:53',1,NULL,'Married'),(757,'2015-05-06 19:21:53','2015-05-06 19:21:53',2,756,'အိမ်ထောင်သည်'),(758,'2015-05-06 19:21:53','2015-05-06 19:21:53',1,NULL,'Single'),(759,'2015-05-06 19:21:53','2015-05-10 17:19:47',2,758,'လူပျို/အပျို'),(760,'2015-05-06 19:21:53','2015-05-06 19:21:53',1,NULL,'Divorced'),(761,'2015-05-06 19:21:54','2015-05-10 17:20:29',2,760,'တခုလပ်'),(762,'2015-05-06 19:21:54','2015-05-06 19:21:54',1,NULL,'Widowed'),(763,'2015-05-06 19:21:54','2015-05-10 17:21:02',2,762,'မုဆိုးဖို၊ မုဆိုးမ'),(764,'2015-05-06 19:21:54','2015-05-06 19:21:54',1,NULL,'Here is a list of family monthly income categories. Which categories come closest to representing the total income for your household? '),(765,'2015-05-06 19:21:54','2015-05-10 12:58:20',2,764,'မိသားစုတစ်ခုလုံးရဲ့ လစဉ်ပုံမှန်ဝင်ငွေကို မေးမြန်းလိုပါတယ်။ ဘယ်အမျိုးအစားက သင်၏ မိသားစုဝင်ငွေနှင့် နီး စပ်ပါသလဲ။'),(766,'2015-05-06 19:21:54','2015-05-06 19:21:54',1,NULL,'Under 50,000 Ks'),(767,'2015-05-06 19:21:54','2015-05-12 11:23:31',2,766,'ကျပ် (၅)သောင်းအောက်'),(768,'2015-05-06 19:21:54','2015-05-06 19:21:54',1,NULL,'50,000 Ks –100,000 Ks'),(769,'2015-05-06 19:21:54','2015-05-12 11:23:34',2,768,'ကျပ် (၅)သောင်းနှင့် ကျပ် (၁)သိန်းကြား'),(770,'2015-05-06 19:21:54','2015-05-06 19:21:54',1,NULL,'100,000 Ks – 200,000 Ks'),(771,'2015-05-06 19:21:54','2015-05-12 11:23:36',2,770,'ကျပ် (၁)သိန်းနှင့် ကျပ် (၂)သိန်းကြား'),(772,'2015-05-06 19:21:54','2015-05-06 19:21:54',1,NULL,'200,000 Ks – 300,000ks'),(773,'2015-05-06 19:21:54','2015-05-12 11:23:37',2,772,'ကျပ် (၂)သိန်းနှင့် ကျပ် (၃)သိန်းကြား'),(774,'2015-05-06 19:21:54','2015-05-06 19:21:54',1,NULL,'300,000 Ks – 400,000 Ks'),(775,'2015-05-06 19:21:54','2015-05-12 11:23:38',2,774,'ကျပ် (၃)သိန်းနှင့် ကျပ် (၄)သိန်းကြား'),(776,'2015-05-06 19:21:54','2015-05-06 19:21:54',1,NULL,'Over 400,000 Ks '),(777,'2015-05-06 19:21:54','2015-05-12 11:23:40',2,776,'ကျပ် (၄)သိန်းကျော်'),(778,'2015-05-06 19:21:54','2015-05-06 19:21:54',1,NULL,'In what year were you born?'),(779,'2015-05-06 19:21:54','2015-05-10 12:58:52',2,778,'သင်၏ မွေးသက္ကရာဇ် ခုနှစ်ကိုပြောပြပါ။'),(780,'2015-05-06 19:21:54','2015-05-12 11:28:56',2,316,'မွေးဖွားသောခုနှစ်အား ရေးပါ'),(781,'2015-05-06 19:21:54','2015-05-06 19:21:54',1,NULL,'Time interview ended  [Interviewer:  Enter hour and minute, use 24 hr. clock]'),(782,'2015-05-06 19:21:54','2015-05-10 13:01:18',2,781,'တွေ့ဆုံမေးမြန်းခြင်း ပြီးဆုံးသည့်အချိန် [စစ်တမ်းကောက်ယူသူမှ နာရီ၊ မိနစ် များကို မှတ်သားပါ၊  (၂၄)နာရီ အတိုင်းအတာကို အသုံးပြုပါ]'),(783,'2015-05-06 19:21:54','2015-05-06 19:21:54',1,NULL,'Interview End Time'),(784,'2015-05-06 19:21:54','2015-05-10 13:00:38',2,783,'တွေ့ဆုံမေးမြန်းခြင်း ပြီးဆုံးသည့်အချိန် '),(785,'2015-05-06 19:21:54','2015-05-06 19:21:54',1,NULL,'Were there any other people immediately present who might be listening during the interview?'),(786,'2015-05-06 19:21:55','2015-05-10 13:02:42',2,785,' တွေ့ဆုံမေးမြန်းနေစဉ်အတွင်း ရုတ်တရက်လာရောက်ပြီး နားထောင်နေသော အခြားသူများ ရှိပါသလား။'),(787,'2015-05-06 19:21:55','2015-05-06 19:21:55',1,NULL,'No One'),(788,'2015-05-06 19:21:55','2015-05-15 03:24:26',2,787,'မည်သူမျှ မရှိ'),(789,'2015-05-06 19:21:55','2015-05-06 19:21:55',1,NULL,'One or more family members'),(790,'2015-05-06 19:21:55','2015-05-15 03:23:34',2,789,'တစ်ယောက် (သို့) တစ်ယောက်ထက်ပိုသော မိသားစုဝင်များ'),(791,'2015-05-06 19:21:55','2015-05-06 19:21:55',1,NULL,'Someone else (not family member)'),(792,'2015-05-06 19:21:55','2015-05-15 03:24:02',2,791,'မိသားစုဝင်မဟုတ်သော အခြားလူများရှိ'),(793,'2015-05-06 19:21:55','2015-05-06 19:21:55',1,NULL,'Please complete the following assessment'),(794,'2015-05-06 19:21:55','2015-05-10 13:04:34',2,793,' အောက်ပါစစ်ဆေးချက်များကို ဖြည့်သွင်းရန်။'),(795,'2015-05-06 19:21:55','2015-05-06 19:21:55',1,NULL,'If \'Yes\', answer here.'),(796,'2015-05-06 19:21:55','2015-05-10 18:16:25',2,795,'ဟုတ်မှန်လျှင် ဒီမှာရှင်းပြပါ'),(797,'2015-05-06 19:21:55','2015-05-06 19:21:55',1,NULL,'What is your mobile phone number?'),(798,'2015-05-06 19:21:55','2015-05-10 17:56:23',2,797,'သင်၏ လက်ကိုင်ဖုန်းနံပါတ်'),(799,'2015-05-06 19:21:55','2015-05-06 19:21:55',1,NULL,'Write in Mobile Number'),(800,'2015-05-06 19:21:55','2015-05-10 17:56:58',2,799,'ဖုန်းနံပါတ်အားရေးပါ_'),(801,'2015-05-06 19:21:55','2015-05-06 19:21:55',1,NULL,'I don’t have a mobile phone'),(802,'2015-05-06 19:21:55','2015-05-10 17:57:25',2,801,'ဖုန်းမရှိပါ'),(803,'2015-05-06 19:21:55','2015-05-06 19:21:55',1,NULL,'Are you using the above phone number today?'),(804,'2015-05-06 19:21:55','2015-05-10 17:58:25',2,803,'ယနေ့ သင်အထက်ဖေါ်ပြပါ ဖုန်းနံပါတ်ကို အသုံးပြုပါသလား။'),(805,'2015-05-06 19:21:55','2015-05-06 19:21:55',1,NULL,'No, I am using another number. '),(806,'2015-05-06 19:21:55','2015-05-10 18:00:30',2,805,'မသုံးပါ။ အခြားဖုန်းနံပါတ်အား အသုံးပြုသည်'),(807,'2015-05-06 19:21:55','2015-05-06 19:21:55',1,NULL,'Look at your mobile phone to check how strong the signal is. How many signal “bars” do you have?'),(808,'2015-05-06 19:21:55','2015-05-10 12:38:27',2,807,'မိမိလက်ကိုင်ဖုန်း၏ လို်င်းဆွဲအားကို စစ်ဆေးပါ။ လိုင်းဆွဲအားပြ ဘားတန်း မည်မျှရှိသနည်း။'),(809,'2015-05-06 19:21:55','2015-05-06 19:21:55',1,NULL,'Many (four or five bars)'),(810,'2015-05-06 19:21:56','2015-05-10 17:25:54',2,809,'အများ (၄ (သို့) ၅ တန်း)'),(811,'2015-05-06 19:21:56','2015-05-06 19:21:56',1,NULL,'Some (three or two bars)'),(812,'2015-05-06 19:21:56','2015-05-10 17:26:40',2,811,'အချို့ (၂ (သို့) ၃ တန်း)'),(813,'2015-05-06 19:21:56','2015-05-06 19:21:56',1,NULL,'Few or none (one or zero)'),(814,'2015-05-06 19:21:56','2015-05-10 17:27:12',2,813,'အနည်းငယ် သို့မဟုတ် လုံးဝ (၁ (သို့) ဝ တန်း)'),(815,'2015-05-06 19:21:56','2015-05-06 19:21:56',1,NULL,'I didn’t bring my cell phone/it is power off'),(816,'2015-05-06 19:21:56','2015-05-10 17:28:05',2,815,'လက်ကိုင်ဖုန်း သယ်ဆောင်လာခြင်းမရှိ/ လက်ကိုင်ဖုန်း ပါဝါကုန်နေပါသည်'),(817,'2015-05-06 19:21:56','2015-05-06 19:21:56',1,NULL,'I don’t have a cell phone  '),(818,'2015-05-06 19:21:56','2015-05-10 17:28:26',2,817,'ကျွန်တော်/မ တွင် လက်ကိုင်ဖုန်းမရှိပါ'),(819,'2015-05-06 19:21:56','2015-05-06 19:21:56',1,NULL,'What kind of road or path did you need to use to reach the location of the interview?'),(820,'2015-05-06 19:21:56','2015-05-10 18:11:47',2,819,' တွေ့ဆုံမေးမြန်းရာနေရာသို့ မည်သည့်လမ်းအမျိုးအစားကို အသုံးပြု၍ သွားရောက်ခဲ့ပါသလဲ။'),(821,'2015-05-06 19:21:56','2015-05-06 19:21:56',1,NULL,'Paved road'),(822,'2015-05-06 19:21:56','2015-05-10 18:12:19',2,821,'ခင်းထားသောလမ်း'),(823,'2015-05-06 19:21:56','2015-05-06 19:21:56',1,NULL,'Gravel/Dirt road'),(824,'2015-05-06 19:21:56','2015-05-10 18:12:41',2,823,'ကျောက်ခင်းလမ်း/မြေသားလမ်း'),(825,'2015-05-06 19:21:56','2015-05-06 19:21:56',1,NULL,'Foot path/no road'),(826,'2015-05-06 19:21:56','2015-05-10 18:13:04',2,825,'ခြေလျှင်လူသွားလမ်း/လမ်းမရှိ'),(827,'2015-05-06 19:21:56','2015-05-06 19:21:56',1,NULL,'Did you encounter any security-related problems in finding the location (e.g., animals, violence or any rioting)?'),(828,'2015-05-06 19:21:56','2015-05-10 18:14:48',2,827,' တွေ့ဆုံမေးမြန်းရာနေရာကို ရှာဖွေနေစဉ် သင့်အနေဖြင့် လုံခြုံရေးနှင့်ပတ်သက်ပြီး မည့်သည့်ပြဿနာများကို ကြုံ တွေ့ခဲ့ပါသလဲ။ (ဥပမာ။ တိရိစ္ဆာန်များ၊ အကြမ်းဖက်မှု (သို့) အမျိုးမျိုးသော မတည်မငြိမ်မှုများ)'),(829,'2015-05-06 19:21:56','2015-05-06 19:21:56',1,NULL,'[If Yes, please explain :]'),(830,'2015-05-06 19:21:56','2015-05-10 18:16:26',2,829,'[ ဟုတ်မှန်လျှင် ဒီမှာရှင်းပြပါ  ]'),(831,'2015-05-06 19:21:56','2015-05-06 19:21:56',1,NULL,'Do you have any other comments on the interview?  For example, did anything else significant happen during the interview?'),(832,'2015-05-06 19:21:57','2015-05-10 18:21:12',2,831,'ယခုတွေ့ဆုံမေးမြန်းမှုနှင့် ပတ်သက်၍ သင့်အနေဖြင့် အခြားသဘောထားများ ပေးလိုပါသလား။ (ဥပမာ) တွေ့ဆုံမေးမြန်းနေစဉ်အတွင်း  အခြားထူးခြားသော ဖြစ်ရပ်များဖြစ်ပွားခြင်း ရှိပါသလား။'),(833,'2015-05-06 19:21:57','2015-05-06 19:21:57',1,NULL,'Explain:'),(834,'2015-05-06 19:21:57','2015-05-06 19:21:57',2,833,'ရှင်းပြပါ :'),(835,'2015-05-06 19:21:57','2015-05-06 19:21:57',1,NULL,'Did you back-check this interview?  '),(836,'2015-05-06 19:21:57','2015-05-10 18:22:55',2,835,'ဤတွေ့ဆုံမေးမြန်းမှုအား သင့်အနေဖြင့် ပြန်လည်စစ်ဆေးခဲ့ရပါသလား။'),(837,'2015-05-06 19:21:57','2015-05-06 19:21:57',1,NULL,'[What method did you use and what did you find out?]'),(838,'2015-05-06 19:21:57','2015-05-10 18:24:18',2,837,'[ သင့်အနေဖြင့် မည်သည့်နည်းလမ်းကို အသုံးပြုခဲ့ပါသနည်း။ မည်သို့သော အကြောင်းအရာများကို တွေ့ရှိခဲ့သနည်း]'),(839,'2015-05-06 19:21:57','2015-05-06 19:21:57',1,NULL,'Add Data'),(840,'2015-05-06 19:21:57','2015-05-10 19:20:42',2,839,'သိမ်းပါ'),(841,'2015-05-06 19:22:00','2015-05-06 19:22:00',1,NULL,'Enumerator ID need to be exactly 6 digits'),(842,'2015-05-06 19:22:00','2015-05-10 09:17:32',2,841,'​စစ်​တမ်း​ကောက်​ယူ​သူ​၏ ​ကိုယ်​ပိုင်​နံ​ပါတ်သည် ဂဏန်း ၆ လုံးတိတိဖြစ်ရန်လိုအပ်ပါတယ်'),(843,'2015-05-06 19:26:18','2015-05-06 19:26:18',1,NULL,'HH1'),(844,'2015-05-06 19:26:18','2015-05-06 19:26:18',2,843,'HH1'),(845,'2015-05-06 19:26:18','2015-05-06 19:26:18',1,NULL,'HH2'),(846,'2015-05-06 19:26:18','2015-05-06 19:26:18',2,845,'HH2'),(847,'2015-05-06 19:26:18','2015-05-06 19:26:18',1,NULL,'HH3'),(848,'2015-05-06 19:26:19','2015-05-06 19:26:19',2,847,'HH3'),(849,'2015-05-06 19:26:19','2015-05-06 19:26:19',1,NULL,'HH4'),(850,'2015-05-06 19:26:19','2015-05-06 19:26:19',2,849,'HH4'),(851,'2015-05-06 19:26:19','2015-05-06 19:26:19',1,NULL,'HH5'),(852,'2015-05-06 19:26:19','2015-05-06 19:26:19',2,851,'HH5'),(853,'2015-05-06 19:26:19','2015-05-06 19:26:19',1,NULL,'HH6'),(854,'2015-05-06 19:26:19','2015-05-06 19:26:19',2,853,'HH6'),(855,'2015-05-06 19:26:19','2015-05-06 19:26:19',1,NULL,'HH7'),(856,'2015-05-06 19:26:19','2015-05-06 19:26:19',2,855,'HH7'),(857,'2015-05-06 19:26:19','2015-05-06 19:26:19',1,NULL,'Numbers from the interval process'),(858,'2015-05-06 19:26:19','2015-05-10 09:21:00',2,857,'​ကြား​ပိုင်း​အ​ဖြစ် ​ရေ​တွက်​ခဲ့​ရ​သော ​အိမ်​အ​ရေ ​အ​တွက်'),(859,'2015-05-06 19:26:19','2015-05-06 19:26:19',1,NULL,'Completed interview'),(860,'2015-05-06 19:26:19','2015-05-10 09:22:23',2,859,'​ပြီး​ပြည့်​စုံ​သော ​မေး​မြန်း​မှု'),(861,'2015-05-06 19:26:19','2015-05-06 19:26:19',1,NULL,'Partly completed interview'),(862,'2015-05-06 19:26:19','2015-05-10 09:22:47',2,861,'​တ​ဝက်​တ​ပြက်​ဖြစ်​သော ​မေး​မြန်း​မှု'),(863,'2015-05-06 19:26:19','2015-05-06 19:26:19',1,NULL,'Refused to be interviewed'),(864,'2015-05-06 19:26:19','2015-05-10 19:48:06',2,863,'တွေ့ဆုံမေးမြန်းမှုပြုရန် ငြင်းဆိုခြင်း'),(865,'2015-05-06 19:26:19','2015-05-06 19:26:19',1,NULL,'Person selected was never at home after at least two visits'),(866,'2015-05-06 19:26:19','2015-05-10 09:25:31',2,865,'​အ​နည်း​ဆုံး(၂)​ကြိမ် ​သွား​ရောက်​ပြီး​သည့်​တိုင် ​ရွေး​ချယ်​ထား​သည့်​သူ​မှာ ​အိမ်​တွင်​မ​ရှိ​ခြင်း'),(867,'2015-05-06 19:26:19','2015-05-06 19:26:19',1,NULL,'Household/ premises empty for survey period after at least two visits'),(868,'2015-05-06 19:26:19','2015-05-10 09:27:09',2,867,'​အ​နည်း​ဆုံး(၂)​ကြိမ် ​သွား​ရောက်​ပြီး​သည့်​တိုင် ​အိမ်​တွင် ​လူ​မ​ရှိ​ခြင်း '),(869,'2015-05-06 19:26:19','2015-05-06 19:26:19',1,NULL,'Not a citizen/ spoke only a foreign language'),(870,'2015-05-06 19:26:19','2015-05-10 09:28:08',2,869,'​နိုင်​ငံ​သား​မ​ဟုတ်​ခြင်း၊ ​နိုင်​ငံ​ခြား​ဘာ​သာ​စ​ကား ​သာ ​ပြော​ဆို​ခြင်း'),(871,'2015-05-06 19:26:19','2015-05-06 19:26:19',1,NULL,'Deaf/ did not speak a survey language'),(872,'2015-05-06 19:26:19','2015-05-10 09:29:16',2,871,'​နား​မ​ကြား​ခြင်း၊ ​စစ်​တမ်း​ကောက်​ယူ​မှု ​ပြု​လုပ် ​မည့် ​ဘာ​သာ​စ​ကား​ကို ​နား​မ​လည်​ခြင်း '),(873,'2015-05-06 19:26:19','2015-05-06 19:26:19',1,NULL,'No adults in household'),(874,'2015-05-06 19:26:19','2015-05-10 09:30:23',2,873,'​အိမ်​ထောင်​စု​တွင် ​လူ​ကြီး​မ​ရှိ​ခြင်း'),(875,'2015-05-06 19:26:19','2015-05-06 19:26:19',1,NULL,'Other [specify below]'),(876,'2015-05-06 19:26:20','2015-05-06 19:26:20',2,875,'အခြား [ အောက်တွင် သတ်မှတ် ]'),(877,'2015-05-06 19:26:20','2015-05-06 19:26:20',1,NULL,'Not applicable'),(878,'2015-05-06 19:26:20','2015-05-10 09:32:18',2,877,'​မည်​သည့်​အ​ချက်​တွင်​မှ ​အ​ကျုံး​မ​ဝင်​ပါ'),(879,'2015-05-06 19:26:20','2015-05-06 19:26:20',1,NULL,'Specify here for above question'),(880,'2015-05-06 19:26:20','2015-05-12 11:01:50',2,879,'အထက်ပါမေးခွန်းအတွက် အဖြေအား ဒီမှာရေးပါ'),(881,'2015-05-06 19:26:20','2015-05-06 19:26:20',1,NULL,'Ballot is secret'),(882,'2015-05-06 19:26:20','2015-05-10 13:22:12',2,881,'ဆန္ဒမဲပေးရာတွင် လျှို့ဝှက်မှုရှိခြင်း'),(883,'2015-05-06 19:26:20','2015-05-06 19:26:20',1,NULL,'Election commission is neutral'),(884,'2015-05-06 19:26:20','2015-05-10 13:23:06',2,883,'ဘက်လိုက်မှုကင်းသော ရွေးကောက်ပွဲ ကော်မရှင် '),(885,'2015-05-06 19:26:20','2015-05-06 19:26:20',1,NULL,'There is no fraud'),(886,'2015-05-06 19:26:20','2015-05-10 13:23:46',2,885,'မဲလိမ်၊ မဲခိုး (မဲမသမာမှု) ကင်းခြင်း'),(887,'2015-05-06 19:26:20','2015-05-06 19:26:20',1,NULL,'The votes are counted properly'),(888,'2015-05-06 19:26:20','2015-05-10 13:25:12',2,887,'ဆန္ဒမဲများကို မှန်ကန်စွာ ရေတွက်ခြင်း'),(889,'2015-05-06 19:26:20','2015-05-06 19:26:20',1,NULL,'The correct results are announced'),(890,'2015-05-06 19:26:20','2015-05-10 13:26:46',2,889,'မှန်ကန်သော ရွေးကောက်ပွဲ ရလာဒ်များကို ထုတ်ပြန်ကြေငြာခြင်း'),(891,'2015-05-06 19:26:20','2015-05-06 19:26:20',1,NULL,'Every party has an equal chance to campaign'),(892,'2015-05-06 19:26:20','2015-05-10 13:28:47',2,891,'နိုင်ငံရေးပါတီတိုင်း တန်းတူညီမျှစွာ မဲ ဆွယ်စည်းရုံးခွင့်ရှိခြင်း'),(893,'2015-05-06 19:26:20','2015-05-06 19:26:20',1,NULL,'Voters are free from intimidation or pressure'),(894,'2015-05-06 19:26:20','2015-05-10 17:39:18',2,893,'မဲဆန္ဒရှင်များကို ခြိမ်းခြောက်ခြင်း(သို့ )  ဖိအားပေးခြင်းများ မရှိခြင်း'),(895,'2015-05-06 19:26:21','2015-05-06 19:26:21',1,NULL,'Did the respondent check with others for information to answer any question?'),(896,'2015-05-06 19:26:21','2015-05-10 17:29:45',2,895,' ဖြေဆိုသူသည် မေးခွန်းများကို ဖြေဆိုရာတွင် အချက်အလက်များအား အခြားလူများနှင့် တိုက်ဆိုင်စစ်ဆေးပြီးမှ ဖြေဆိုပါသလား။'),(897,'2015-05-06 19:26:21','2015-05-06 19:26:21',1,NULL,'Do you think anyone influenced the respondent’s answers during the interview?'),(898,'2015-05-06 19:26:21','2015-05-10 17:30:21',2,897,' တွေ့ဆုံမေးမြန်းနေစဉ်အတွင်း ဖြေဆိုသူ၏ အဖြေများအပေါ် တစ်စုံတစ်ယောက်၏ လွှမ်းမိုး ထားခြင်းရှိသည်ဟု သင်ထင်မြင်ယူဆပါသလား။'),(899,'2015-05-06 19:26:21','2015-05-06 19:26:21',1,NULL,'Were you approached by community and/or political party representatives?'),(900,'2015-05-06 19:26:21','2015-05-10 17:31:33',2,899,'သင့်အား ဒေသရပ်ရွာအဖွဲ့အစည်းများ (သို့) နိုင်ငံရေးပါတီများကို ကိုယ်စားပြုသည့် ပုဂ္ဂိုလ် များက လာရောက်ချည်းကပ်ပါသလား။'),(901,'2015-05-06 19:26:21','2015-05-06 19:26:21',1,NULL,'Did you feel intimidated during the interview?'),(902,'2015-05-06 19:26:21','2015-05-10 17:37:58',2,901,' တွေ့ဆုံမေးမြန်းနေစဉ်အတွင်း ခြိမ်းခြောက်မှုရှိသည်ဟု သင့်အနေဖြင့် ခံစားရပါသလား။'),(903,'2015-05-06 19:26:21','2015-05-06 19:26:21',1,NULL,'Were you physically threatened during the interview?'),(904,'2015-05-06 19:26:21','2015-05-10 17:39:57',2,903,' တွေ့ဆုံမေးမြန်းနေစဉ်အတွင်း သင့်အား ကိုယ်ထိလက်ရောက် ခြိမ်းခြောက်မှုများ ရှိပါသလား။'),(905,'2015-05-06 19:26:21','2015-05-06 19:26:21',1,NULL,'Was the interview interrupted for any reason? (If \'Yes\', answer below)'),(906,'2015-05-06 19:26:21','2015-05-10 17:41:07',2,905,'အကြောင်းတစ်စုံတစ်ရာကြောင့် တွေ့ဆုံမေးမြန်းမှု ရပ်တန့်သွားခြင်းများ ရှိခဲ့ပါသလား။'),(907,'2015-05-10 09:10:47','2015-05-10 09:10:47',1,NULL,'None'),(908,'2015-05-10 09:10:47','2015-05-10 09:35:25',2,907,'တစ်ခုမှမဟုတ်'),(909,'2015-05-10 09:10:57','2015-05-10 09:18:26',2,317,'စာရင်းကောက်ယူမှု ဖောင်အမှတ် (ဂဏန်း ၇ လုံး) :'),(910,'2015-05-10 09:10:57','2015-05-10 09:10:57',1,NULL,'Spot Checker Name:'),(911,'2015-05-10 09:10:57','2015-05-10 19:35:10',2,910,'အရည်အသွေးစစ်ဆေးသူ၏ အမည်'),(912,'2015-05-10 09:10:57','2015-05-10 09:10:57',1,NULL,'Spot Checker ID:'),(913,'2015-05-10 09:10:57','2015-05-10 19:35:12',2,912,'အရည်အသွေးစစ်ဆေးသူ၏ ကိုယ်ပိုင်အမှတ်'),(914,'2015-05-10 09:10:58','2015-05-10 09:10:58',1,NULL,'Was the starting point selected according to the procedure described in your manual?'),(915,'2015-05-10 09:10:58','2015-05-10 19:36:12',2,914,'စတင်ရာနေရာအား သင်၏လမ်းညွှန်စာအုပ်ပါ နည်းလမ်းအတိုင်း လိုက်နာ၍ ရွေးချယ်ခဲ့ပါသလား။'),(916,'2015-05-10 09:10:58','2015-05-10 09:10:58',1,NULL,'If no, please explain'),(917,'2015-05-10 09:10:58','2015-05-10 19:38:50',2,916,'အကယ်၍ မဟုတ်ခဲ့လျှင် ရှင်းပြ ပေးပါ'),(918,'2015-05-10 09:10:58','2015-05-10 09:10:58',1,NULL,'Answers questions below. '),(919,'2015-05-10 09:10:58','2015-05-10 09:10:58',2,918,'အောက်ဖော်ပြပါ မေးခွန်းများကို ဖြေကြားထားတယ်။'),(920,'2015-05-10 09:10:58','2015-05-10 09:10:58',1,NULL,'What was the interval (count number) of the household from the starting point?'),(921,'2015-05-10 09:10:58','2015-05-10 19:37:30',2,920,'စတင်ရာနေရာမှစ၍ ရေတွက်ခဲ့သော ကြားပိုင်းနေအိမ်အရေအတွက်'),(922,'2015-05-10 09:10:58','2015-05-10 09:10:58',1,NULL,'Interval Count'),(923,'2015-05-10 09:10:58','2015-05-10 19:41:38',2,922,' ကြားပိုင်းနေအိမ်အရေအတွက်'),(924,'2015-05-10 09:10:58','2015-05-10 09:10:58',1,NULL,'Does this interval match the number recorded by the enumerator (see “I” above)?'),(925,'2015-05-10 09:10:58','2015-05-10 09:10:58',2,924,'ဒီ ကြားကာလ စာရင်းကောက်ယူ ကမှတ်တမ်းတင် အရေအတွက် ( အထက် \"ငါ\" ကိုကြည့်ပါ) ကိုက်ညီ ပါသလား?'),(926,'2015-05-10 09:10:58','2015-05-10 09:10:58',1,NULL,'According to your assessment, was the household selected according to the exact procedures described in the manual?'),(927,'2015-05-10 09:10:58','2015-05-10 19:44:03',2,926,'သင်၏ ဆန်းစစ်ချက်အရ စစ်တမ်းကောက်ယူသူသည် လမ်းညွန်စာအုပ် ပါ နည်းလမ်းများအတိုင်း အိမ်ထောင်စုကို ရွေးချယ်ပါသလား။'),(928,'2015-05-10 09:10:58','2015-05-10 09:10:58',1,NULL,'Cannot Determine'),(929,'2015-05-10 09:10:58','2015-05-10 09:10:58',2,928,'မဆုံးဖြတ်နိုင်'),(930,'2015-05-10 09:10:58','2015-05-10 09:10:58',1,NULL,'Visit 1'),(931,'2015-05-10 09:10:58','2015-05-10 09:10:58',2,930,'ခရီးစဉ် 1'),(932,'2015-05-10 09:10:58','2015-05-10 09:10:58',1,NULL,'Visit 2'),(933,'2015-05-10 09:10:58','2015-05-10 09:10:58',2,932,'ခရီးစဉ် 2'),(934,'2015-05-10 09:10:58','2015-05-10 09:10:58',1,NULL,'Person selected was never at home'),(935,'2015-05-10 09:10:58','2015-05-10 19:52:02',2,934,'တွေ့ဆုံမေးမြန်းရန် ရွေးချယ်ထားသူသည် နေအိမ်၌ မရှိခြင်း'),(936,'2015-05-10 09:10:58','2015-05-10 09:10:58',1,NULL,'Household/premises empty'),(937,'2015-05-10 09:10:58','2015-05-10 19:49:55',2,936,'နေအိမ်အဆောက်အဦသည် အလွတ်ဖြစ်နေခြင်း'),(938,'2015-05-10 09:10:59','2015-05-10 09:10:59',1,NULL,'Not a citizen/spoke only a foreign language'),(939,'2015-05-10 09:10:59','2015-05-10 09:28:10',2,938,'​နိုင်​ငံ​သား​မ​ဟုတ်​ခြင်း၊ ​နိုင်​ငံ​ခြား​ဘာ​သာ​စ​ကား ​သာ ​ပြော​ဆို​ခြင်း'),(940,'2015-05-10 09:10:59','2015-05-10 09:10:59',1,NULL,'Deaf/did not speak a survey language'),(941,'2015-05-10 09:10:59','2015-05-10 09:29:14',2,940,'​နား​မ​ကြား​ခြင်း၊ ​စစ်​တမ်း​ကောက်​ယူ​မှု ​ပြု​လုပ် ​မည့် ​ဘာ​သာ​စ​ကား​ကို ​နား​မ​လည်​ခြင်း '),(942,'2015-05-10 09:10:59','2015-05-10 09:10:59',1,NULL,'Other (specify below)'),(943,'2015-05-10 09:10:59','2015-05-10 09:10:59',2,942,'အခြား ( အောက်တွင် သတ်မှတ် )'),(944,'2015-05-10 09:10:59','2015-05-10 09:10:59',1,NULL,'Specify:'),(945,'2015-05-10 09:10:59','2015-05-10 09:10:59',2,944,'အသေးစိတ်ဖော်ပြရန် :'),(946,'2015-05-10 09:10:59','2015-05-10 09:10:59',1,NULL,'Do you know whether your household was included in the PACE survey on May 13/14? [Interviewer: Do not read choices. Circle correct response number]'),(947,'2015-05-10 09:10:59','2015-05-10 19:52:48',2,946,'မေလ(၁၃)ရက်နှင့် (၁၄)ရက်တွင် ပြုလုပ်ခဲ့သော  PACE အဖွဲ့ ၏  စစ်တမ်းကောက်ယူမှုတွင် သင့်အိမ်ထောင်စု ပါဝင်ပါသလား။'),(948,'2015-05-10 09:10:59','2015-05-10 09:10:59',1,NULL,'Were you present at the previous PACE interview? '),(949,'2015-05-10 09:10:59','2015-05-10 19:53:14',2,948,'PACEအဖွဲ့က လာရောက်တွေ့ဆုံမေးမြန်းစဉ်တွင် သင်ရှိနေပါ သလား။'),(950,'2015-05-10 09:10:59','2015-05-10 09:10:59',1,NULL,'Were you the respondent for the previous PACE interview? '),(951,'2015-05-10 09:10:59','2015-05-10 19:53:32',2,950,'ထိုတွေ့ဆုံမေးမြန်းမှုတွင် သင်သည် ဖြေဆိုသူ ဖြစ်ပါသလား။'),(952,'2015-05-10 09:10:59','2015-05-10 09:10:59',1,NULL,'Is the respondent who PACE’s enumerator interviewed presently available?'),(953,'2015-05-10 09:10:59','2015-05-10 19:55:28',2,952,'ထိုတွေ့ဆုံမေးမြန်းခြင်းကို ဖြေဆိုပေးခဲ့သူ ယခုရှိနေပါသလား။ '),(954,'2015-05-10 09:10:59','2015-05-10 09:10:59',1,NULL,'Name of the respondent we interviewed last time'),(955,'2015-05-10 09:10:59','2015-05-10 19:55:16',2,954,'ထိုတွေ့ဆုံမေးမြန်းမှုတွင် ဖြေဆိုခဲ့သူ၏အမည်'),(956,'2015-05-10 09:10:59','2015-05-10 09:10:59',1,NULL,'Name'),(957,'2015-05-10 09:10:59','2015-05-10 20:31:49',2,956,'အမည်'),(958,'2015-05-10 09:11:00','2015-05-10 09:11:00',1,NULL,'May I please interview [insert name] _______________ now?'),(959,'2015-05-10 09:11:00','2015-05-10 19:56:18',2,958,'ကျေးဇူးပြုပြီး [အမည်ထည့်ရန်] _______________ ကို ထပ်မံတွေ့ ဆုံမေးမြန်းခွင့် ရနိုင်မလား။'),(960,'2015-05-10 09:11:00','2015-05-10 09:11:00',1,NULL,'Insert Name'),(961,'2015-05-10 09:11:00','2015-05-10 09:11:00',2,960,'အမည် ထည့်ပါ'),(962,'2015-05-10 09:11:00','2015-05-10 09:11:00',1,NULL,'How were you selected as the respondent from your household?  [Interviewer: Do not read choices. Circle correct response number]'),(963,'2015-05-10 09:11:00','2015-05-10 20:29:52',2,962,'သင့်အား ဖြေဆိုသူအဖြစ် သင်၏အိမ်ထောင်စုမှ မည် သို့ ရွေးချယ်ခဲ့ပါသလဲ။'),(964,'2015-05-10 09:11:00','2015-05-10 20:30:40',2,320,'စစ်တမ်းကောက်ယူသူသည် အိမ်ထောင်စုရှိ အသက်(၁၈)နှစ်နှင့် အထက်ရှိသူများကို စာ ရင်းပြုစုပြီး၊ နံပါတ်ပြားများကို အသုံးပြုကာ ကျွန်တော်/မအမည်အား ကျဘန်း ရွေးချယ် ခဲ့သည်။'),(965,'2015-05-10 09:11:00','2015-05-10 20:32:34',2,321,'ကျွန်တော်/မသည် စစ်တမ်းကောက်ယူသူ နှင့် ပထမဆုံးတွေ့ဆုံသူဖြစ်သည်။ '),(966,'2015-05-10 09:11:00','2015-05-10 20:33:01',2,322,'ထိုစဉ်အခါက ကျွန်တော်/မ တစ်ဦးတည်း သာ ဖြေဆိုရန် ရှိနေသောကြောင့် ဖြစ်သည်။'),(967,'2015-05-10 09:11:00','2015-05-10 20:34:03',2,323,'ကျွန်တော်/မသည် အိမ်ထောင်ဦးစီးဖြစ် သည်။'),(968,'2015-05-10 09:11:00','2015-05-10 20:33:25',2,324,'ကျွန်တော်/မသည် ဤအိမ်ထောင်စုတွင် တစ်ဦးတည်းသော ယောက်ျား/မိန်းမ ဖြစ် သည်။'),(969,'2015-05-10 09:11:00','2015-05-10 20:35:25',2,325,'ကျွန်တော်/မသည် ချောမောလှပပြီး ဆွဲဆောင်မှုရှိသောကြောင့်ဖြစ်သည်။'),(970,'2015-05-10 09:11:00','2015-05-10 20:34:51',2,326,'ကျွန်တော်/မသည်  ဤအိမ်ထောင်စုတွင် အကြီးဆုံး/အငယ်ဆုံးဖြစ်သည်။'),(971,'2015-05-10 09:11:01','2015-05-10 20:31:13',2,327,'ကျွန်တော်/မ၏ နာမည်ကို အရွေးချယ်ခံရ သော်လည်း မည်သို့ရွေးချယ်လိုက်သည်ကို မသိပါ။'),(972,'2015-05-10 09:11:01','2015-05-10 09:31:25',2,328,'​အ​ခြား (​အ​သေး​စိတ်​ရေး​ပါ)_____'),(973,'2015-05-10 09:11:01','2015-05-10 09:11:01',1,NULL,'Specify here'),(974,'2015-05-10 09:11:01','2015-05-10 20:36:53',2,973,'ဒီနေရာမှာ ရေးပါ'),(975,'2015-05-10 09:11:01','2015-05-10 09:11:01',1,NULL,'Were you made aware (or informed) by any means that PACE quality control staff would be coming to your house to do quality check?'),(976,'2015-05-10 09:11:01','2015-05-10 20:37:30',2,975,'သင့်အနေဖြင့် (PACE)အဖွဲ့မှ အရည်အသွေးစစ် ဆေးသူ လာရောက်၍ မေးမြန်းမည်ကို သိရှိထားပါ သလား။'),(977,'2015-05-10 09:11:01','2015-05-10 09:11:01',1,NULL,'Enumerator Answer:'),(978,'2015-05-10 09:11:01','2015-05-10 09:18:54',2,977,'စာရင်းကောက်မှု အဖြေ :'),(979,'2015-05-10 09:11:01','2015-05-10 09:11:01',1,NULL,'Response Accurate (Check if \'Yes\')'),(980,'2015-05-10 09:11:01','2015-05-10 18:17:48',2,979,'ဖြေဆိုမှု တိကျခြင်း (အဖြေတူလျှင် အမှန်ခြစ်ပါ)'),(981,'2015-05-10 09:11:01','2015-05-10 09:11:01',1,NULL,'In your opinion, did the enumerator display any bias or preference to any political party during the interview?'),(982,'2015-05-10 09:11:01','2015-05-10 20:40:08',2,981,'တွေ့ဆုံမေးမြန်း နေစဉ်အတွင်း စစ်တမ်းကောက်ယူသူက နိုင်ငံရေး ပါတီတစ်ခုခုအတွက် ဘက်လိုက်ပြောဆိုမှုရှိပါသလား။'),(983,'2015-05-10 09:11:01','2015-05-10 09:11:01',1,NULL,'If \'Yes\', explain'),(984,'2015-05-10 09:11:01','2015-05-10 18:16:28',2,983,'ဟုတ်မှန်လျှင် ဒီမှာရှင်းပြပါ'),(985,'2015-05-10 09:11:02','2015-05-10 09:11:02',1,NULL,'Did you feel threatened during and/ or after the interview? '),(986,'2015-05-10 09:11:02','2015-05-10 20:40:51',2,985,'တွေ့ဆုံမေးမြန်း နေစဉ်အတွင်းနှင့် တွေ့ဆုံမေးမြန်းပြီးချိန်၌ ခြိမ်း ခြောက်မှုရှိသည်ဟု သင့်အနေဖြင့် ခံစားရပါသလား။ '),(987,'2015-05-10 09:11:02','2015-05-10 09:11:02',1,NULL,'Do you have any other comments on the interview? For an example, did anything else significant happen during or after the interview?  '),(988,'2015-05-10 09:11:02','2015-05-10 20:41:37',2,987,'ယခု တွေ့ဆုံမေးမြန်းမှုနှင့် ပတ်သက်၍ သင့်အနေဖြင့် အခြားသ ဘောထားများ ပေးလိုပါသလား။  (ဥပမာ) တွေ့ဆုံမေးမြန်း နေစဉ်အတွင်း  အခြားထူးခြားသော ဖြစ် ရပ်များ ဖြစ်ပွားခြင်း ရှိပါသလား။'),(989,'2015-05-10 19:19:05','2015-05-10 19:19:05',2,989,'[ မေး ! YES လျှင် , ] YOU INTERUPTED ကြ ပျမ်းမျှ ကြိမ် INTERUPTION ကြာမြင့် နေရာ မေးခွန်းများကို နံပါတ် လှူဒါန်းပါ'),(991,'2015-05-10 19:19:37','2015-05-10 19:19:37',1,NULL,' [INTERVIEWER! IF YES, PLEASE WRITE THE QUESTION NUMBER WHERE    YOU WERE INTERUPTED AND AVERAGE TIME THE INTERUPTION LASTED]'),(992,'2015-05-10 19:19:37','2015-05-10 19:31:09',2,991,'[အကယ်၍ရှိခဲ့ပါက ရပ်တန့်မှုဖြစ်ပေါ်နေချိန်ရှိ မေးခွန်းများ၏ နံပါတ်များကို ရေးသားဖေါ်ပြ၍ ရပ်တန့်မှု ဖြစ်ပေါ်နေသည့် ပျှမ်းမျှအချိန်ကိုပါ ရေးသားဖေါ်ပြပါ။]'),(993,'2015-05-10 19:19:37','2015-05-10 19:19:37',1,NULL,'Write Question Number'),(994,'2015-05-10 19:19:37','2015-05-15 03:51:24',2,993,'ေမးခြန္း နံပါတ္ ေရးပါ'),(995,'2015-05-10 19:19:37','2015-05-10 19:19:37',1,NULL,''),(996,'2015-05-10 19:19:37','2015-05-10 19:19:37',2,995,''),(997,'2015-05-10 19:19:37','2015-05-10 19:19:37',1,NULL,'Write in number'),(998,'2015-05-10 19:19:37','2015-05-15 03:51:11',2,997,'နံပါတ္ေရးပါ'),(999,'2015-05-10 20:07:03','2015-05-10 20:07:03',1,NULL,'What is the main reason that the respondent to the PACE survey interview is not available?'),(1000,'2015-05-10 20:07:03','2015-05-10 20:23:39',2,999,'ယခင် ဖြေဆိုခဲ့သူအား ထပ်မံ၍ တွေ့ဆုံမေးမြန်းခွင့် မရသည့် အဓိက အကြောင်းအရင်းကို ဖေါ်ပြပါ။'),(1001,'2015-05-10 20:07:03','2015-05-10 20:07:03',1,NULL,'He/She is away from the household presently'),(1002,'2015-05-10 20:07:04','2015-05-10 20:24:07',2,1001,'ဖြေဆိုခဲ့သူသည် ယခုလောလောဆယ်  နေအိမ်တွင် မရှိပါ။'),(1003,'2015-05-10 20:07:04','2015-05-10 20:07:04',1,NULL,'He/She is at work'),(1004,'2015-05-10 20:07:04','2015-05-10 20:24:27',2,1003,'ဖြေဆိုခဲ့သူသည် အလုပ်သွားနေပါသည်။'),(1005,'2015-05-10 20:07:04','2015-05-10 20:07:04',1,NULL,'He/She is ill and cannot respond'),(1006,'2015-05-10 20:07:04','2015-05-10 20:24:48',2,1005,'ဖြေဆိုခဲ့သူသည် နေမကောင်းသဖြင့် ထပ်မံ တွေ့ဆုံမေးမြန်းခြင်းအား မဖြေဆိုနိုင်ပါ။'),(1007,'2015-05-10 20:27:54','2015-05-10 20:27:54',1,NULL,'Others'),(1008,'2015-05-10 20:27:55','2015-05-10 20:29:02',2,1007,'အခြား'),(1009,'2015-05-10 20:27:55','2015-05-10 20:27:55',1,NULL,'[specify]'),(1010,'2015-05-10 20:27:55','2015-05-10 20:28:36',2,1009,'[ အသေးစိတ်ရေးရန် ]'),(1011,'2015-05-10 20:41:59','2015-05-10 20:41:59',1,NULL,'You need to complete all answers! Please check __QNUM__ !'),(1012,'2015-05-10 20:41:59','2015-05-10 20:44:20',2,1011,'မေးခွန်းအားလုံးဖြည့်စွက်ရန် လိုအပ်ပါသည်။ မေးခွန်းအမှတ် __QNUM__ အားစစ်ဆေးပါ !'),(1013,'2015-05-10 20:41:59','2015-05-10 20:41:59',1,NULL,'There were some problems with your input.'),(1014,'2015-05-10 20:41:59','2015-05-10 20:43:16',2,1013,'အချက်အလက်ဖြည့်သွင်းမှုတွင် ပြဿနာရှိပါသည်။'),(1015,'2015-05-10 20:52:05','2015-05-10 20:52:05',1,NULL,'Enumerator Form ID need to be exactly 7 digits'),(1016,'2015-05-10 20:52:05','2015-05-10 20:53:54',2,1015,'စာရင်းကောက်ယူမှုဖောင်အမှတ်သည် ဂဏန် ၇ လံုးအတိအကျဖြစ်ရန်လိုအပ်ပါသည်။'),(1017,'2015-05-10 20:54:38','2015-05-10 20:54:38',1,NULL,'__village__ does not exist in __state__. Check again Enumerator ID!'),(1018,'2015-05-10 20:54:39','2015-05-10 20:58:35',2,1017,'__state__  __village__  ရွာ မရှိပါ။ စာရင်းကောက်ယူသူ ကိုယ်ပိုင်အမှတ်အား ပြန်စစ်ကြည့်ပါ။'),(1019,'2015-05-13 12:06:20','2015-05-13 12:06:20',1,NULL,'Category_001'),(1020,'2015-05-13 12:06:21','2015-05-13 12:07:02',2,1019,'ဘာသာရေး'),(1021,'2015-05-13 12:06:21','2015-05-13 12:06:21',1,NULL,'Category_002'),(1022,'2015-05-13 12:06:21','2015-05-15 02:07:05',2,1021,'ပညာရေး'),(1023,'2015-05-13 12:06:21','2015-05-13 12:06:21',1,NULL,'Category_003'),(1024,'2015-05-13 12:06:21','2015-05-15 02:07:23',2,1023,'နိုင်ငံရေးလှုပ်ရှားမှု'),(1025,'2015-05-13 12:06:21','2015-05-13 12:06:21',1,NULL,'Category_004'),(1026,'2015-05-13 12:06:22','2015-05-15 02:07:33',2,1025,'နိုင်ငံရေးပါတီ'),(1027,'2015-05-13 12:06:22','2015-05-13 12:06:22',1,NULL,'Category_005'),(1028,'2015-05-13 12:06:22','2015-05-15 02:07:48',2,1027,'လူသားချင်းစာနာမှု အကူအညီ'),(1029,'2015-05-13 12:06:22','2015-05-13 12:06:22',1,NULL,'Category_006'),(1030,'2015-05-13 12:06:22','2015-05-15 02:08:00',2,1029,'ရိုးရာပွဲတော်'),(1031,'2015-05-13 12:06:22','2015-05-13 12:06:22',1,NULL,'Category_007'),(1032,'2015-05-13 12:06:23','2015-05-15 02:08:16',2,1031,'အားကစားလှုပ်ရှားမှု'),(1033,'2015-05-13 12:06:23','2015-05-13 12:06:23',1,NULL,'Category_008'),(1034,'2015-05-13 12:06:23','2015-05-15 02:08:27',2,1033,'သာရေးနာရေး'),(1035,'2015-05-13 12:06:23','2015-05-13 12:06:23',1,NULL,'Category_009'),(1036,'2015-05-13 12:06:23','2015-05-13 12:06:23',2,1035,'Category_009'),(1037,'2015-05-13 12:06:23','2015-05-13 12:06:23',1,NULL,'Category_010'),(1038,'2015-05-13 12:06:24','2015-05-13 12:06:24',2,1037,'Category_010'),(1039,'2015-05-13 12:06:24','2015-05-13 12:06:24',1,NULL,'Category_011'),(1040,'2015-05-13 12:06:24','2015-05-13 12:06:24',2,1039,'Category_011'),(1041,'2015-05-13 12:06:24','2015-05-13 12:06:24',1,NULL,'Category_012'),(1042,'2015-05-13 12:06:25','2015-05-13 12:06:25',2,1041,'Category_012'),(1043,'2015-05-13 12:06:25','2015-05-13 12:06:25',1,NULL,'Category_013'),(1044,'2015-05-13 12:06:25','2015-05-13 12:06:25',2,1043,'Category_013'),(1045,'2015-05-13 12:06:25','2015-05-13 12:06:25',1,NULL,'Category_014'),(1046,'2015-05-13 12:06:26','2015-05-13 12:06:26',2,1045,'Category_014'),(1047,'2015-05-13 12:06:26','2015-05-13 12:06:26',1,NULL,'Category_015'),(1048,'2015-05-13 12:06:26','2015-05-15 02:08:43',2,1047,'ဖေါ်ပြထားခြင်းမရှိ'),(1049,'2015-05-13 12:11:26','2015-05-13 12:11:26',1,NULL,'Hlwan Moe'),(1050,'2015-05-13 12:11:26','2015-05-13 12:11:26',2,1049,'Hlwan Moe'),(1051,'2015-05-13 12:11:26','2015-05-13 12:11:26',1,NULL,'Leik Inn Kone'),(1052,'2015-05-13 12:11:26','2015-05-13 12:11:26',2,1051,'လိတ် အင်း ကုန်း'),(1053,'2015-05-15 03:20:51','2015-05-15 03:20:51',1,NULL,'Yes, I have'),(1055,'2015-05-15 03:20:52','2015-05-15 03:21:13',2,1053,'ရှိပါသည်'),(1057,'2015-05-15 03:20:52','2015-05-15 03:20:52',1,NULL,'No, I don\'t have'),(1059,'2015-05-15 03:20:54','2015-05-15 03:21:26',2,1057,'မရှိပါ'),(1061,'2015-05-15 03:28:41','2015-05-15 03:28:41',1,NULL,'Yes, I use'),(1063,'2015-05-15 03:29:26','2015-05-15 03:30:43',2,1061,'အသုံးပြုသည်'),(1065,'2015-05-15 03:34:23','2015-05-15 03:34:23',1,NULL,'Yes, I encounter'),(1067,'2015-05-15 03:34:25','2015-05-15 03:34:48',2,1065,'တွေ့ပါသည်'),(1069,'2015-05-15 03:34:25','2015-05-15 03:34:25',1,NULL,'No, I don\'t encounter'),(1071,'2015-05-15 03:34:26','2015-05-15 03:34:55',2,1069,'မတွေ့ပါ'),(1073,'2015-05-15 03:38:18','2015-05-15 03:38:18',1,NULL,'No comment'),(1075,'2015-05-15 03:38:20','2015-05-15 03:38:58',2,1073,'မရှိ'),(1077,'2015-05-15 03:38:20','2015-05-15 03:38:20',1,NULL,'Yes, I have comment'),(1079,'2015-05-15 03:38:21','2015-05-15 03:39:13',2,1077,'ရှိ [ရှင်းပြပါ]'),(1081,'2015-05-15 03:38:21','2015-05-15 03:38:21',1,NULL,'No, not checked'),(1083,'2015-05-15 03:38:23','2015-05-15 03:39:33',2,1081,'မလုပ်ခဲ့ရပါ'),(1085,'2015-05-15 03:38:23','2015-05-15 03:38:23',1,NULL,'Yes, checked'),(1087,'2015-05-15 03:38:25','2015-05-15 03:39:40',2,1085,'လုပ်ခဲ့ရပါသည်'),(1089,'2015-05-15 09:07:57','2015-05-15 09:07:57',1,NULL,'San San Aye'),(1090,'2015-05-15 09:07:59','2015-05-15 09:07:59',2,1089,'စန်း စန်း အေး'),(1091,'2015-05-15 09:07:59','2015-05-15 09:07:59',1,NULL,'Inn Ku Lar Ward'),(1092,'2015-05-15 09:08:00','2015-05-15 09:08:00',2,1091,'အင်း Ku Lar ရပ်ကွက်'),(1093,'2015-05-15 09:24:40','2015-05-15 09:24:40',1,NULL,'Min Zaw'),(1094,'2015-05-15 09:24:41','2015-05-15 09:24:41',2,1093,'မင်းဇော်'),(1095,'2015-05-15 09:24:41','2015-05-15 09:24:41',1,NULL,'Pauk Kone'),(1096,'2015-05-15 09:24:41','2015-05-15 09:24:41',2,1095,'ပေါက် ကုန်း');
/*!40000 ALTER TABLE `ems_locale_translations` ENABLE KEYS */;
UNLOCK TABLES;

--
-- Table structure for table `ems_locales`
--

DROP TABLE IF EXISTS `ems_locales`;
/*!40101 SET @saved_cs_client     = @@character_set_client */;
/*!40101 SET character_set_client = utf8 */;
CREATE TABLE `ems_locales` (
  `id` int(10) unsigned NOT NULL AUTO_INCREMENT,
  `created_at` timestamp NOT NULL DEFAULT '0000-00-00 00:00:00',
  `updated_at` timestamp NOT NULL DEFAULT '0000-00-00 00:00:00',
  `code` varchar(255) COLLATE utf8_unicode_ci NOT NULL,
  `name` varchar(255) COLLATE utf8_unicode_ci DEFAULT NULL,
  `display_name` varchar(255) COLLATE utf8_unicode_ci DEFAULT NULL,
  `lang_code` varchar(255) COLLATE utf8_unicode_ci DEFAULT NULL,
  PRIMARY KEY (`id`),
  UNIQUE KEY `locales_code_unique` (`code`)
) ENGINE=InnoDB AUTO_INCREMENT=3 DEFAULT CHARSET=utf8 COLLATE=utf8_unicode_ci;
/*!40101 SET character_set_client = @saved_cs_client */;

--
-- Dumping data for table `ems_locales`
--

LOCK TABLES `ems_locales` WRITE;
/*!40000 ALTER TABLE `ems_locales` DISABLE KEYS */;
INSERT INTO `ems_locales` VALUES (1,'2015-04-27 02:09:37','2015-04-27 02:09:37','en','English',NULL,NULL),(2,'2015-04-27 02:09:37','2015-04-27 02:09:37','my','Burmese',NULL,NULL);
/*!40000 ALTER TABLE `ems_locales` ENABLE KEYS */;
UNLOCK TABLES;

--
-- Table structure for table `ems_migrations`
--

DROP TABLE IF EXISTS `ems_migrations`;
/*!40101 SET @saved_cs_client     = @@character_set_client */;
/*!40101 SET character_set_client = utf8 */;
CREATE TABLE `ems_migrations` (
  `migration` varchar(255) COLLATE utf8_unicode_ci NOT NULL,
  `batch` int(11) NOT NULL
) ENGINE=InnoDB DEFAULT CHARSET=utf8 COLLATE=utf8_unicode_ci;
/*!40101 SET character_set_client = @saved_cs_client */;

--
-- Dumping data for table `ems_migrations`
--

LOCK TABLES `ems_migrations` WRITE;
/*!40000 ALTER TABLE `ems_migrations` DISABLE KEYS */;
INSERT INTO `ems_migrations` VALUES ('2014_10_12_000000_create_users_table',1),('2014_10_12_100000_create_password_resets_table',1),('2015_01_15_105324_create_roles_table',1),('2015_01_15_114412_create_role_user_table',1),('2015_01_26_115212_create_permissions_table',1),('2015_01_26_115523_create_permission_role_table',1),('2015_02_03_180720_create_locales_table',1),('2015_02_03_180721_create_translations_table',1),('2015_02_09_132439_create_permission_user_table',1),('2015_03_13_122556_create_states_table',1),('2015_03_13_122606_create_districts_table',1),('2015_03_13_122611_create_townships_table',1),('2015_03_13_122617_create_villages_table',1),('2015_03_13_170822_create_geolocations_table',1),('2015_03_15_154521_create_participants_table',1),('2015_03_15_155941_ParticipantsRelations',1),('2015_03_15_173347_create_p_groups_table',1),('2015_03_16_090956_create_ems_forms_table',1),('2015_03_16_091004_create_ems_form_questions_table',1),('2015_03_16_091024_create_ems_questions_answers_table',1),('2015_03_17_172726_create_general_settings_table',1),('2015_03_20_124135_participants_pgroups',1),('2015_03_28_152810_create_enumerators_answers_table',1),('2015_04_09_011053_create_form_types_table',1),('2015_04_09_014225_create_spot_checker_answers_table',1);
/*!40000 ALTER TABLE `ems_migrations` ENABLE KEYS */;
UNLOCK TABLES;

--
-- Table structure for table `ems_p_groups`
--

DROP TABLE IF EXISTS `ems_p_groups`;
/*!40101 SET @saved_cs_client     = @@character_set_client */;
/*!40101 SET character_set_client = utf8 */;
CREATE TABLE `ems_p_groups` (
  `id` int(10) unsigned NOT NULL AUTO_INCREMENT,
  `name` varchar(255) COLLATE utf8_unicode_ci NOT NULL,
  `descriptions` varchar(255) COLLATE utf8_unicode_ci NOT NULL,
  `created_at` timestamp NOT NULL DEFAULT '0000-00-00 00:00:00',
  `updated_at` timestamp NOT NULL DEFAULT '0000-00-00 00:00:00',
  PRIMARY KEY (`id`),
  UNIQUE KEY `p_groups_name_unique` (`name`)
) ENGINE=InnoDB AUTO_INCREMENT=2 DEFAULT CHARSET=utf8 COLLATE=utf8_unicode_ci;
/*!40101 SET character_set_client = @saved_cs_client */;

--
-- Dumping data for table `ems_p_groups`
--

LOCK TABLES `ems_p_groups` WRITE;
/*!40000 ALTER TABLE `ems_p_groups` DISABLE KEYS */;
INSERT INTO `ems_p_groups` VALUES (1,'Default','Default Group','2015-04-27 02:09:06','2015-04-27 02:09:06');
/*!40000 ALTER TABLE `ems_p_groups` ENABLE KEYS */;
UNLOCK TABLES;

--
-- Table structure for table `ems_participants`
--

DROP TABLE IF EXISTS `ems_participants`;
/*!40101 SET @saved_cs_client     = @@character_set_client */;
/*!40101 SET character_set_client = utf8 */;
CREATE TABLE `ems_participants` (
  `id` int(10) unsigned NOT NULL AUTO_INCREMENT,
  `user_image` varchar(255) COLLATE utf8_unicode_ci NOT NULL DEFAULT 'user.png',
  `name` varchar(255) COLLATE utf8_unicode_ci NOT NULL,
  `nrc_id` varchar(255) COLLATE utf8_unicode_ci NOT NULL,
  `email` varchar(255) COLLATE utf8_unicode_ci DEFAULT NULL,
  `user_gender` varchar(255) COLLATE utf8_unicode_ci NOT NULL,
  `ethnicity` varchar(255) COLLATE utf8_unicode_ci NOT NULL,
  `education_level` enum('none','primary','middle','highschool','under_graduate','graduated','post_graduated') COLLATE utf8_unicode_ci NOT NULL,
  `dob` date NOT NULL,
  `current_org` varchar(255) COLLATE utf8_unicode_ci NOT NULL,
  `user_line_phone` varchar(255) COLLATE utf8_unicode_ci DEFAULT NULL,
  `user_mobile_phone` varchar(255) COLLATE utf8_unicode_ci DEFAULT NULL,
  `user_mailing_address` text COLLATE utf8_unicode_ci,
  `user_biography` text COLLATE utf8_unicode_ci,
  `payment_type` varchar(255) COLLATE utf8_unicode_ci DEFAULT NULL,
  `bank` varchar(255) COLLATE utf8_unicode_ci DEFAULT NULL,
  `participant_id` int(10) unsigned NOT NULL,
  `participant_type` varchar(255) COLLATE utf8_unicode_ci NOT NULL,
  `created_at` timestamp NOT NULL DEFAULT '0000-00-00 00:00:00',
  `updated_at` timestamp NOT NULL DEFAULT '0000-00-00 00:00:00',
  PRIMARY KEY (`id`),
  UNIQUE KEY `participants_participant_id_unique` (`participant_id`),
  UNIQUE KEY `participants_email_unique` (`email`),
  KEY `participants_nrc_id_index` (`nrc_id`)
) ENGINE=InnoDB AUTO_INCREMENT=1227 DEFAULT CHARSET=utf8 COLLATE=utf8_unicode_ci;
/*!40101 SET character_set_client = @saved_cs_client */;

--
-- Dumping data for table `ems_participants`
--

LOCK TABLES `ems_participants` WRITE;
/*!40000 ALTER TABLE `ems_participants` DISABLE KEYS */;
INSERT INTO `ems_participants` VALUES (1,'user.png','Thomas Zaw Ring','1/MaKaNa(N)109691','thomaszauring@gmail.com','Male','','graduated','1983-07-30','Principle- Central Internal Activator Agency (CIAA), Myitkyina, Kachin state','','09 440006662','269 Yuzana, Myitkyina, Kachin State','',NULL,NULL,1,'coordinator','2015-04-27 03:01:39','2015-04-27 03:01:39'),(2,'user.png','Elis Tun','2/LaKaNa(N)067056','elishtun7@gmail.com','Female','','graduated','1989-08-13','Principle, Up Academy, Larsho, Northern Shan state.','','09 428000754','No 499, Mailon Ward, Loikaw, Kayah State.','',NULL,NULL,2,'coordinator','2015-04-27 03:01:39','2015-04-27 03:01:39'),(3,'user.png','Saw Htet Wai Yan Kyaw','3/BaAhNa(N)219101','sawhtet135@gmail.com','Male','','graduated','1986-01-04','Worked for Shalom Foundation till to Nov 2014 , still working for  Pha An Youth Network till now, Pha Ah Tsp, Karen state','','09 425049756','#6, ZweKaBin Road, Hpa An Tsp','',NULL,NULL,3,'coordinator','2015-04-27 03:01:40','2015-04-27 03:01:40'),(4,'user.png','Min Htay Aung @ Micahael','10/PaMaNa(N)003067','minhtayaung19@gmail.com','Male','','graduated','1963-06-19','One of Founder of Mon Social Development Netowrk, Mawlamyein, Mon state','','09 31503814','No 45, Warkyaung,1 st, Kadar Qtr, Paung Tsp, Mon state','',NULL,NULL,4,'coordinator','2015-04-27 03:01:40','2015-04-27 03:01:40'),(5,'user.png','Kap Lian Thang','4/HaKaNa(N)038600','kapte9@gmail.com','Male','','graduated','1990-06-04','Shalom Foundation( worked as volunteer, ChinYouthOrg( member), Khuahtun Youth Org(member), Hakha Tsp, Chin state','','09 442001303','Myohuang Qtr, Hakha Tsp','',NULL,NULL,5,'coordinator','2015-04-27 03:01:40','2015-04-27 03:01:40'),(6,'user.png','Pyae Phyo Linn','11/PaTaNa(N)053139','phyoechay@gmail.com','Male','','graduated','1988-06-12','Own Business in Sittwe, Rakkhine state','','09 254096112','Pyidawthar housing compound, Sittwe Tsp','',NULL,NULL,6,'coordinator','2015-04-27 03:01:40','2015-04-27 03:01:40'),(7,'user.png','Nan Kay Thwe','13/LaYaNa(N)111394','nangkthwe@gmail.com','Female','','graduated','1986-03-10','Librarian and Teacher at Lashio Millinum Center, Larsho Tsp, Northern Shan state','','09 43170141','Nya/6178, Cherry Lane 2, Tai Young Street, Block 10, Lashio','',NULL,NULL,7,'coordinator','2015-04-27 03:01:41','2015-04-27 03:01:41'),(8,'user.png','Khun Zaw','13/TaKaNa(N)276007','myint.tgi@gmail.com','Male','','graduated','1992-10-29','Accountant at DEMO , Taunggyi Tsp, Southern Shan state.','','09 428349507','No.4,Thet Sat Yan Aung Street, Kyaung Gyi Su Quarter, Taunggyi, Southern Shan State, ','',NULL,NULL,8,'coordinator','2015-04-27 03:01:41','2015-04-27 03:01:41'),(9,'user.png',' Min Zaw','12/AhLaNa(N)036732','min.minnzaw@gmail.com','Male','','graduated','1979-05-03','Volunteer at WBMI non profit school in Yangon, Yangon division','','09 253980406','#29, New Thargi street, Ahlone Tsp, Yangon','',NULL,NULL,9,'coordinator','2015-04-27 03:01:41','2015-04-27 03:01:41'),(10,'user.png','Kyaw Zeya','12/MaYaKa(N)121070','zeya2007.kyaw@gmail.com','Male','','graduated','1983-07-30',' Family Own business ( former political prisoner), Mandalay Tsp.','','09 43015194','#119/22, 41th street, btw 78th and 79th street, Mandalay','',NULL,NULL,10,'coordinator','2015-04-27 03:01:41','2015-04-27 03:01:41'),(11,'user.png','Zaw Thurein Tun','5/YaBaNa(N)142688','zawthureintun@gmail.com','Male','','graduated','1986-10-15','Sagaing Youth Network/ I-Capmus Complete IT Solution, Monywa Tsp, Sagaing division.','','09 400454523','Ngu Shwe War street, Myothit Qtr, Monywa Tsp','',NULL,NULL,11,'coordinator','2015-04-27 03:01:41','2015-04-27 03:01:41'),(12,'user.png','Aung Moe Thu','11/SaTaNa(N)068051','aungmoelinthu@gmail.com','Male','','graduated','1972-05-21','Volunteer Coordinator at Lokka Ahlin ME center, Magway Tsp','','09 43045224/ 09259038065','Corner of 16 street, BEHS 2 street, Ywar Thit Qtr, Magway','',NULL,NULL,12,'coordinator','2015-04-27 03:01:42','2015-04-27 03:01:42'),(13,'user.png','Nwe Zin Thet','14/ThaPaNa(N)110012','nwezinhtet.tb@gmail.com','Female','','under_graduate','1994-10-29','Ayeyarwaddy Youth Network ( Volunteer Accountant), Pathein Tsp, Ayeyarwaddy Division','','09 32226734','#31, Shwemyintmo street , Mayancho village, Tharbaung Tsp.Ayeyareaddy','',NULL,NULL,13,'coordinator','2015-04-27 03:01:42','2015-04-27 03:01:42'),(14,'user.png','Than Win','6/HtaWaNa(N)019257','hrnine999@gmail.com','Male','','graduated','1970-10-19','Activist, previously work for 88 generation Dawei and Dawei watch group.','','09 422191774','No 477, Bobahtoo road, Bowmow Qtr, Dawei. Thanintharyi.','',NULL,NULL,14,'coordinator','2015-04-27 03:01:42','2015-04-27 03:01:42'),(15,'user.png','Aung Ko Ko ','7/PaTaNa(N)104227','uaungko86@gmail.com','Male','','graduated','1986-12-16','Bago Youth Network, Pyi Tsp, Bago division','','09 423701065','#2, Myat Su Mon Housing, Kyittayar Myothit Qtr, Pyay.','',NULL,NULL,15,'coordinator','2015-04-27 03:01:42','2015-04-27 03:01:42'),(16,'user.png','Myat Aung Paing','7/PaKhaNa(N)293929','myataungpuy009@gmail.com','Male','','under_graduate','1993-06-01','Freelance trainier , doing family business ','','09 973023613','2/209- Nang oo lane street, Oakthar Myo Thit,Ward (2), Bago East','',NULL,NULL,16,'coordinator','2015-04-27 03:01:43','2015-04-27 03:01:43'),(17,'user.png','Min Thu','9/MaHtaMa(N)204296','Myanmar.edlcoffice@gmail.com','Male','','under_graduate','1970-01-01','Teacher, Education Zone, Kyeintong','','09 252169356','Loimaw village tract, Naung Cho village, KyeinTaung Township, Eastern Shan','',NULL,NULL,17,'coordinator','2015-04-27 03:01:43','2015-04-27 03:01:43'),(18,'user.png','Chan Nyein','','chan _nyein101@laravel.org.mm','','','none','1970-01-01','No Organization','','09 3399 4559','','',NULL,NULL,101,'spotchecker','2015-04-27 03:02:01','2015-04-27 03:02:01'),(19,'user.png','Kyi Kyi Mar','','kyi _kyi _mar102@laravel.org.mm','Female','','none','1970-01-01','No Organization','','09 2523 47162','','',NULL,NULL,102,'spotchecker','2015-04-27 03:02:01','2015-04-27 03:02:01'),(20,'user.png','Pe Yar Dwae','1/KaMaNa(N)025401','pe _yar _dwae103@laravel.org.mm','Male','','none','1987-11-09','No Organization','','09 2525 83951','','',NULL,NULL,103,'spotchecker','2015-04-27 03:02:01','2015-04-27 03:02:01'),(21,'user.png','John Hlaing','14/DaNaPha(N)107553','john _hlaing104@laravel.org.mm','','','none','1970-01-01','No Organization','','09 3116 3149','','',NULL,NULL,104,'spotchecker','2015-04-27 03:02:02','2015-04-27 03:02:02'),(22,'user.png','Aung Bo Bo Htet','14/BaKaLa(N)212069','aung _bo _bo _htet105@laravel.org.mm','Male','','none','1970-01-01','No Organization','','09 5176616','','',NULL,NULL,105,'spotchecker','2015-04-27 03:02:02','2015-04-27 03:02:02'),(23,'user.png','106','','106106@laravel.org.mm','','','none','1970-01-01','No Organization','','','','',NULL,NULL,106,'spotchecker','2015-04-27 03:02:02','2015-04-27 03:02:02'),(24,'user.png','107','','107107@laravel.org.mm','','','none','1970-01-01','No Organization','','','','',NULL,NULL,107,'spotchecker','2015-04-27 03:02:03','2015-04-27 03:02:03'),(25,'user.png','108','','108108@laravel.org.mm','','','none','1970-01-01','No Organization','','','','',NULL,NULL,108,'spotchecker','2015-04-27 03:02:03','2015-04-27 03:02:03'),(26,'user.png','Thet Su Yee','8/SaPhaNa(N)049693','thet _su _yee109@laravel.org.mm','Female','','none','1970-01-01','No Organization','','09 2508 13568','Myo Ma 1st Street, OakPho.','',NULL,NULL,109,'spotchecker','2015-04-27 03:02:03','2015-04-27 03:02:03'),(27,'user.png','Than Htike Aung','7/ThaKaNa(N)101146','than _htike _aung110@laravel.org.mm','Male','','none','1970-01-01','No Organization','','09 4237 15380','Maubin Gway, Yin Tike Maw Village Track, Thegon Village.','',NULL,NULL,110,'spotchecker','2015-04-27 03:02:03','2015-04-27 03:02:03'),(28,'user.png','Myo Thet Naing','7/PaKhaTa(N)072904','myo _thet _naing111@laravel.org.mm','Male','','none','1970-01-01','No Organization','','09 4237 13161','Khay Mar Thi Street, Ward-3, Paukkhaung.','',NULL,NULL,111,'spotchecker','2015-04-27 03:02:03','2015-04-27 03:02:03'),(29,'user.png','Thang Lian Mang','4/HaKhaNa(N)030148','thang _lian _mang112@laravel.org.mm','Male','','none','1970-01-01','No Organization','','09 2590 77915','Old Bazaar, Hakha, Chin State','',NULL,NULL,112,'spotchecker','2015-04-27 03:02:04','2015-04-27 03:02:04'),(30,'user.png','Kai Bu','1/HaMaNa(N)005460','kai _bu113@laravel.org.mm','Female','','none','1970-01-01','Principal/ Monyein CIAA','','9259419675','','',NULL,NULL,113,'spotchecker','2015-04-27 03:02:04','2015-04-27 03:02:04'),(31,'user.png','Moses Sut Hkum','1/MaKaNa(N)039777','moses _sut _hkum114@laravel.org.mm','Male','','none','1970-01-01','No Organization','','9256430206','','',NULL,NULL,114,'spotchecker','2015-04-27 03:02:04','2015-04-27 03:02:04'),(32,'user.png','115','','115115@laravel.org.mm','','','none','1970-01-01','No Organization','','','','',NULL,NULL,115,'spotchecker','2015-04-27 03:02:04','2015-04-27 03:02:04'),(33,'user.png','Saw Mee Bwae Toe Tun','3/KaSaKa(N)052574','saw _mee _bwae _toe _tun116@laravel.org.mm','Male','','none','1989-07-07','HuuPho Apaw Group','09 9716 84262','09 4250 02451','Kyainseikgyi Village, Kyainseikgyi Township.','',NULL,NULL,116,'spotchecker','2015-04-27 03:02:05','2015-04-27 03:02:05'),(34,'user.png','Aung Lin Kyi','','aung _lin _kyi117@laravel.org.mm','','','none','1970-01-01','No Organization','','09 4402 25420','','',NULL,NULL,117,'spotchecker','2015-04-27 03:02:05','2015-04-27 03:02:05'),(35,'user.png','Aung Naing San','','aung _naing _san118@laravel.org.mm','','','none','1970-01-01','No Organization','','09 3325 5706','','',NULL,NULL,118,'spotchecker','2015-04-27 03:02:05','2015-04-27 03:02:05'),(36,'user.png','Wai Yan Aung','','wai _yan _aung119@laravel.org.mm','','','none','1970-01-01','No Organization','','09 2300936','','',NULL,NULL,119,'spotchecker','2015-04-27 03:02:05','2015-04-27 03:02:05'),(37,'user.png','Kyaw Thurein Aung','','kyaw _thurein _aung120@laravel.org.mm','','','none','1970-01-01','No Organization','','09 4402 30573','','',NULL,NULL,120,'spotchecker','2015-04-27 03:02:05','2015-04-27 03:02:05'),(38,'user.png','121','','121121@laravel.org.mm','','','none','1970-01-01','No Organization','','','','',NULL,NULL,121,'spotchecker','2015-04-27 03:02:06','2015-04-27 03:02:06'),(39,'user.png','122','','122122@laravel.org.mm','','','none','1970-01-01','No Organization','','','','',NULL,NULL,122,'spotchecker','2015-04-27 03:02:06','2015-04-27 03:02:06'),(40,'user.png','123','','123123@laravel.org.mm','','','none','1970-01-01','No Organization','','','','',NULL,NULL,123,'spotchecker','2015-04-27 03:02:06','2015-04-27 03:02:06'),(41,'user.png','124','','124124@laravel.org.mm','','','none','1970-01-01','No Organization','','','','',NULL,NULL,124,'spotchecker','2015-04-27 03:02:06','2015-04-27 03:02:06'),(42,'user.png','125','','125125@laravel.org.mm','','','none','1970-01-01','No Organization','','','','',NULL,NULL,125,'spotchecker','2015-04-27 03:02:07','2015-04-27 03:02:07'),(43,'user.png','126','','126126@laravel.org.mm','','','none','1970-01-01','No Organization','','','','',NULL,NULL,126,'spotchecker','2015-04-27 03:02:07','2015-04-27 03:02:07'),(44,'user.png','127','','127127@laravel.org.mm','','','none','1970-01-01','No Organization','','','','',NULL,NULL,127,'spotchecker','2015-04-27 03:02:07','2015-04-27 03:02:07'),(45,'user.png','128','','128128@laravel.org.mm','','','none','1970-01-01','No Organization','','','','',NULL,NULL,128,'spotchecker','2015-04-27 03:02:07','2015-04-27 03:02:07'),(46,'user.png','129','','129129@laravel.org.mm','','','none','1970-01-01','No Organization','','','','',NULL,NULL,129,'spotchecker','2015-04-27 03:02:08','2015-04-27 03:02:08'),(47,'user.png','Tun Tun Aye ','','tun _tun _aye 130@laravel.org.mm','','','none','1970-01-01','No Organization','','','MEB','',NULL,NULL,130,'spotchecker','2015-04-27 03:02:08','2015-04-27 03:02:08'),(48,'user.png','131','','131131@laravel.org.mm','','','none','1970-01-01','No Organization','','','','',NULL,NULL,131,'spotchecker','2015-04-27 03:02:08','2015-04-27 03:02:08'),(49,'user.png','Kyaw Ye Htut','','kyaw _ye _htut132@laravel.org.mm','','','none','1970-01-01','No Organization','','','MEB','',NULL,NULL,132,'spotchecker','2015-04-27 03:02:08','2015-04-27 03:02:08'),(50,'user.png','133','','133133@laravel.org.mm','','','none','1970-01-01','No Organization','','','','',NULL,NULL,133,'spotchecker','2015-04-27 03:02:09','2015-04-27 03:02:09'),(51,'user.png','134','','134134@laravel.org.mm','','','none','1970-01-01','No Organization','','','','',NULL,NULL,134,'spotchecker','2015-04-27 03:02:09','2015-04-27 03:02:09'),(52,'user.png','135','','135135@laravel.org.mm','','','none','1970-01-01','No Organization','','','','',NULL,NULL,135,'spotchecker','2015-04-27 03:02:09','2015-04-27 03:02:09'),(53,'user.png','136','','136136@laravel.org.mm','','','none','1970-01-01','No Organization','','','','',NULL,NULL,136,'spotchecker','2015-04-27 03:02:09','2015-04-27 03:02:09'),(54,'user.png','137','','137137@laravel.org.mm','','','none','1970-01-01','No Organization','','','','',NULL,NULL,137,'spotchecker','2015-04-27 03:02:10','2015-04-27 03:02:10'),(55,'user.png','Wai Mon Thu','8/TaLaNa(N)051092','wai _mon _thu138@laravel.org.mm','Female','','none','1994-07-04','No Organization','','09 2544 67656','Naung Nwan Village, Near Market','',NULL,NULL,138,'spotchecker','2015-04-27 03:02:10','2015-04-27 03:02:10'),(56,'user.png','Ma Naw Mi','13/TaKaNa(N)151530','ma _naw _mi139@laravel.org.mm','Female','','none','1970-01-01','No Organization','','09 2600 98097','Naung Nwan Village.','',NULL,NULL,139,'spotchecker','2015-04-27 03:02:10','2015-04-27 03:02:10'),(57,'user.png','Adness Ma Naing','13/PhaKhaNa(N)048306','adness _ma _naing140@laravel.org.mm','Female','','none','1970-01-01','No Organization','','09 2615 61927','Nyaung Kone Village (1), Pekon Township, ','',NULL,NULL,140,'spotchecker','2015-04-27 03:02:10','2015-04-27 03:02:10'),(58,'user.png','141','','141141@laravel.org.mm','','','none','1970-01-01','No Organization','','','','',NULL,NULL,141,'spotchecker','2015-04-27 03:02:11','2015-04-27 03:02:11'),(59,'user.png','142','','142142@laravel.org.mm','','','none','1970-01-01','No Organization','','','','',NULL,NULL,142,'spotchecker','2015-04-27 03:02:11','2015-04-27 03:02:11'),(60,'user.png','Thida Soe','','thida _soe143@laravel.org.mm','Female','','none','1970-01-01','No Organization','','09 876 3285','','',NULL,NULL,143,'spotchecker','2015-04-27 03:02:11','2015-04-27 03:02:11'),(61,'user.png','144','','144144@laravel.org.mm','','','none','1970-01-01','No Organization','','','','',NULL,NULL,144,'spotchecker','2015-04-27 03:02:11','2015-04-27 03:02:11'),(62,'user.png','145','','145145@laravel.org.mm','','','none','1970-01-01','No Organization','','','','',NULL,NULL,145,'spotchecker','2015-04-27 03:02:12','2015-04-27 03:02:12'),(63,'user.png','146','','146146@laravel.org.mm','','','none','1970-01-01','No Organization','','','','',NULL,NULL,146,'spotchecker','2015-04-27 03:02:12','2015-04-27 03:02:12'),(64,'user.png','147','','147147@laravel.org.mm','','','none','1970-01-01','No Organization','','','','',NULL,NULL,147,'spotchecker','2015-04-27 03:02:12','2015-04-27 03:02:12'),(65,'user.png','148','','148148@laravel.org.mm','','','none','1970-01-01','No Organization','','','','',NULL,NULL,148,'spotchecker','2015-04-27 03:02:12','2015-04-27 03:02:12'),(66,'user.png','149','','149149@laravel.org.mm','','','none','1970-01-01','No Organization','','','','',NULL,NULL,149,'spotchecker','2015-04-27 03:02:13','2015-04-27 03:02:13'),(67,'user.png','150','','150150@laravel.org.mm','','','none','1970-01-01','No Organization','','','','',NULL,NULL,150,'spotchecker','2015-04-27 03:02:13','2015-04-27 03:02:13'),(68,'user.png','Wai Lin Htut','','wai _lin _htut117001@laravel.org.mm','','','none','1970-01-01','No Organization','','09 2507 36373','','',NULL,NULL,117001,'enumerator','2015-04-27 03:02:50','2015-05-15 08:51:18'),(69,'user.png','Aung Ko Lwin','14/NgaSaNa(N)000373','aung _ko _lwin117002@laravel.org.mm','Male','','none','1970-01-01','HRDP','','09 3625 8435','Sin Ma Village, Nge Saung Sub-township, Pathein Tonwship.','','Direct Payment',NULL,117002,'enumerator','2015-04-27 03:02:50','2015-05-15 08:31:25'),(70,'user.png','Aye Mon Aung','14/KaKaHta(N)174122','aye _mon _aung117003@laravel.org.mm','Female','','none','1970-01-01','Student','','09 3202 7102','Let Pan Kone Village, Myingaseik Village Tract, Kangyidaunt Township.','','Direct Payment',NULL,117003,'enumerator','2015-04-27 03:02:51','2015-05-15 08:51:18'),(71,'user.png','Naw Lwal Htoo','14/KaKaHta(N)174024','naw _lwal _htoo117004@laravel.org.mm','Female','','none','1970-01-01','Student','','09 7945 29817','Kyet Kone Village, Myingaseik Village Tract, Kangyidaunt Township.','','Direct Payment',NULL,117004,'enumerator','2015-04-27 03:02:51','2015-05-15 08:51:19'),(72,'user.png','Hein Htet Aung','14/KaKaHta(N)158682','hein _htet _aung117005@laravel.org.mm','Male','','none','1994-07-03','Student','','09 7944 98719','Kyeik Latt Village, Kyeik Latt Village Tract, Kangyidaunt Township.','','Direct Payment',NULL,117005,'enumerator','2015-04-27 03:02:51','2015-05-15 08:51:19'),(73,'user.png','Myat Moe Ko','14/ThaPaNa(N)115865','myat _moe _ko117006@laravel.org.mm','Male','','none','1970-01-01','Student','','09 7942 45690','Nga Kyut Kone Village, Kyun Kone Village, Tract, Thabaung Township.','','Direct Payment',NULL,117006,'enumerator','2015-04-27 03:02:52','2015-05-15 08:51:19'),(74,'user.png','Shine Aung Myint','14/PaThaNa(N)113539','shine _aung _myint117007@laravel.org.mm','Male','','none','1970-01-01','No Organization','','09 3192 8861','Sat Twar Village, Sat Twar Villlage Tract, Thabaung Township.','','Direct Payment',NULL,117007,'enumerator','2015-04-27 03:02:52','2015-05-15 08:51:19'),(75,'user.png','Tun Tun','14/PaThaYa(N)087221','tun _tun117008@laravel.org.mm','Male','','none','1978-03-08','Teacher','','09 4224 61235','Bubinsate Village, Ngayoukkaung, Ngapudaw Township.','','Direct Payment',NULL,117008,'enumerator','2015-04-27 03:02:52','2015-05-15 08:51:19'),(76,'user.png','Soe Lin Kyaw','14/LaPaTa(N)232762','soe _lin _kyaw117009@laravel.org.mm','Male','','none','1970-01-01','Farmer','','09 2507 31604','Kan Bat Village, Aung Thar Yar Village Tract, Labutta Township.','','Direct Payment',NULL,117009,'enumerator','2015-04-27 03:02:52','2015-05-15 08:51:19'),(77,'user.png','Tin Win Myint','14/KaPaNa(N)153224','tin _win _myint117010@laravel.org.mm','Male','','none','1970-01-01','Farmer','09 2507 45857','09 7989 29585','Yae Naunt Village, Min Set Kyu Village Tract, Kyon Pyaw Township.','','Wired transfer','CB Bank-Kyonpyaw',117010,'enumerator','2015-04-27 03:02:53','2015-05-15 08:51:19'),(78,'user.png','Yan Naing Soe','14/KaPaNa(N)167906','yan _naing _soe117011@laravel.org.mm','Male','','none','1970-01-01','Farmer','','09 8583 528','Man Set Ku Ywar Ma, Kyone Pyaw Township.','','Wired transfer','CB Bank-Kyonpyaw',117011,'enumerator','2015-04-27 03:02:53','2015-05-15 08:51:19'),(79,'user.png','Thet Naing Win','14/KaPaNa(N)046998','thet _naing _win117012@laravel.org.mm','Male','','none','1970-01-01','Division Manager','','09 3199 9001','11/A, Inn Ye Street, Pin Lon Ward, Kyone Pyaw Township.','','Wired transfer','CB Bank-Kyonpyaw',117012,'enumerator','2015-04-27 03:02:53','2015-05-15 08:51:19'),(80,'user.png','Yarzar Tun','processing','yarzar _tun117013@laravel.org.mm','Male','','none','1984-05-15','Farmer','','09 3199 9001','Pyin Char Sate Gyi Village, Kyon Pyaw Township.','','Wired transfer','CB Bank-Kyonpyaw',117013,'enumerator','2015-04-27 03:02:53','2015-05-15 08:51:19'),(81,'user.png','Win Myint','14/YaKaNa(N)021535','win _myint117014@laravel.org.mm','Male','','none','1970-01-01','Farmer','','09 7945 36213','Tha Pyay Kwin Village, Yegyi Township.','',NULL,NULL,117014,'enumerator','2015-04-27 03:02:53','2015-05-15 07:43:47'),(82,'user.png','Soe Moe Aung','14/YaKaNa(N)117315','soe _moe _aung117015@laravel.org.mm','Male','','none','1989-01-08','Internet café owner','','09 7911 06345','No.55, Aung San Road, Bahtoo Ward, Yagyi Township.','','Via Bus',NULL,117015,'enumerator','2015-04-27 03:02:54','2015-05-15 08:51:19'),(83,'user.png','Aung Ko Latt','14/KaKaNa(N)099082','aung _ko _latt117016@laravel.org.mm','Male','','none','1970-01-01','Farmer','09 7993 23029','09 2557 71138','Tu Myaung Village, Kwin Gyi Village Tract, KyaungGon Township.','','Wired Transfer','MEB-Kyaunggon',117016,'enumerator','2015-04-27 03:02:54','2015-05-15 08:31:26'),(84,'user.png','Thar Chit','14/KaKaNa(N)121634','thar _chit117017@laravel.org.mm','Male','','none','1970-01-01','Student','','09 7944 85942','Kan Nar Street, No.3 Ward, Kyaung Gon Township.','','Via Bus ',NULL,117017,'enumerator','2015-04-27 03:02:54','2015-05-15 08:31:26'),(85,'user.png','Myo Paing Soe','14/KaKaNa(N)148591','myo _paing _soe117018@laravel.org.mm','Male','','none','1970-01-01','Student','','09 2619 02242','No.3, Aung Zay Ya 1st Street, No.3 Ward, Kyaung Gon Township.','','Via Bus ',NULL,117018,'enumerator','2015-04-27 03:02:54','2015-05-15 08:51:20'),(86,'user.png','Aung Myo Thant','14/HaThaTa(N)216530','aung _myo _thant117019@laravel.org.mm','Male','','none','1970-01-01','HRDP','','09 4224 59678','Shan Su Village, Thae Bwe Villlage Track, Hinthada Township.','','Wired transfer','KBZ-Hinthada',117019,'enumerator','2015-04-27 03:02:54','2015-05-15 08:51:20'),(87,'user.png','Zaw Min Naing','14/ZaLaNa(N)124025','zaw _min _naing117020@laravel.org.mm','Male','','none','1970-01-01','No Organization','','09 2505 87659','Gway Gone Village, Lal Kone Village Tract, Zalun Township.','','Direct Payment',NULL,117020,'enumerator','2015-04-27 03:02:55','2015-05-15 08:51:20'),(88,'user.png','Thurein Tun','14/ZaLaNa(N)175413','thurein _tun117021@laravel.org.mm','Male','','none','1970-01-01','Marchant','','09 3632 4055','Ohn Kone Village, Lai Kone Village Tract, Zalun Township.','','Direct Payment',NULL,117021,'enumerator','2015-04-27 03:02:55','2015-05-15 08:51:20'),(89,'user.png','Than Htike Myint','14/MaAhNa(N)144091','than _htike _myint117022@laravel.org.mm','Male','','none','1982-03-09','Marchant','09 7916 70046','09 4203 10742','Inn Bin Sub-Towship, Myaung Aung Township.','','Wired transfer','KBZ-Myanaung',117022,'enumerator','2015-04-27 03:02:55','2015-05-15 08:51:20'),(90,'user.png','Aung Zaw Lin','14/MaAhNa(N)126935','aung _zaw _lin117023@laravel.org.mm','Male','','none','2015-05-15','Farmer','09 7983 71705','09 7967 57983','Shan Taw Village, MaYwaeKone Village tract, Myaung Aung Township.','','Wired transfer','KBZ-Myanaung',117023,'enumerator','2015-04-27 03:02:55','2015-05-15 08:51:20'),(91,'user.png','Yee Yee Cho','14/AhMaNa(N)209716','yee _yee _cho117024@laravel.org.mm','Female','','none','1990-05-15','Farmer','09 2526 90393','09 7967 58123','Kone Gyi Village, Inn Byin Sub-township, Kyangin Township.','','Wired transfer','KBZ-Myanaung',117024,'enumerator','2015-04-27 03:02:56','2015-05-15 08:51:20'),(92,'user.png','Khine Kyaw Win','14/AhGaPa(N)153389','khine _kyaw _win117025@laravel.org.mm','Male','','none','1970-01-01','Farmer','09 2505 85070','09 7916 67199','Kyun Pu Lu Village, Ingapu Township.','',NULL,NULL,117025,'enumerator','2015-04-27 03:02:56','2015-05-15 07:43:48'),(93,'user.png','Aung Myo Min','14/AhGaPa(N)168779','aung _myo _min117026@laravel.org.mm','Male','','none','1989-02-04','Farmer','09 7969 42714','09 4512 45242','Nat Chan Village, Hmat Tin Village Tract, Ingapu Township.','','Wired Transfer','KBZ-Hinthada',117026,'enumerator','2015-04-27 03:02:56','2015-05-15 08:51:20'),(94,'user.png','Khine Ye Lin','14/MaAhNa(N)173509','khine _ye _lin117027@laravel.org.mm','Male','','none','1970-01-01','Marchant','09 9788 01636/ \'09 9789 466064','09 2509 34401','Gyo Gone Village, Daung Kya Village Tract, Ingapu Towship.','','Via Bus','Yadana Bus- Inpin gate',117027,'enumerator','2015-04-27 03:02:56','2015-05-15 08:51:20'),(95,'user.png','Kyaw Soe','14/MaMaNa(N)151096','kyaw _soe117028@laravel.org.mm','Male','','none','1975-08-09','Garden','','09 2533 27768','MaYanBin Village, MaYaBin Village Tract, Eainmae Township.','','Wired transfer','YoeMa Bank-MyaungMya',117028,'enumerator','2015-04-27 03:02:57','2015-05-15 08:31:28'),(96,'user.png','Myint Lwin','14/MaMaNa(N)048783','myint _lwin117029@laravel.org.mm','Male','','none','2015-05-15','Farmer','','09 7919 05917','Kan Thar Kone Ywar Ma, Myaung Mya Township.','','Wired transfer','Bank/ U Thein Aye-09422489053',117029,'enumerator','2015-04-27 03:02:57','2015-05-15 08:31:28'),(97,'user.png','Than Tun Lay','14/MaMaNa(N)139489','than _tun _lay117030@laravel.org.mm','Male','','none','2015-05-15','Farmer','','09 3638 1473','Thahtay Kone Village, Kywet Nwet Chaung Chaung Village Tract, Myaung Mya Tonwship.','','Via Bus',NULL,117030,'enumerator','2015-04-27 03:02:57','2015-05-15 08:51:20'),(98,'user.png','Zaw Myo Oo','14/MaMaNa(N)109478','zaw _myo _oo117031@laravel.org.mm','Male','','none','1982-02-04','Teacher','09 2528 99350','09 2530 11798','No.33, Ywar Thar Yar (2) Street, Myaung Mya Township.','','Wired transfer','KBZ-Myaung Mya',117031,'enumerator','2015-04-27 03:02:58','2015-05-15 08:31:28'),(99,'user.png','Two','14/MaMaNa(N)144272','two117032@laravel.org.mm','Male','','none','1970-01-01','Grocery Shop Owner','','09 2616 22728','Nyaung Kone Village, Myaung Mya Township.','',NULL,NULL,117032,'enumerator','2015-04-27 03:02:58','2015-05-15 08:51:20'),(100,'user.png','Myo Aung','14/AhMaNa(N)093585','myo _aung117033@laravel.org.mm','Male','','none','1970-01-01','Farmer','','09 2527 67577','Nyaung Wine Village, Yae Doe Nyaung Wine Village Tract, Einme Township.','','Wired transfer','MOB-Einme',117033,'enumerator','2015-04-27 03:02:58','2015-05-15 08:31:28'),(101,'user.png','Tin Tin Maw','14/LaPaTa(N)005064','tin _tin _maw117034@laravel.org.mm','Female','','none','2015-05-15','Teacher','','09 4225 21052','Pyin Salu Sub-township, Labutta Township.','','Direct Payment',NULL,117034,'enumerator','2015-04-27 03:02:59','2015-05-15 08:51:21'),(102,'user.png','Soe Shwe','14/AhMaNa(N)108630','soe _shwe117035@laravel.org.mm','Male','','none','1342-05-07','Farmer','','','Kyon Tone Village, Pa Det Village Tract, Einme Township.','','Via Bus','Soe Thik Pan Bus- Malzali Sar Phyu Su Bus Stop (Ma Thi Thi Win)',117035,'enumerator','2015-04-27 03:02:59','2015-05-15 08:51:21'),(103,'user.png','Phyo Min Aung','12/LaMaTa(N)031572','phyo _min _aung117036@laravel.org.mm','Male','','none','1970-01-01','Teacher','','09 7945 54326','Kyeik Latt Village, Kyeik Latt Village Tract, Kangyidaunt Township.','','Direct Payment',NULL,117036,'enumerator','2015-04-27 03:02:59','2015-05-15 08:51:21'),(104,'user.png','Khin Bo Bo','14/AhMaNa(N)015555','khin _bo _bo117037@laravel.org.mm','Female','','none','1970-01-01','Construction','','09 9787 50871','No.15, Bojoke Aung San Road, Chaung Wa Ward, Einme Township.','','Wired Transfer','MOB-Einme',117037,'enumerator','2015-04-27 03:02:59','2015-05-15 08:31:29'),(105,'user.png','Thant Zin Ko','14/WaKhaMa(N)279260','thant _zin _ko117038@laravel.org.mm','Male','','none','1970-01-01','Farmer','','09 2538 18819','No.11, Toe Chae 1st street, Thawka Ward, Wakema Township.','','Wired Transfer','CB Bank-Wakema',117038,'enumerator','2015-04-27 03:02:59','2015-05-15 08:51:21'),(106,'user.png','Kyaw Win Tun','14/PaSaLa(N)050757','kyaw _win _tun117039@laravel.org.mm','Male','','none','2015-05-15','Hair dressing','','09 2511 19401','Pyin Salu Sub-township, Labutta Township.','','Wired Transfer','CB Bank-Labutta',117039,'enumerator','2015-04-27 03:03:00','2015-05-15 08:51:21'),(107,'user.png','Aung Kaung Myat','14/PaSaLa(N)057342','aung _kaung _myat117040@laravel.org.mm','Male','','none','1995-04-05','Student','','09 2511 19401','No.1 Ward, Pyin Salu sub-township, Labutta Township.','','Personal Transfer (Ma Nan)',NULL,117040,'enumerator','2015-04-27 03:03:00','2015-05-15 08:51:21'),(108,'user.png','Chin Hnin Phyu','14/LaPaTa(N)175296','chin _hnin _phyu117041@laravel.org.mm','Female','','none','1989-11-11','No Organization','','09 2611 27085','Yae Sing Gone Villlage, Sar Kyin Village Tract, Labutta Township.','','Wired Transfer','CB Bank-Labutta',117041,'enumerator','2015-04-27 03:03:00','2015-05-15 08:51:21'),(109,'user.png','Kyaw Lin Soe','14/LaPaTa(N)123115','kyaw _lin _soe117042@laravel.org.mm','Male','','none','1970-01-01','Civil Servant','','09 2504 38727','Hlaing Bone Village, Hlaing Bone Village Tract, Mawlamyinegyun Township.','','Wired Transfer (friend)','KBZ-Mawgun',117042,'enumerator','2015-04-27 03:03:00','2015-05-15 08:51:21'),(110,'user.png','Kaung Sithu','14/MaAhPa(N)237825','kaung _sithu117043@laravel.org.mm','Male','','none','1970-01-01','Student','','09 4512 42536','No.20, Tayza Street, Ward-3, Maubin Township.','','Direct Payment',NULL,117043,'enumerator','2015-04-27 03:03:01','2015-05-15 08:51:21'),(111,'user.png','Thiha Ye Htut','14/MaAhPa(N)269755','thiha _ye _htut117044@laravel.org.mm','Male','','none','1970-01-01','No Organization','','09 2509 86393','No.19, 7th Street, Ward-5, Maubin Township.','','Direct Payment',NULL,117044,'enumerator','2015-04-27 03:03:01','2015-05-15 08:31:30'),(112,'user.png','Aung Kyaw Kyaw','14/KaKaHta(N)151595','aung _kyaw _kyaw117045@laravel.org.mm','Male','','none','1970-01-01','Farmer','','09 7929 78320','Kyawe Lan Chaung Village, Kyone Gyi Village Tract, Kangyidaunt Township.','','Direct Payment',NULL,117045,'enumerator','2015-04-27 03:03:01','2015-05-15 08:51:21'),(113,'user.png','Soe Than Oo','14/PaTaNa(N)109859','soe _than _oo117046@laravel.org.mm','Male','','none','1970-01-01','Bettle','09 2504 39609','09 7941 86876','Aung Bawdi Village, Taw Chuang Village Tract, Pantanaw Township.','',NULL,NULL,117046,'enumerator','2015-04-27 03:03:01','2015-05-15 07:43:49'),(114,'user.png','Aye Thaung','14/PhaPaNa(N)090612','aye _thaung117047@laravel.org.mm','Male','','none','2015-05-15','Retired-Defence','','09 3251 9856','No.87, Khine Shwe Wah Street, Ward-8, Nyaungdon Township.','','Wired Transfer','World Treasure Bank-Nyaungdon',117047,'enumerator','2015-04-27 03:03:02','2015-05-15 08:51:21'),(115,'user.png','Soe Ahant Htin','14/NyaTaNa(N)161042','soe _ahant _htin117048@laravel.org.mm','Male','','none','1996-06-02','Student','','09 7933 81958','No.14, 19th Street, Ward-3, NyaungDon Township.','','Wired Transfer','CB Bank-Nyaungdon',117048,'enumerator','2015-04-27 03:03:02','2015-05-15 08:51:22'),(116,'user.png','Saw Yan Paing','14/DaNaPha(N)125549','saw _yan _paing117049@laravel.org.mm','Male','','none','1970-01-01','Farmer','','09 7999 77962','Lel Taw Village, Ta Myar Village Tract, Danuphyu Township.','','Wired Transfer','CB Bank-Danuphyu',117049,'enumerator','2015-04-27 03:03:02','2015-05-15 08:31:30'),(117,'user.png','Nyunt Tin','14/LaPaTa(N)147598','nyunt _tin117050@laravel.org.mm','Male','','none','1970-01-01','Farmer','','09 2501 63349','Kan Bat Village, Aung Thar Yar Village Tract, Labutta Township.','','Direct Payment',NULL,117050,'enumerator','2015-04-27 03:03:02','2015-05-15 08:51:22'),(118,'user.png','Kyi Hlaing','14/DaNaPha(N)038957','kyi _hlaing117051@laravel.org.mm','Male','','none','2015-05-15','Farmer','','09 7929 68124','Nyaung Chaung Village, Htout Shar Yone Village Tract, Danuphyu Township. ','','Wired Transfer','CB Bank-Danuphyu',117051,'enumerator','2015-04-27 03:03:03','2015-05-15 08:51:22'),(119,'user.png','Zin Ko Win','14/BaKaLa(N)284607','zin _ko _win117052@laravel.org.mm','Male','','none','1970-01-01','Student','','09 8595 114','Yae Kyaw Village, Hi Si Village Tract, Bogalay Township.','','Wired Transfer','KBZ-Bogalay',117052,'enumerator','2015-04-27 03:03:03','2015-05-15 08:31:31'),(120,'user.png','Win Zaw Oo','14/BaKaLa(N)185537','win _zaw _oo117053@laravel.org.mm','Male','','none','1970-01-01','Marchant','09 422 536686','09 7904 89011','Ma Sein Yae Kyaw Village, Haing Si Village Tract, Bogalay Township.','','Wired transfer','KBZ-Bogalay',117053,'enumerator','2015-04-27 03:03:03','2015-05-15 08:31:31'),(121,'user.png','Aye Soe','ahmata(n)001521','aye _soe117054@laravel.org.mm','Male','','none','1982-04-04','Marchant','','09 2546 78991','Kwin Win Village, Phayar Chaung Village Tract, Bogalay Township.','','Wired transfer','KBZ-Bogalay',117054,'enumerator','2015-04-27 03:03:03','2015-05-15 08:31:31'),(122,'user.png','Yu Par Win','14/BaKaLa(N)178647','yu _par _win117055@laravel.org.mm','Female','','none','1970-01-01','No Organization','','09 2622 26187','Ayar Villlage, Bogale Township.','','Direct Payment',NULL,117055,'enumerator','2015-04-27 03:03:04','2015-05-15 08:51:22'),(123,'user.png','Htet Paing','14/LaPaTa(N)228984','htet _paing117056@laravel.org.mm','Male','','none','1970-01-01','Farmer','','09 4224 84730','Sar Kyin Village, Sar Kyin Village, Labutta Township.','','Direct Payment',NULL,117056,'enumerator','2015-04-27 03:03:04','2015-05-15 08:51:22'),(124,'user.png','Win Win Tin','14/PaSaLa(N)057462','win _win _tin117057@laravel.org.mm','Female','','none','1983-04-05','No Organization','','09 2629 87423','Pyin Salu Sub-township, Labutta Township.','','Direct Payment',NULL,117057,'enumerator','2015-04-27 03:03:04','2015-05-15 08:51:22'),(125,'user.png','Yan Aung Ko','14/KaLaNa(N)110921','yan _aung _ko117058@laravel.org.mm','Male','','none','1970-01-01','No Organization','','09 4224 81593','No.19, 9th Street, Ward-4, Kyaiklat Township.','','Wired Trasfer','KBZ-Kyaiklat',117058,'enumerator','2015-04-27 03:03:04','2015-05-15 08:31:32'),(126,'user.png','Pyae Sandar','14/LaPaTa(N)131643','pyae _sandar117059@laravel.org.mm','Male','','none','1970-01-01','No Organization','','09 2523 10988','No.401/1, Chaung Dwin Street, Ward-1, Labutta Township.','','Wired Trasfer',NULL,117059,'enumerator','2015-04-27 03:03:05','2015-05-15 08:51:22'),(127,'user.png','Kyaw Lin Aung','','kyaw _lin _aung117060@laravel.org.mm','Male','','none','1970-01-01','Farmer','','09 2530 69853','Kan Bat Village, Aung Thar Yar Village Tract, Labutta Township.','','Direct Payment',NULL,117060,'enumerator','2015-04-27 03:03:05','2015-05-15 08:51:22'),(128,'user.png','Aye Moh Moh Khin','','aye _moh _moh _khin107061@laravel.org.mm','','','none','1970-01-01','Beauty Saloon','','09 9301 59581','','',NULL,NULL,107061,'enumerator','2015-04-27 03:03:05','2015-05-15 08:51:22'),(129,'user.png','Ye Lin Tun','','ye _lin _tun107062@laravel.org.mm','','','none','1970-01-01','Student','','09 7995 80613','','',NULL,'KBZ Bank-2, Bago',107062,'enumerator','2015-04-27 03:03:06','2015-05-15 08:51:22'),(130,'user.png','Shwe Wit Yee','','shwe _wit _yee107063@laravel.org.mm','','','none','1970-01-01','Myanmar-Muslim Education and Peace Committee','','09 4281 24205','','',NULL,NULL,107063,'enumerator','2015-04-27 03:03:06','2015-05-15 08:51:22'),(131,'user.png','Lai Yin Min','','lai _yin _min107064@laravel.org.mm','','','none','1970-01-01','Myanmar-Muslim Education and Peace Committee','','09 5400 713','','',NULL,'KBZ Bank-3, Bago',107064,'enumerator','2015-04-27 03:03:06','2015-05-15 08:51:23'),(132,'user.png','Tun Tun Aung','','tun _tun _aung107065@laravel.org.mm','','','none','1970-01-01','-','','09 2604 94813','','',NULL,NULL,107065,'enumerator','2015-04-27 03:03:06','2015-05-15 08:51:23'),(133,'user.png','Thet Khine Soe','7/KaWaNa(N)128106','thet _khine _soe107066@laravel.org.mm','Male','','none','1986-07-28','Student','','09 3321 8637','Kawa Township','',NULL,NULL,107066,'enumerator','2015-04-27 03:03:07','2015-05-15 07:43:51'),(134,'user.png','Mai Win Lai Aye','','mai _win _lai _aye107067@laravel.org.mm','','','none','1970-01-01','ABS Survey','','09 9761 27178','','',NULL,NULL,107067,'enumerator','2015-04-27 03:03:07','2015-05-15 08:51:23'),(135,'user.png','Naung Naung Soe','','naung _naung _soe107068@laravel.org.mm','','','none','1970-01-01','Student','','09 9796 457485','','',NULL,NULL,107068,'enumerator','2015-04-27 03:03:07','2015-05-15 08:51:23'),(136,'user.png','Zayar Min','','zayar _min107069@laravel.org.mm','','','none','1970-01-01','Nyaung Lay Bin non-prifit youth group','','09 2527 33018','','',NULL,NULL,107069,'enumerator','2015-04-27 03:03:07','2015-05-15 08:51:23'),(137,'user.png','Chin Lin Thwin','','chin _lin _thwin107070@laravel.org.mm','','','none','1970-01-01','Madauk Development Youth Group','','09 2542 89664','','',NULL,NULL,107070,'enumerator','2015-04-27 03:03:08','2015-05-15 08:51:23'),(138,'user.png','Kyaw Min Thu','','kyaw _min _thu107071@laravel.org.mm','','','none','1970-01-01','Student','','09 9787 23066','','',NULL,NULL,107071,'enumerator','2015-04-27 03:03:08','2015-05-15 08:51:23'),(139,'user.png','Tun Lin Nay','','tun _lin _nay107072@laravel.org.mm','','','none','1970-01-01','No Organization','','09 9762 63095','','',NULL,NULL,107072,'enumerator','2015-04-27 03:03:08','2015-05-15 08:51:23'),(140,'user.png','Thet Po Oo','7/YaKaNa(N)050142','thet _po _oo107073@laravel.org.mm','Male','','none','1984-03-30','Marchant','','09 3175 9203','Gant Gaw Win Ward, Shwe Kyin','',NULL,NULL,107073,'enumerator','2015-04-27 03:03:08','2015-05-15 08:51:23'),(141,'user.png','Zin Wah Wah Moe','sgn066638','zin _wah _wah _moe107074@laravel.org.mm','Female','','none','1992-12-24','Student','','09 2601 73607','Gant Gaw Win Ward, Shwe Kyin','',NULL,NULL,107074,'enumerator','2015-04-27 03:03:09','2015-05-15 07:43:51'),(142,'user.png','Tun Min Aung','7/TaNgaNa(N)001645','tun _min _aung107075@laravel.org.mm','Male','','none','1977-04-26','Marchant','','09 9750 94141','20/972, Taungu','',NULL,NULL,107075,'enumerator','2015-04-27 03:03:09','2015-05-15 07:43:51'),(143,'user.png','Wai Wai Thein','','wai _wai _thein107076@laravel.org.mm','','','none','1970-01-01','Carpenter','','09 7905 90458','','',NULL,NULL,107076,'enumerator','2015-04-27 03:03:09','2015-05-15 08:51:23'),(144,'user.png','Htet Min','','htet _min107077@laravel.org.mm','','','none','1970-01-01','Student','','09 2502 99232','','',NULL,'KBZ Bank-2, Bago',107077,'enumerator','2015-04-27 03:03:10','2015-05-15 08:51:24'),(145,'user.png','Ye Min Htet','7/YaTaYa(N)134157','ye _min _htet107078@laravel.org.mm','Male','','none','1970-01-01','Student','','09 7982 2504','Zalout Kyee  Village','',NULL,'Via Aung Myo Htike Oo',107078,'enumerator','2015-04-27 03:03:10','2015-04-27 03:03:10'),(146,'user.png','Rose','','rose107079@laravel.org.mm','','','none','1970-01-01','Student','','09 4281 25454','','',NULL,'Via Aung Myo Htike Oo',107079,'enumerator','2015-04-27 03:03:11','2015-05-15 08:51:24'),(147,'user.png','Aung Myo Htike Oo','','aung _myo _htike _oo107080@laravel.org.mm','','','none','1970-01-01','No Organization','','09 9760 65549','','',NULL,NULL,107080,'enumerator','2015-04-27 03:03:11','2015-05-15 08:51:24'),(148,'user.png','Pyae Sone Win','7/AhTaNa(N)102968','pyae _sone _win107081@laravel.org.mm','Male','','none','1970-01-01','Student','','09 4281 14429','Telecommunication campus, Swar','',NULL,NULL,107081,'enumerator','2015-04-27 03:03:12','2015-04-27 03:03:12'),(149,'user.png','Myo Ko Ko Khine','','myo _ko _ko _khine107082@laravel.org.mm','','','none','1970-01-01','Student','','09 9736 95409','','',NULL,'Via Aung Myo Htike Oo',107082,'enumerator','2015-04-27 03:03:12','2015-05-15 08:51:24'),(150,'user.png','Tin Wai Lin','7/YaTaYa(N)069668','tin _wai _lin107083@laravel.org.mm','Male','','none','1970-01-01','Student','','09 7925 50780','Pe Two Village','',NULL,'Via Aung Myo Htike Oo',107083,'enumerator','2015-04-27 03:03:13','2015-04-27 03:03:13'),(151,'user.png','Su Myat Zaw','','su _myat _zaw107084@laravel.org.mm','','','none','1970-01-01','Student','','09 2546 47003','','',NULL,'AYA Bank, Taungoo',107084,'enumerator','2015-04-27 03:03:13','2015-05-15 08:51:24'),(152,'user.png','Win Thu Aung','','win _thu _aung107085@laravel.org.mm','','','none','1970-01-01','No Organization','','09 3014 8678','','',NULL,NULL,107085,'enumerator','2015-04-27 03:03:14','2015-05-15 08:51:24'),(153,'user.png','Naw Say Lwal','','naw _say _lwal107086@laravel.org.mm','','','none','1970-01-01','Marchant','','09 9721 16391','','',NULL,NULL,107086,'enumerator','2015-04-27 03:03:14','2015-05-15 08:51:24'),(154,'user.png','Nay Myo Hlaing','','nay _myo _hlaing107087@laravel.org.mm','','','none','1970-01-01','No Organization','','09 2543 93672','','',NULL,'KBZ Bank 2 Bago',107087,'enumerator','2015-04-27 03:03:14','2015-05-15 08:51:24'),(155,'user.png','Thein Kyine','7/YaTaYa(N)139131','thein _kyine113088@laravel.org.mm','Male','','none','1970-01-01','Student','','09 2543 28516','Ye Da Shae, Kyae Yaing Pyin Village','',NULL,'KBZ Bank, YaeDaShae',113088,'enumerator','2015-04-27 03:03:15','2015-04-27 03:03:15'),(156,'user.png','Yan Kyaw Win Myint','7/PaMaNa(N)154624','yan _kyaw _win _myint108089@laravel.org.mm','Male','','none','1970-01-01','MBCA','','09 7929 24928','Anawyahtar Street, AungSanPyiTharyar Ward, Pyay Township.','',NULL,NULL,108089,'enumerator','2015-04-27 03:03:15','2015-04-27 03:03:15'),(157,'user.png','Tun Tun Naing','12/DaPaNa(N)047654','tun _tun _naing108090@laravel.org.mm','Male','','none','1970-01-01','No Organization','09 4523 37601','09 3370 6799','Hnet Taw Oo Village, Pauk Khaung ','',NULL,NULL,108090,'enumerator','2015-04-27 03:03:16','2015-04-27 03:03:16'),(158,'user.png','Kaung Myat Thu','7/PaTaNa(N)533201','kaung _myat _thu108091@laravel.org.mm','Male','','none','1997-01-09','Aye Thukha Free Funeral Services','09 2507 25915','09 2539 82433','Tha Khouk Tan Street, Pyi Taw Thar Ward, Ouk Shit Pin.','',NULL,NULL,108091,'enumerator','2015-04-27 03:03:16','2015-05-15 07:43:52'),(159,'user.png','Kyaw Myo Thet','7/PaTaNa(N)127433','kyaw _myo _thet108092@laravel.org.mm','Male','','none','1992-08-06','Aye Thukha Free Funeral Services','09 2525 89399','09 7944 47487','Tha Khouk Tan Street, Pyi Taw Thar Ward, Ouk Shit Pin.','',NULL,NULL,108092,'enumerator','2015-04-27 03:03:17','2015-05-15 07:43:52'),(160,'user.png','Myo Min Zaw','7/ThaKaNa(N)119368','myo _min _zaw108093@laravel.org.mm','Male','','none','1970-01-01','No Organization','','09 2501 14574','Lal Paw Village, Kyoet Yat Thar Village Track','',NULL,NULL,108093,'enumerator','2015-04-27 03:03:17','2015-04-27 03:03:17'),(161,'user.png','Aung Hlaing Win','7/ThaKaNa(N)099289','aung _hlaing _win108094@laravel.org.mm','Male','','none','1984-08-04',' ','','09 2602 86522','Nyo Ma Pin Village, Ze Kone Village Track, Thegon Township','',NULL,NULL,108094,'enumerator','2015-04-27 03:03:18','2015-05-15 07:43:53'),(162,'user.png','Chan Nyein Oo','','chan _nyein _oo108095@laravel.org.mm','','','none','1970-01-01','No Organization','','09 3246 0839','','',NULL,NULL,108095,'enumerator','2015-04-27 03:03:19','2015-05-15 08:51:25'),(163,'user.png','Aung Thu Win','','aung _thu _win108096@laravel.org.mm','','','none','1970-01-01','No Organization','','09 7941 15801','','',NULL,NULL,108096,'enumerator','2015-04-27 03:03:19','2015-05-15 08:51:25'),(164,'user.png','Pan Min Phyo','7/ThaWaTa(N)122467','pan _min _phyo108097@laravel.org.mm','Female','','none','1992-09-04','No Organization','','09 3123 7614','Aung Thabyay Street, 11st Ward,','',NULL,NULL,108097,'enumerator','2015-04-27 03:03:20','2015-05-15 08:51:25'),(165,'user.png','Win Htut Aung','','win _htut _aung108098@laravel.org.mm','','','none','1970-01-01','No Organization','','09 2531 75887','','',NULL,NULL,108098,'enumerator','2015-04-27 03:03:20','2015-05-15 08:51:25'),(166,'user.png','Chaw Su','','chaw _su108099@laravel.org.mm','Male','','none','1970-01-01','No Organization','','09 9774 10103','Ywar Kant Lant Village, Letpadan Township.','',NULL,NULL,108099,'enumerator','2015-04-27 03:03:21','2015-05-15 08:51:25'),(167,'user.png','New New Win','7/LaPaNa(N)110144','new _new _win108100@laravel.org.mm','Female','','none','1970-01-01','No Organization','','09 4237 03427','Aung Myay Village, Lapadan Township.','',NULL,NULL,108100,'enumerator','2015-04-27 03:03:21','2015-04-27 03:03:21'),(168,'user.png','Aung Pyae Phyo','7/AhPhaNa(G)000250','aung _pyae _phyo108101@laravel.org.mm','Male','','none','1970-01-01','Bago Youth Affair Assosiation','','09 3167 3535','Myo Ma (1)street, Ouk Pho.','',NULL,NULL,108101,'enumerator','2015-04-27 03:03:22','2015-04-27 03:03:22'),(169,'user.png','Win Zaw','7/KaPaKa(N)091602','win _zaw108102@laravel.org.mm','Male','','none','1986-09-06','No Organization','','09 2532 96795','Myat Ni Kwin Village, Okpho Township','',NULL,NULL,108102,'enumerator','2015-04-27 03:03:22','2015-05-15 07:43:53'),(170,'user.png','Min Thu','7/ZaKaNa(N)053515','min _thu108103@laravel.org.mm','Male','','none','1970-01-01','Bago Youth Affair Assosiation','','09 2504 11164','Wet Kaw Out Shansu Village, Thayet Dabin Village Track, Zigone','',NULL,NULL,108103,'enumerator','2015-04-27 03:03:23','2015-04-27 03:03:23'),(171,'user.png','Zin Bo Bo','7/ZaKaNa(N)049380','zin _bo _bo108104@laravel.org.mm','Male','','none','1970-01-01','Bago Youth Affair Assosiation','','09 2503 08945','Wet Kaw Out Shansu Village, Thayet Dabin Village Track, Zigone','',NULL,NULL,108104,'enumerator','2015-04-27 03:03:23','2015-04-27 03:03:23'),(172,'user.png','Bo Myint Shein','','bo _myint _shein108105@laravel.org.mm','','','none','1970-01-01','Bago Youth Affair Assosiation','','09 2504 10532','','',NULL,NULL,108105,'enumerator','2015-04-27 03:03:23','2015-05-15 08:51:25'),(173,'user.png','Than Swe Aung','','than _swe _aung108106@laravel.org.mm','','','none','1970-01-01','No Organization','','09 4237 20913','','',NULL,NULL,108106,'enumerator','2015-04-27 03:03:23','2015-05-15 08:51:25'),(174,'user.png','Tin Kyine','7/MaNyaNa(N)049727','tin _kyine108107@laravel.org.mm','Male','','none','1970-01-01','No Organization','','09 2531 97425','Byit Sin Kone Village, Moe Nyo Township.,','',NULL,NULL,108107,'enumerator','2015-04-27 03:03:24','2015-04-27 03:03:24'),(175,'user.png','Thang Lian Ci','4/PhaLaNa(N)020526','thang _lian _ci104108@laravel.org.mm','Male','','none','1969-05-02','Farmer','','070 50530 (C/O)','Phunte, Falam Township, Chin State','',NULL,NULL,104108,'enumerator','2015-04-27 03:03:24','2015-05-15 07:43:53'),(176,'user.png','Shing Lai','4/MaHtaNa(N)041689','shing _lai104109@laravel.org.mm','Female','','none','1993-05-11','Student','','09 47171345','Upper Lar Pan, Hleicham Township, Chin State','',NULL,NULL,104109,'enumerator','2015-04-27 03:03:24','2015-05-15 07:43:53'),(177,'user.png','Kep Bik Cem','4/HaKhaNa(N)042263','kep _bik _cem104110@laravel.org.mm','Male','','none','1970-01-01','CYO ','','09 2576 37093','Pyidawta, Hakha, Chin State','',NULL,NULL,104110,'enumerator','2015-04-27 03:03:25','2015-05-15 07:43:54'),(178,'user.png','Chan Peng Ceu','4/ThaTaNa(N)047656','chan _peng _ceu104111@laravel.org.mm','Male','','none','1970-01-01','Farmer','','09 47171418','Tlanglo, Thantlang Township, Chin State','',NULL,NULL,104111,'enumerator','2015-04-27 03:03:25','2015-04-27 03:03:25'),(179,'user.png','Za Bau Gam Aung','wmn090849','za _bau _gam _aung101112@laravel.org.mm','Male','','none','1970-08-24','Farmer','947079168','09 4932 9072','Khan Yan, Waimaw','',NULL,NULL,101112,'enumerator','2015-04-27 03:03:25','2015-05-15 07:43:54'),(180,'user.png','Khun Sai','mwn054901','khun _sai101113@laravel.org.mm','Male','','none','1970-01-01','Farmer','','09 2599 51470','Sadun, Inward 5','',NULL,NULL,101113,'enumerator','2015-04-27 03:03:25','2015-05-15 08:51:26'),(181,'user.png','Mary','kmn050242','mary101114@laravel.org.mm','Female','','none','1970-01-01','PTA student','','09 2509 09611','Seng Tawng, Seik Mu, Phakant','',NULL,NULL,101114,'enumerator','2015-04-27 03:03:26','2015-05-15 08:51:26'),(182,'user.png','Won Dan','','won _dan101115@laravel.org.mm','Male','','none','1970-01-01','Farmer','','09 3617 1291','4/145 Myazay, Hopin','',NULL,NULL,101115,'enumerator','2015-04-27 03:03:26','2015-05-15 08:51:26'),(183,'user.png','Myint Naing','1/MaNaNa(N)00068','myint _naing101116@laravel.org.mm','Male','','none','1970-01-01','Farmer','','09 4700 9342','Ar Lawi Su/ Shumawa Border, ALW/80 Mohnyin.','',NULL,NULL,101116,'enumerator','2015-04-27 03:03:26','2015-05-15 08:51:26'),(184,'user.png','San Htwe','1/MaNaNa(N)142302','san _htwe101117@laravel.org.mm','Male','','none','1995-12-06','Farmer','947014008','09 3222 6980','SuSee 4, InDawGyi, Nanmon, Mohnyin Township','',NULL,NULL,101117,'enumerator','2015-04-27 03:03:27','2015-05-15 08:51:26'),(185,'user.png','Yu Yu Mar','1/MaNaNa(N)104380','yu _yu _mar101118@laravel.org.mm','Male','','none','1970-01-01','No Organization','','09 2562 46793','Lonetone, Quarter 4','',NULL,NULL,101118,'enumerator','2015-04-27 03:03:27','2015-05-15 07:43:54'),(186,'user.png','Ngwar Lay','','ngwar _lay101119@laravel.org.mm','','','none','1970-01-01','No Organization','','09 2609 45478','','',NULL,NULL,101119,'enumerator','2015-04-27 03:03:27','2015-05-15 08:51:26'),(187,'user.png','Lu Seng','1/MaKaNa(N)029258','lu _seng101120@laravel.org.mm','Female','','none','1970-01-01','student/ Pinnya Tagar Academy','96413314','09 2560 37496','MawWan, Phakant Town','',NULL,NULL,101120,'enumerator','2015-04-27 03:03:28','2015-05-15 07:43:54'),(188,'user.png','Htu Seng Pan','1/MaMaNa(N)082296','htu _seng _pan101121@laravel.org.mm','Female','','none','1970-01-01','No Organization','','09 3314 3836','PM1073, Pawk Kone, Bamaw','',NULL,NULL,101121,'enumerator','2015-04-27 03:03:28','2015-04-27 03:03:28'),(189,'user.png','Jasmine Tun','','jasmine _tun101122@laravel.org.mm','','','none','1970-01-01','No Organization','','09 2546 50761','','',NULL,NULL,101122,'enumerator','2015-04-27 03:03:28','2015-05-15 08:51:26'),(190,'user.png','Lu Bawk','','lu _bawk101123@laravel.org.mm','Female','','none','1970-01-01','PTA student','','09 2595 95293','Phat Mar Yang, Putao, Kachin state','',NULL,NULL,101123,'enumerator','2015-04-27 03:03:29','2015-05-15 07:43:54'),(191,'user.png','L Sar Dwit','','l _sar _dwit101124@laravel.org.mm','','','none','1970-01-01','farmer','','09 4000 56819','','',NULL,NULL,101124,'enumerator','2015-04-27 03:03:29','2015-05-15 08:51:26'),(192,'user.png','Hmone Myint Yaw','','hmone _myint _yaw101125@laravel.org.mm','Male','','none','1988-12-02','Bussiness man','','09 2501 08872','Maina, Myitkyina','',NULL,NULL,101125,'enumerator','2015-04-27 03:03:29','2015-05-15 08:51:26'),(193,'user.png','Nu Nam','1/WaMaNa(N)080019','nu _nam101126@laravel.org.mm','Female','','none','1970-01-01','No Organization','','','','',NULL,NULL,101126,'enumerator','2015-04-27 03:03:29','2015-05-15 08:51:26'),(194,'user.png','John Philip','2/LaKaNa(N)061808','john _philip102127@laravel.org.mm','Male','','none','1987-03-16','No Organization','','09 2582 10139','407, DawOoKhu, Loikaw','',NULL,NULL,102127,'enumerator','2015-04-27 03:03:30','2015-05-15 07:43:55'),(195,'user.png','Giowani','2/HhaYaSa(N)019516','giowani102128@laravel.org.mm','Male','','none','1989-09-05','No Organization','','09 3064 0460','Kar Pa Ru, Raw Daw Khaw,Phruso','',NULL,NULL,102128,'enumerator','2015-04-27 03:03:30','2015-05-15 07:43:55'),(196,'user.png','Robert','','robert102129@laravel.org.mm','','','none','1970-01-01','No Organization','','09 2508 10463','','',NULL,NULL,102129,'enumerator','2015-04-27 03:03:30','2015-05-15 08:51:27'),(197,'user.png','Htoo War','','htoo _war103130@laravel.org.mm','','','none','1970-01-01','Youth Circle','','09 7911 36585','','',NULL,NULL,103130,'enumerator','2015-04-27 03:03:31','2015-05-15 08:51:27'),(198,'user.png','Saw Tun Win Min','','saw _tun _win _min103131@laravel.org.mm','','','none','1970-01-01','Nyein (Volunteer)','','09 4250 01812','','',NULL,NULL,103131,'enumerator','2015-04-27 03:03:31','2015-05-15 08:51:27'),(199,'user.png','Saw Paing Tin Tun','','saw _paing _tin _tun103132@laravel.org.mm','','','none','1970-01-01','9791565983','','09 7915 65983','','',NULL,NULL,103132,'enumerator','2015-04-27 03:03:31','2015-05-15 08:51:27'),(200,'user.png','Saw Yan Naing Min','','saw _yan _naing _min103133@laravel.org.mm','','','none','1970-01-01','No Organization','','09 2557 98730','','',NULL,NULL,103133,'enumerator','2015-04-27 03:03:31','2015-05-15 08:51:27'),(201,'user.png','Saw El Di','','saw _el _di103134@laravel.org.mm','','','none','1970-01-01','No Organization','','','','',NULL,NULL,103134,'enumerator','2015-04-27 03:03:32','2015-05-15 08:51:27'),(202,'user.png','Sar Kapaw Htoo','3/ThaTaNa(N)002469','sar _kapaw _htoo103135@laravel.org.mm','Male','','none','1970-01-01','No Organization','09 3176 4661','09 2601 88311','Ward-1, Laik Tho Town.','',NULL,NULL,103135,'enumerator','2015-04-27 03:03:32','2015-04-27 03:03:32'),(203,'user.png','Naw Phee Mu Phaw','3/ThaTaKa(N)002475','naw _phee _mu _phaw103136@laravel.org.mm','Female','','none','1970-01-01','No Organization','09 4943 0542','09 2525 63706','La Bet Inn Gyi Village, Leik Tho Sub-Township.','',NULL,NULL,103136,'enumerator','2015-04-27 03:03:32','2015-04-27 03:03:32'),(204,'user.png','Nan Khin Htwe \'New','3/KaKaYa(N)1802013','nan _khin _htwe \'_new103137@laravel.org.mm','Female','','none','1970-01-01','No Organization','','09 7950 16765','Thamein Douk Village, Kawkayeik Township.','',NULL,NULL,103137,'enumerator','2015-04-27 03:03:32','2015-05-15 07:43:55'),(205,'user.png','Than Than Aye','','than _than _aye103138@laravel.org.mm','','','none','1970-01-01','Shee Community Development Network','','09 2558 98453','','',NULL,NULL,103138,'enumerator','2015-04-27 03:03:33','2015-05-15 08:51:27'),(206,'user.png','Man Thein Than Soe','','man _thein _than _soe103139@laravel.org.mm','','','none','1970-01-01','No Organization','','09 2622 20234','','',NULL,NULL,103139,'enumerator','2015-04-27 03:03:33','2015-05-15 08:51:27'),(207,'user.png','Nan Thant Shin','','nan _thant _shin103140@laravel.org.mm','','','none','1970-01-01','No Organization','','09 4932 4872','','',NULL,NULL,103140,'enumerator','2015-04-27 03:03:33','2015-05-15 07:43:56'),(208,'user.png','Naw Cherry Tun','','naw _cherry _tun103141@laravel.org.mm','','','none','1970-01-01','CSOs Member','','09 2525 14800','','',NULL,NULL,103141,'enumerator','2015-04-27 03:03:34','2015-05-15 08:51:27'),(209,'user.png','Naw De Bal Tun Myint','3/KaSaKa(N)058270','naw _de _bal _tun _myint103142@laravel.org.mm','Female','','none','1970-01-01','CSOs Member','','09 4252627249','TaGay Village, KyarInSeikGyi Township.','',NULL,NULL,103142,'enumerator','2015-04-27 03:03:34','2015-05-15 07:43:56'),(210,'user.png','Saw Sar Lay Phaw','','saw _sar _lay _phaw103143@laravel.org.mm','','','none','1970-01-01','Huu Pho -Upper Group','','09 4250 37320','','',NULL,NULL,103143,'enumerator','2015-04-27 03:03:34','2015-05-15 08:51:27'),(211,'user.png','Kyaw Myat Ye Han Win','','kyaw _myat _ye _han _win109144@laravel.org.mm','','','none','1970-01-01','No Organization','09 4005 02179','09 9720 40191','','',NULL,NULL,109144,'enumerator','2015-04-27 03:03:35','2015-05-15 08:51:27'),(212,'user.png','Arkar Phone Myint Aung','','arkar _phone _myint _aung109145@laravel.org.mm','','','none','1970-01-01','No Organization','','09 9722 66869','','',NULL,NULL,109145,'enumerator','2015-04-27 03:03:35','2015-05-15 08:51:28'),(213,'user.png','Ye Kyaw Swar','','ye _kyaw _swar109146@laravel.org.mm','','','none','1970-01-01','No Organization','','09 2591 05662','','',NULL,NULL,109146,'enumerator','2015-04-27 03:03:35','2015-05-15 08:51:28'),(214,'user.png','Phone Myint Aung','','phone _myint _aung109147@laravel.org.mm','','','none','1970-01-01','No Organization','','09 7946 01936','','',NULL,NULL,109147,'enumerator','2015-04-27 03:03:36','2015-05-15 07:43:56'),(215,'user.png','Than Htay','','than _htay109148@laravel.org.mm','','','none','1970-01-01','No Organization','','09 2535 92213','','',NULL,NULL,109148,'enumerator','2015-04-27 03:03:36','2015-05-15 08:51:28'),(216,'user.png','Than Tun','','than _tun109149@laravel.org.mm','','','none','1970-01-01','No Organization','','09 4016 5499','','',NULL,NULL,109149,'enumerator','2015-04-27 03:03:36','2015-05-15 08:51:28'),(217,'user.png','Kyaw Thu Soe','','kyaw _thu _soe109150@laravel.org.mm','','','none','1970-01-01','No Organization','','09 3341 0436','','',NULL,NULL,109150,'enumerator','2015-04-27 03:03:37','2015-05-15 08:51:28'),(218,'user.png','Aung Kyaw Htay','','aung _kyaw _htay109151@laravel.org.mm','','','none','1970-01-01','No Organization','','09 3124 7543','','',NULL,NULL,109151,'enumerator','2015-04-27 03:03:37','2015-05-15 08:51:28'),(219,'user.png','Kyaw Myint','','kyaw _myint109152@laravel.org.mm','','','none','1970-01-01','No Organization','','09 9775 15286','','',NULL,NULL,109152,'enumerator','2015-04-27 03:03:37','2015-05-15 08:51:28'),(220,'user.png','Nyunt Shwe','','nyunt _shwe109153@laravel.org.mm','','','none','1970-01-01','No Organization','','09 2500 93250','','',NULL,NULL,109153,'enumerator','2015-04-27 03:03:38','2015-05-15 08:51:28'),(221,'user.png','Aung Kyaw','','aung _kyaw109154@laravel.org.mm','','','none','1970-01-01','No Organization','','09 2560 46562','','',NULL,NULL,109154,'enumerator','2015-04-27 03:03:38','2015-05-15 08:51:28'),(222,'user.png','Wai Wai Hnin','','wai _wai _hnin109155@laravel.org.mm','','','none','1970-01-01','No Organization','','09 2564 12204','','',NULL,NULL,109155,'enumerator','2015-04-27 03:03:38','2015-05-15 08:51:28'),(223,'user.png','Nay San','','nay _san109156@laravel.org.mm','','','none','1970-01-01','No Organization','','09 2591 05662','','',NULL,NULL,109156,'enumerator','2015-04-27 03:03:39','2015-05-15 08:51:28'),(224,'user.png','Thet Paing Oo','','thet _paing _oo109157@laravel.org.mm','','','none','1970-01-01','No Organization','','09 9752 33867','','',NULL,NULL,109157,'enumerator','2015-04-27 03:03:39','2015-05-15 08:51:28'),(225,'user.png','Thint Htet Wai','','thint _htet _wai109158@laravel.org.mm','','','none','1970-01-01','No Organization','','09 2590 36884','','',NULL,NULL,109158,'enumerator','2015-04-27 03:03:40','2015-05-15 08:51:29'),(226,'user.png','Bo Myint Thu','','bo _myint _thu109159@laravel.org.mm','','','none','1970-01-01','No Organization','','09 4236 63232','','',NULL,NULL,109159,'enumerator','2015-04-27 03:03:40','2015-05-15 08:51:29'),(227,'user.png','Yu Yu Lwin','','yu _yu _lwin109160@laravel.org.mm','','','none','1970-01-01','No Organization','','09 2564 54871','','',NULL,NULL,109160,'enumerator','2015-04-27 03:03:41','2015-05-15 08:51:29'),(228,'user.png','Thein Khin','','thein _khin109161@laravel.org.mm','','','none','1970-01-01','No Organization','','09 2570 10499','','',NULL,NULL,109161,'enumerator','2015-04-27 03:03:41','2015-05-15 08:51:29'),(229,'user.png','Kyaw Than','','kyaw _than109162@laravel.org.mm','','','none','1970-01-01','No Organization','','09 2564 77813','','',NULL,NULL,109162,'enumerator','2015-04-27 03:03:42','2015-05-15 08:51:29'),(230,'user.png','Than Naing Win','','than _naing _win109163@laravel.org.mm','','','none','1970-01-01','No Organization','','09 2538 01136','','',NULL,NULL,109163,'enumerator','2015-04-27 03:03:42','2015-04-27 03:03:42'),(231,'user.png','Khin Maung Chin','','khin _maung _chin109164@laravel.org.mm','Male','','none','1970-01-01','No Organization','09 9789 21104','09 4026 56143','','',NULL,NULL,109164,'enumerator','2015-04-27 03:03:42','2015-05-15 07:43:57'),(232,'user.png','Aye Aye Myint','','aye _aye _myint109165@laravel.org.mm','Female','','none','1970-01-01','No Organization','','09 2565 78786','','',NULL,NULL,109165,'enumerator','2015-04-27 03:03:43','2015-05-15 08:51:29'),(233,'user.png','Tun Naung Oo','','tun _naung _oo109166@laravel.org.mm','Male','','none','1970-01-01','No Organization','','09 2562 24067','','',NULL,NULL,109166,'enumerator','2015-04-27 03:03:43','2015-05-15 08:51:29'),(234,'user.png','Thein Htay','','thein _htay109167@laravel.org.mm','','','none','1970-01-01','No Organization','','09 2606 77116','','',NULL,NULL,109167,'enumerator','2015-04-27 03:03:44','2015-05-15 08:51:29'),(235,'user.png','Phyo Zaw Wai','','phyo _zaw _wai109168@laravel.org.mm','','','none','1970-01-01','No Organization','','09 2562 15479','','',NULL,NULL,109168,'enumerator','2015-04-27 03:03:44','2015-05-15 08:51:29'),(236,'user.png','Thein San','','thein _san109169@laravel.org.mm','','','none','1970-01-01','No Organization','','09 2565 47567','','',NULL,NULL,109169,'enumerator','2015-04-27 03:03:45','2015-05-15 08:51:29'),(237,'user.png','Phyu Hnin Aye','','phyu _hnin _aye109170@laravel.org.mm','','','none','1970-01-01','No Organization','','09 2566 40109','','',NULL,NULL,109170,'enumerator','2015-04-27 03:03:45','2015-05-15 08:51:29'),(238,'user.png','Theint Ei Bo','','theint _ei _bo109171@laravel.org.mm','','','none','1970-01-01','No Organization','','09 9764 34184','','',NULL,NULL,109171,'enumerator','2015-04-27 03:03:45','2015-05-15 08:51:29'),(239,'user.png','Thein Pike Tun','','thein _pike _tun109172@laravel.org.mm','','','none','1970-01-01','No Organization','','09 2564 20827','','',NULL,NULL,109172,'enumerator','2015-04-27 03:03:46','2015-05-15 08:51:30'),(240,'user.png','Win Maung Tun','','win _maung _tun109173@laravel.org.mm','','','none','1970-01-01','No Organization','','09 9717 14064','','',NULL,NULL,109173,'enumerator','2015-04-27 03:03:46','2015-05-15 08:51:30'),(241,'user.png','Min Bo Zaw','','min _bo _zaw109174@laravel.org.mm','','','none','1970-01-01','No Organization','','09 3280 5933','','',NULL,NULL,109174,'enumerator','2015-04-27 03:03:47','2015-05-15 08:51:30'),(242,'user.png','Wai Phyo','','wai _phyo109175@laravel.org.mm','','','none','1970-01-01','No Organization','','09 7268 9032','','',NULL,NULL,109175,'enumerator','2015-04-27 03:03:47','2015-05-15 08:51:30'),(243,'user.png','Bo Lay','','bo _lay109176@laravel.org.mm','','','none','1970-01-01','No Organization','','09 9758 13919','','',NULL,NULL,109176,'enumerator','2015-04-27 03:03:48','2015-05-15 08:51:30'),(244,'user.png','Aung Ko Win','','aung _ko _win109177@laravel.org.mm','','','none','1970-01-01','No Organization','','09 2595 70781','','',NULL,NULL,109177,'enumerator','2015-04-27 03:03:48','2015-05-15 08:51:30'),(245,'user.png','Phoe Htay','','phoe _htay109178@laravel.org.mm','','','none','1970-01-01','No Organization','','09 2580 26043','','',NULL,NULL,109178,'enumerator','2015-04-27 03:03:49','2015-05-15 08:51:30'),(246,'user.png','Than Than Wai','','than _than _wai109179@laravel.org.mm','','','none','1970-01-01','No Organization','','09 2563 14494','','',NULL,NULL,109179,'enumerator','2015-04-27 03:03:49','2015-05-15 08:51:30'),(247,'user.png','Aung Kyaw Soe','','aung _kyaw _soe109180@laravel.org.mm','','','none','1970-01-01','No Organization','','09 7978 40567','','',NULL,NULL,109180,'enumerator','2015-04-27 03:03:50','2015-05-15 08:51:30'),(248,'user.png','Kyaw Thurein Aung','','kyaw _thurein _aung109181@laravel.org.mm','','','none','1970-01-01','No Organization','','09 4402 30573','','',NULL,NULL,109181,'enumerator','2015-04-27 03:03:50','2015-05-15 08:51:30'),(249,'user.png','Khin Maung Than','','khin _maung _than109182@laravel.org.mm','','','none','1970-01-01','No Organization','','09 2560 97613','','',NULL,NULL,109182,'enumerator','2015-04-27 03:03:51','2015-05-15 08:51:30'),(250,'user.png','Nyi Nyi Ko','','nyi _nyi _ko109183@laravel.org.mm','','','none','1970-01-01','No Organization','','09 7976 16490','','',NULL,NULL,109183,'enumerator','2015-04-27 03:03:51','2015-05-15 08:51:30'),(251,'user.png','Yan Naing Aung','','yan _naing _aung109184@laravel.org.mm','','','none','1970-01-01','No Organization','','09 2595 41454','','',NULL,NULL,109184,'enumerator','2015-04-27 03:03:52','2015-05-15 08:51:31'),(252,'user.png','Aung San Oo','','aung _san _oo109185@laravel.org.mm','','','none','1970-01-01','No Organization','','09 4016 4990','','',NULL,NULL,109185,'enumerator','2015-04-27 03:03:52','2015-05-15 07:43:59'),(253,'user.png','Hla Than    ','','hla _than    110186@laravel.org.mm','','','none','1970-01-01','No Organization','','9256072331','','',NULL,NULL,110186,'enumerator','2015-04-27 03:03:53','2015-05-15 07:43:59'),(254,'user.png','Soe Kyaing','','soe _kyaing110187@laravel.org.mm','','','none','1970-01-01','No Organization','','9259018188','','',NULL,NULL,110187,'enumerator','2015-04-27 03:03:53','2015-05-15 08:51:31'),(255,'user.png','Thida Tun','','thida _tun110188@laravel.org.mm','','','none','1970-01-01','No Organization','9797309273','933067217','','',NULL,NULL,110188,'enumerator','2015-04-27 03:03:53','2015-05-15 08:51:31'),(256,'user.png','Aung Zaw Moe','','aung _zaw _moe110189@laravel.org.mm','','','none','1970-01-01','No Organization','9402600075','9444038580','','',NULL,NULL,110189,'enumerator','2015-04-27 03:03:54','2015-05-15 08:51:31'),(257,'user.png','Myo Htoo  ','','myo _htoo  110190@laravel.org.mm','','','none','1970-01-01','No Organization','','943060792','','',NULL,NULL,110190,'enumerator','2015-04-27 03:03:54','2015-05-15 08:51:31'),(258,'user.png','Myint Myint Khaing   ','','myint _myint _khaing   110191@laravel.org.mm','','','none','1970-01-01','No Organization','','9402629478','','',NULL,NULL,110191,'enumerator','2015-04-27 03:03:55','2015-05-15 08:51:31'),(259,'user.png','Hla Kyaw    ','','hla _kyaw    110192@laravel.org.mm','','','none','1970-01-01','No Organization','','92056454','','',NULL,NULL,110192,'enumerator','2015-04-27 03:03:55','2015-05-15 07:43:59'),(260,'user.png','Than Tun    ','','than _tun    110193@laravel.org.mm','','','none','1970-01-01','No Organization','973500826','933652426','','',NULL,NULL,110193,'enumerator','2015-04-27 03:03:55','2015-05-15 07:44:00'),(261,'user.png','Hlaing Oo','','hlaing _oo110194@laravel.org.mm','','','none','1970-01-01','No Organization','085 - 28269','09259648307 / 09794570039','','',NULL,NULL,110194,'enumerator','2015-04-27 03:03:56','2015-05-15 08:51:31'),(262,'user.png','Hay Zal     ','','hay _zal     110195@laravel.org.mm','','','none','1970-01-01','No Organization','9974474910','9403719326','','',NULL,NULL,110195,'enumerator','2015-04-27 03:03:56','2015-05-15 07:44:00'),(263,'user.png','Kyaw Myint   ','','kyaw _myint   110196@laravel.org.mm','','','none','1970-01-01','No Organization','','9798478189','','',NULL,NULL,110196,'enumerator','2015-04-27 03:03:56','2015-05-15 08:51:31'),(264,'user.png','Sai Kyaw Aye   ','','sai _kyaw _aye   110197@laravel.org.mm','','','none','1970-01-01','No Organization','9402562955','943128157','','',NULL,NULL,110197,'enumerator','2015-04-27 03:03:57','2015-05-15 08:51:31'),(265,'user.png','Thuzar Win','','thuzar _win110198@laravel.org.mm','','','none','1970-01-01','No Organization','9797108152','9444042892','','',NULL,NULL,110198,'enumerator','2015-04-27 03:03:57','2015-05-15 08:51:31'),(266,'user.png','Zaw Min Htun ','','zaw _min _htun 110199@laravel.org.mm','','','none','1970-01-01','No Organization','','09 3010 5740','','',NULL,NULL,110199,'enumerator','2015-04-27 03:03:57','2015-05-15 07:44:00'),(267,'user.png','Sithu Hein','','sithu _hein110200@laravel.org.mm','','','none','1970-01-01','No Organization','947235250','9256182744','','',NULL,NULL,110200,'enumerator','2015-04-27 03:03:58','2015-05-15 07:44:00'),(268,'user.png','Myo Thant Zaw','','myo _thant _zaw110201@laravel.org.mm','','','none','1970-01-01','No Organization','09 970 810 553','09 402743 763','','',NULL,NULL,110201,'enumerator','2015-04-27 03:03:58','2015-05-15 08:51:32'),(269,'user.png','Yin Htwe  ','','yin _htwe  110202@laravel.org.mm','','','none','1970-01-01','No Organization','','933425558','','',NULL,NULL,110202,'enumerator','2015-04-27 03:03:58','2015-05-15 08:51:32'),(270,'user.png','Kyaw Htay ','','kyaw _htay 110203@laravel.org.mm','','','none','1970-01-01','No Organization','','09 4250 22741','','',NULL,NULL,110203,'enumerator','2015-04-27 03:03:58','2015-05-15 08:51:32'),(271,'user.png','Myo Min Win ','','myo _min _win 110204@laravel.org.mm','','','none','1970-01-01','No Organization','09 250 170 786','09 790 132 916','','',NULL,NULL,110204,'enumerator','2015-04-27 03:03:59','2015-05-15 08:51:32'),(272,'user.png','Kyaw Nyein   ','','kyaw _nyein   110205@laravel.org.mm','','','none','1970-01-01','No Organization','09 4027 15717','09 337 28314','','',NULL,NULL,110205,'enumerator','2015-04-27 03:03:59','2015-05-15 07:44:00'),(273,'user.png','Kyaw Soe Thu  ','','kyaw _soe _thu  110206@laravel.org.mm','','','none','1970-01-01','No Organization','','9797754565','','',NULL,NULL,110206,'enumerator','2015-04-27 03:04:00','2015-05-15 08:51:32'),(274,'user.png','Kyi Soe Khaing ','','kyi _soe _khaing 110207@laravel.org.mm','','','none','1970-01-01','No Organization','09 4000 11631','09 7974 37393','','',NULL,NULL,110207,'enumerator','2015-04-27 03:04:00','2015-05-15 08:51:32'),(275,'user.png','The Ei San     ','','the _ei _san     110208@laravel.org.mm','','','none','1970-01-01','No Organization','09 260 885 082','09 7989 74451','','',NULL,NULL,110208,'enumerator','2015-04-27 03:04:00','2015-05-15 07:44:01'),(276,'user.png','Khin Maung Chin ','','khin _maung _chin 110209@laravel.org.mm','','','none','1970-01-01','No Organization','09 40 1588 362','09 7972 65438','','',NULL,NULL,110209,'enumerator','2015-04-27 03:04:01','2015-05-15 08:51:32'),(277,'user.png','Thaung San      ','','thaung _san      110210@laravel.org.mm','','','none','1970-01-01','No Organization','09 9756 40540','09 2549 48789','','',NULL,NULL,110210,'enumerator','2015-04-27 03:04:01','2015-05-15 07:44:01'),(278,'user.png',' Aung Sink','',' _aung _sink110211@laravel.org.mm','','','none','1970-01-01','No Organization','','09 2561 85912','','',NULL,NULL,110211,'enumerator','2015-04-27 03:04:01','2015-05-15 08:51:32'),(279,'user.png','Ohm Kyaw   ','','ohm _kyaw   110212@laravel.org.mm','','','none','1970-01-01','No Organization','09 798 815 606','09 971176687','','',NULL,NULL,110212,'enumerator','2015-04-27 03:04:01','2015-05-15 07:44:01'),(280,'user.png','Min Min @ Aung Kyaw Min','','min _min @ _aung _kyaw _min110213@laravel.org.mm','','','none','1970-01-01','No Organization','09 2533 53124','09 33135151','','',NULL,NULL,110213,'enumerator','2015-04-27 03:04:02','2015-05-15 08:51:32'),(281,'user.png','Paing Soe Thein','','paing _soe _thein110214@laravel.org.mm','','','none','1970-01-01','No Organization','09 3313 8966','09 444 012 456','','',NULL,NULL,110214,'enumerator','2015-04-27 03:04:02','2015-05-15 08:51:32'),(282,'user.png','Aung Ko Ko','','aung _ko _ko110215@laravel.org.mm','','','none','1970-01-01','No Organization','','9258410232','','',NULL,NULL,110215,'enumerator','2015-04-27 03:04:03','2015-05-15 08:51:32'),(283,'user.png','Ye Htun Aung ','','ye _htun _aung 110216@laravel.org.mm','','','none','1970-01-01','No Organization','09 796 555 462','09 4026 46741','','',NULL,NULL,110216,'enumerator','2015-04-27 03:04:03','2015-05-15 08:51:33'),(284,'user.png','Kyaw Zin Win    ','','kyaw _zin _win    110217@laravel.org.mm','','','none','1970-01-01','No Organization','09 979 884 9370','09 797 394 655','','',NULL,NULL,110217,'enumerator','2015-04-27 03:04:04','2015-05-15 07:44:01'),(285,'user.png','Zaw Than    ','','zaw _than    110218@laravel.org.mm','','','none','1970-01-01','No Organization','09 791 378 199','09 798 862 075','','',NULL,NULL,110218,'enumerator','2015-04-27 03:04:04','2015-05-15 07:44:02'),(286,'user.png','Win Zaw','','win _zaw110219@laravel.org.mm','','','none','1970-01-01','No Organization','09 7948 5527 1','09 7973 9900 2','','',NULL,NULL,110219,'enumerator','2015-04-27 03:04:05','2015-05-15 08:51:33'),(287,'user.png','Htet Thura Aung','','htet _thura _aung110220@laravel.org.mm','','','none','1970-01-01','No Organization','09 2594 09206','09 40274 6571','','',NULL,NULL,110220,'enumerator','2015-04-27 03:04:05','2015-05-15 08:51:33'),(288,'user.png',' Aung Win Lwin','',' _aung _win _lwin110221@laravel.org.mm','','','none','1970-01-01','No Organization','','09 259618039','','',NULL,NULL,110221,'enumerator','2015-04-27 03:04:06','2015-05-15 08:51:33'),(289,'user.png','Win Aung Htay','','win _aung _htay110222@laravel.org.mm','','','none','1970-01-01','No Organization','09 680 1427','09 256419751','','',NULL,NULL,110222,'enumerator','2015-04-27 03:04:06','2015-05-15 08:51:33'),(290,'user.png','Ko Myo @ Min Naing Oo','','ko _myo @ _min _naing _oo110223@laravel.org.mm','','','none','1970-01-01','No Organization','09 330 22976','09 254350845','','',NULL,NULL,110223,'enumerator','2015-04-27 03:04:07','2015-05-15 08:51:33'),(291,'user.png','Naing Zaw','','naing _zaw110224@laravel.org.mm','','','none','1970-01-01','No Organization','09 7989 65860','09 79455 8191','','',NULL,NULL,110224,'enumerator','2015-04-27 03:04:07','2015-05-15 08:51:33'),(292,'user.png','Thein Htay','','thein _htay110225@laravel.org.mm','Female','','none','1970-01-01','No Organization','064 24780','09 327593 32','','',NULL,NULL,110225,'enumerator','2015-04-27 03:04:08','2015-05-15 08:51:33'),(293,'user.png',' Cho Cho Myint ','',' _cho _cho _myint 110226@laravel.org.mm','','','none','1970-01-01','No Organization','09 7917 47127','09 799 1815 43','','',NULL,NULL,110226,'enumerator','2015-04-27 03:04:08','2015-05-15 08:51:33'),(294,'user.png','Mya Mya Khaing','','mya _mya _khaing110227@laravel.org.mm','','','none','1970-01-01','No Organization','','09 3275 9332','','',NULL,NULL,110227,'enumerator','2015-04-27 03:04:09','2015-05-15 08:51:33'),(295,'user.png','Tun Tun Win','','tun _tun _win110228@laravel.org.mm','','','none','1970-01-01','No Organization','09 402787 598','09 31980510','','',NULL,NULL,110228,'enumerator','2015-04-27 03:04:09','2015-05-15 08:51:33'),(296,'user.png','Aung Myo Oo ','','aung _myo _oo 110229@laravel.org.mm','','','none','1970-01-01','No Organization','09 333 19274','09 7324 7700','','',NULL,NULL,110229,'enumerator','2015-04-27 03:04:10','2015-05-15 08:51:34'),(297,'user.png','Khaing Zaw Win','','khaing _zaw _win110230@laravel.org.mm','','','none','1970-01-01','No Organization','09 4025 62311','09 4027 36676','','',NULL,NULL,110230,'enumerator','2015-04-27 03:04:10','2015-05-15 08:51:34'),(298,'user.png','Thein Htun','','thein _htun110231@laravel.org.mm','','','none','1970-01-01','No Organization','09 2581 65447','09 33124761','','',NULL,NULL,110231,'enumerator','2015-04-27 03:04:11','2015-05-15 08:51:34'),(299,'user.png','Aung Ko Ko Naing  ','','aung _ko _ko _naing  110232@laravel.org.mm','','','none','1970-01-01','No Organization','064 25336','09 2563 61565','','',NULL,NULL,110232,'enumerator','2015-04-27 03:04:11','2015-05-15 08:51:34'),(300,'user.png','San San Win','','san _san _win110233@laravel.org.mm','','','none','1970-01-01','No Organization','09 2565 92104','09 79618 2047','','',NULL,NULL,110233,'enumerator','2015-04-27 03:04:12','2015-05-15 08:51:34'),(301,'user.png','Aung Ko Wai','','aung _ko _wai110234@laravel.org.mm','','','none','1970-01-01','No Organization','09 4025 60823','09 9744 699 68','','',NULL,NULL,110234,'enumerator','2015-04-27 03:04:12','2015-05-15 08:51:34'),(302,'user.png','Myo Myint Zaw','','myo _myint _zaw110235@laravel.org.mm','','','none','1970-01-01','No Organization','','09 9712 1788 4','','',NULL,NULL,110235,'enumerator','2015-04-27 03:04:12','2015-05-15 08:51:34'),(303,'user.png','Htun Htun Win','','htun _htun _win110236@laravel.org.mm','','','none','1970-01-01','No Organization','09 2591 58468','09 7978 81557','','',NULL,NULL,110236,'enumerator','2015-04-27 03:04:13','2015-05-15 08:51:34'),(304,'user.png','Soe Maung','','soe _maung110237@laravel.org.mm','','','none','1970-01-01','No Organization','09 7949 74671','09 256593431','','',NULL,NULL,110237,'enumerator','2015-04-27 03:04:13','2015-05-15 08:51:34'),(305,'user.png','Hla Htun Htun Min','','hla _htun _htun _min110238@laravel.org.mm','','','none','1970-01-01','No Organization','09 2610 73689','09 260 808567','','',NULL,NULL,110238,'enumerator','2015-04-27 03:04:13','2015-05-15 08:51:34'),(306,'user.png','Wai Wai Myint  ','','wai _wai _myint  110239@laravel.org.mm','','','none','1970-01-01','No Organization','','9797321651','','',NULL,NULL,110239,'enumerator','2015-04-27 03:04:14','2015-05-15 08:51:34'),(307,'user.png','Win Min Thein','','win _min _thein110240@laravel.org.mm','','','none','1970-01-01','No Organization','','9259155819','','',NULL,NULL,110240,'enumerator','2015-04-27 03:04:14','2015-05-15 08:51:34'),(308,'user.png','Phyo Phyo','','phyo _phyo110241@laravel.org.mm','','','none','1970-01-01','No Organization','09 4027 55150','09 796864797','','',NULL,NULL,110241,'enumerator','2015-04-27 03:04:14','2015-05-15 08:51:35'),(309,'user.png','Soe Win','','soe _win110242@laravel.org.mm','','','none','1970-01-01','No Organization','09 3316 2426','09 792516687','','',NULL,NULL,110242,'enumerator','2015-04-27 03:04:14','2015-05-15 08:51:35'),(310,'user.png','Mi Thidar Tun','10/KaMaYa(N)125736','mi _thidar _tun111243@laravel.org.mm','Female','','none','1994-01-03','No Organization','','09 2557 16669','Western part of Than Ka Laung Village, Kyeik Ma Yaw Township','',NULL,NULL,111243,'enumerator','2015-04-27 03:04:15','2015-05-15 07:44:04'),(311,'user.png','Min Myo Thiha','','min _myo _thiha111244@laravel.org.mm','','','none','1970-01-01','No Organization','','09 2532 69603','Kawt Mu Pon village (Middle), Chaung Sone.','',NULL,NULL,111244,'enumerator','2015-04-27 03:04:15','2015-05-15 08:51:35'),(312,'user.png','Khin Moh Mon Tun','10/KhaSaNa(N)118076','khin _moh _mon _tun111245@laravel.org.mm','Female','','none','1994-12-05','No Organization','09 4910 2226','09 4253 21560','No.295, Ward (9), Phan Pa Village, Chaung Sone','',NULL,NULL,111245,'enumerator','2015-04-27 03:04:16','2015-05-15 08:51:35'),(313,'user.png','Khine Wah Phwe','10/KhaSaNa(N)100746','khine _wah _phwe111246@laravel.org.mm','Female','','none','1990-10-06','No Organization','','09 2604 67492','No.(4) Ah Nout Ward, Chaung Sone Township','',NULL,NULL,111246,'enumerator','2015-04-27 03:04:16','2015-05-15 08:51:35'),(314,'user.png','Mi Aye Su Mon','10/ThaPhaYa(N)163685','mi _aye _su _mon111247@laravel.org.mm','Female','','none','1996-05-07','No Organization','','09 4253 42850','Wea Ka Tar Village, Than Phyu Zayet Township','',NULL,NULL,111247,'enumerator','2015-04-27 03:04:17','2015-05-15 07:44:04'),(315,'user.png','Khine Thandar Oo','','khine _thandar _oo111248@laravel.org.mm','','','none','1970-01-01','No Organization','','09 4252 92834','','',NULL,NULL,111248,'enumerator','2015-04-27 03:04:17','2015-05-15 08:51:35'),(316,'user.png','Aung Myint Sein','','aung _myint _sein111249@laravel.org.mm','','','none','1970-01-01','No Organization','','09 2557 20440','','',NULL,NULL,111249,'enumerator','2015-04-27 03:04:18','2015-05-15 08:51:35'),(317,'user.png','Nang Dalia Faw','10/ThaPhaYa(N)155902','nang _dalia _faw111250@laravel.org.mm','Female','','none','1970-01-01','No Organization','','09 4253 25216','Wae Daw Village, SaKhanGyi Village Track, Than Phyu Zayet Township.','',NULL,NULL,111250,'enumerator','2015-04-27 03:04:19','2015-04-27 03:04:19'),(318,'user.png','Zaw Min Naing','10/MaDaNa(N)064715','zaw _min _naing111251@laravel.org.mm','Male','','none','1333-12-06','No Organization','','09 2534 12420','Hpe Do (Middle)Village, Mudon Township.','',NULL,NULL,111251,'enumerator','2015-04-27 03:04:19','2015-04-27 03:04:19'),(319,'user.png','Aung Htwe','','aung _htwe111252@laravel.org.mm','','','none','1970-01-01','No Organization','','09 3118 6921','No.25, Thit Yar Street, Thiri Khaymar Ward, Yae Township.','',NULL,NULL,111252,'enumerator','2015-04-27 03:04:20','2015-05-15 08:51:35'),(320,'user.png','Zaw One','10/ThaPhaYa(N)066084','zaw _one111253@laravel.org.mm','Male','','none','1970-01-01','No Organization','','09 4253 66596','Han Gan Village (Near Sin Ku Village), Ye Township.','',NULL,NULL,111253,'enumerator','2015-04-27 03:04:20','2015-04-27 03:04:20'),(321,'user.png','Khun Aung Paing Soe','10/ThaHtaNa(N)222465','khun _aung _paing _soe111254@laravel.org.mm','Male','','none','1997-05-05','No Organization','','09 2525 1730','Kin Mum Chon Village, Thaton Township.','',NULL,NULL,111254,'enumerator','2015-04-27 03:04:20','2015-04-27 03:04:20'),(322,'user.png','Kyi Phyu Kyaw Swar','','kyi _phyu _kyaw _swar111255@laravel.org.mm','','','none','1970-01-01','No Organization','','09 2587 82560','','',NULL,NULL,111255,'enumerator','2015-04-27 03:04:20','2015-05-15 08:51:35'),(323,'user.png','Myo Lin Oo','10/ThaHtaNa(N)120836','myo _lin _oo111256@laravel.org.mm','Male','','none','1981-09-08','No Organization','','09 3140 5581','Shan Su Village, Kyet Tu Ywaw Taung Villlage Track, Thaton Township.','',NULL,NULL,111256,'enumerator','2015-04-27 03:04:21','2015-05-15 07:44:05'),(324,'user.png','Soe Yee','','soe _yee111257@laravel.org.mm','','','none','1970-01-01','No Organization','','09 2559 06095','','',NULL,NULL,111257,'enumerator','2015-04-27 03:04:21','2015-05-15 08:51:36'),(325,'user.png','Aung Myo Oo','10/KaHtaNa(N)123302','aung _myo _oo111258@laravel.org.mm','Male','','none','1955-01-09','No Organization','','09 3017 0239','Kyaung Village, Kyeik Hto Township.','',NULL,NULL,111258,'enumerator','2015-04-27 03:04:21','2015-05-15 07:44:05'),(326,'user.png','Ye Min Thu','10/KaHtaNa(N)109666','ye _min _thu111259@laravel.org.mm','Male','','none','1989-10-07','No Organization','','09 2522 69920','Zayet Kwin-2, Kinpon Chaung Village, Kyeik Hto Township.','',NULL,NULL,111259,'enumerator','2015-04-27 03:04:22','2015-05-15 07:44:05'),(327,'user.png','Chit Thae Aung','10/KaHtaNa(N)066322','chit _thae _aung111260@laravel.org.mm','Male','','none','1977-07-05','No Organization','','09 2625 09007','Hnat Pyaw Daw Village, Kyeik Hto Twonship.','',NULL,NULL,111260,'enumerator','2015-04-27 03:04:22','2015-05-15 08:51:36'),(328,'user.png','Than Myint','','than _myint118261@laravel.org.mm','','','none','1970-01-01','No Organization','','9797726544','','',NULL,NULL,118261,'enumerator','2015-04-27 03:04:23','2015-05-15 08:51:36'),(329,'user.png','Myint Naing','','myint _naing118262@laravel.org.mm','','','none','1970-01-01','No Organization','','9797726544','','',NULL,NULL,118262,'enumerator','2015-04-27 03:04:23','2015-05-15 08:51:36'),(330,'user.png','Thet Khine','','thet _khine118263@laravel.org.mm','','','none','1970-01-01','No Organization','','9253618109','','',NULL,NULL,118263,'enumerator','2015-04-27 03:04:24','2015-05-15 08:51:36'),(331,'user.png','Mar Yee','','mar _yee118264@laravel.org.mm','','','none','1970-01-01','No Organization','','925010277','','',NULL,NULL,118264,'enumerator','2015-04-27 03:04:24','2015-05-15 07:44:05'),(332,'user.png','Sandar Win','','sandar _win118265@laravel.org.mm','','','none','1970-01-01','No Organization','09 797 682 857','9251087246','','',NULL,NULL,118265,'enumerator','2015-04-27 03:04:24','2015-05-15 07:44:05'),(333,'user.png','Aung Than Tun','','aung _than _tun118266@laravel.org.mm','','','none','1970-01-01','No Organization','931247044','09 431 068 60','','',NULL,NULL,118266,'enumerator','2015-04-27 03:04:25','2015-05-15 08:51:36'),(334,'user.png','Zaw Myo Htet','','zaw _myo _htet118267@laravel.org.mm','','','none','1970-01-01','No Organization','9797637932',' 09 972 963 513','','',NULL,NULL,118267,'enumerator','2015-04-27 03:04:25','2015-05-15 08:51:36'),(335,'user.png','Tin Htay','','tin _htay118268@laravel.org.mm','','','none','1970-01-01','No Organization','',' 09 797 680 308','','',NULL,NULL,118268,'enumerator','2015-04-27 03:04:26','2015-05-15 08:51:36'),(336,'user.png','Tin Kyaw Moe','','tin _kyaw _moe118269@laravel.org.mm','','','none','1970-01-01','No Organization','09 430 170 84','09 2539 131 64','','',NULL,NULL,118269,'enumerator','2015-04-27 03:04:26','2015-05-15 08:51:36'),(337,'user.png','Sein Mg Myint','','sein _mg _myint118270@laravel.org.mm','','','none','1970-01-01','No Organization','09 2500 90 734','09 79835 2362','','',NULL,NULL,118270,'enumerator','2015-04-27 03:04:27','2015-05-15 08:51:36'),(338,'user.png','Kyin Thein','','kyin _thein118271@laravel.org.mm','','','none','1970-01-01','No Organization','9797872509','097 942 623 92','','',NULL,NULL,118271,'enumerator','2015-04-27 03:04:27','2015-05-15 08:51:37'),(339,'user.png','Aung Myat Min','11/SaTaNa(N)116105','aung _myat _min112272@laravel.org.mm','','','none','1970-01-01','No Organization','','09 4217 32078','Myit Nar Village, Sittwe Township.','',NULL,'Many Bank available',112272,'enumerator','2015-04-27 03:04:28','2015-05-15 08:51:37'),(340,'user.png','Mg Shwe Tin','','mg _shwe _tin112273@laravel.org.mm','','','none','1970-01-01','No Organization','','09 4217 47065','Kywe Chay Village, Ponnagyun Township','',NULL,'MEB bank',112273,'enumerator','2015-04-27 03:04:28','2015-05-15 07:44:06'),(341,'user.png','Su Mrat Nw\'e','','su _mrat _nw\'e112274@laravel.org.mm','','','none','1970-01-01','No Organization','','09 2628 80190','Kywe Chay Village, Ponnagyun Township','',NULL,'MEB bank',112274,'enumerator','2015-04-27 03:04:29','2015-05-15 08:51:37'),(342,'user.png','Mrat Phyo Wai','11/PaTaNa(N)063054','mrat _phyo _wai112275@laravel.org.mm','','','none','1970-01-01','No Organization','','09 2611 95151','Sin Tat Maw Village, Pauktaw Township','',NULL,'MEB bank',112275,'enumerator','2015-04-27 03:04:29','2015-05-15 08:51:37'),(343,'user.png','Kyaw Win Hlaing','','kyaw _win _hlaing112276@laravel.org.mm','','','none','1970-01-01','No Organization','','09 2586 76987','','',NULL,'MEB bank',112276,'enumerator','2015-04-27 03:04:30','2015-05-15 08:51:37'),(344,'user.png','Maung Myint','11/MaTaNa(N)017678','maung _myint112277@laravel.org.mm','','','none','1970-01-01','No Organization','','09 4923 0991','SaKarPinYin Village, Maungdaw Township','',NULL,'Private bank',112277,'enumerator','2015-04-27 03:04:30','2015-05-15 07:44:06'),(345,'user.png','Zaw Tun Hlaing','11/MaTaNa(N)023024','zaw _tun _hlaing112278@laravel.org.mm','','','none','1970-01-01','No Organization','','09 2611 71914','Kyein Chuang Village, Maungdaw Township','',NULL,'Private bank',112278,'enumerator','2015-04-27 03:04:31','2015-05-15 07:44:06'),(346,'user.png','Zeya Tun','11/MaTaNa(N)025191','zeya _tun112279@laravel.org.mm','','','none','1970-01-01','No Organization','','09 7313 7827','Kyein Chuang Village, Maungdaw Township','',NULL,'Private bank',112279,'enumerator','2015-04-27 03:04:31','2015-05-15 07:44:07'),(347,'user.png','Shwe Nit','11/mauna(n)050814','shwe _nit112280@laravel.org.mm','','','none','1970-01-01','No Organization','','09 3275 7411','Bu Thi Taung Township, Maungdaw Tsp','',NULL,'Private bank',112280,'enumerator','2015-04-27 03:04:31','2015-05-15 07:44:07'),(348,'user.png','Tun Aye','','tun _aye112281@laravel.org.mm','','','none','1970-01-01','No Organization','','09 4217 31811','','',NULL,'Private bank',112281,'enumerator','2015-04-27 03:04:32','2015-05-15 08:51:37'),(349,'user.png','Tun Thein Zan','11/KaPhaNa(N)101633','tun _thein _zan112282@laravel.org.mm','','','none','1970-01-01','No Organization','','09 4217 28694','Bone Shwein Chun village, Kyauk Phyu Tsp','',NULL,'Private bank',112282,'enumerator','2015-04-27 03:04:32','2015-05-15 07:44:07'),(350,'user.png','Thandar Win ','11/KaPhaNa(N)070279','thandar _win 112283@laravel.org.mm','','','none','1970-01-01','No Organization','','09 4217 39684','Say Ti Ya Village , Kyauk Phyu Township.','',NULL,'Private bank',112283,'enumerator','2015-04-27 03:04:33','2015-05-15 07:44:07'),(351,'user.png','Tun Naing','11/YaBaTa(N)060947','tun _naing112284@laravel.org.mm','','','none','1970-01-01','No Organization','','09 4217 49856','Ward 5, Tha Byu Chan, Ramee Township.','',NULL,NULL,112284,'enumerator','2015-04-27 03:04:33','2015-05-15 07:44:07'),(352,'user.png','Pyae Sone Aung','','pyae _sone _aung112285@laravel.org.mm','','','none','1970-01-01','No Organization','','09 4217 20658','','',NULL,NULL,112285,'enumerator','2015-04-27 03:04:34','2015-05-15 08:51:37'),(353,'user.png','Sithu Hein','','sithu _hein112286@laravel.org.mm','','','none','1970-01-01','No Organization','','09 4217 17756','','',NULL,NULL,112286,'enumerator','2015-04-27 03:04:34','2015-05-15 08:51:37'),(354,'user.png','Zar Ni Maung','','zar _ni _maung112287@laravel.org.mm','','','none','1970-01-01','No Organization','','09 2529 97115','','',NULL,NULL,112287,'enumerator','2015-04-27 03:04:35','2015-05-15 08:51:37'),(355,'user.png','Khine Min Tun','','khine _min _tun112288@laravel.org.mm','','','none','1970-01-01','No Organization','','09 2507 62144','','',NULL,NULL,112288,'enumerator','2015-04-27 03:04:35','2015-05-15 08:51:37'),(356,'user.png','Than Win','','than _win112289@laravel.org.mm','','','none','1970-01-01','No Organization','','09 2502 38467','','',NULL,NULL,112289,'enumerator','2015-04-27 03:04:36','2015-05-15 08:51:38'),(357,'user.png','Kyi Thein','11/ThaTaNa(N)184794','kyi _thein112290@laravel.org.mm','','','none','1970-01-01','No Organization','','09 2511 32466','Kha Maund Done','',NULL,NULL,112290,'enumerator','2015-04-27 03:04:36','2015-05-15 08:51:38'),(358,'user.png','Aung San Win','','aung _san _win112291@laravel.org.mm','','','none','1970-01-01','No Organization','','09 2607 82443','','',NULL,NULL,112291,'enumerator','2015-04-27 03:04:37','2015-05-15 08:51:38'),(359,'user.png','Hla Win','','hla _win112292@laravel.org.mm','','','none','1970-01-01','No Organization','','09 4217 21753','Lamu.Ma-Ei','',NULL,NULL,112292,'enumerator','2015-04-27 03:04:37','2015-05-15 08:51:38'),(360,'user.png','Kyawt Yin Nu','','kyawt _yin _nu112293@laravel.org.mm','','','none','1970-01-01','No Organization','','09 2612 20821','Ywa Huang Taw Village , Mrauk U Township.','',NULL,'KBZ',112293,'enumerator','2015-04-27 03:04:38','2015-05-15 07:44:08'),(361,'user.png','Maung Hla Win ','11/mauna(n)093972','maung _hla _win 112294@laravel.org.mm','','','none','1970-01-01','No Organization','','09 4966 0232','chaw May Ywa Village , Mrauk U Township','',NULL,'KBZ',112294,'enumerator','2015-04-27 03:04:38','2015-05-15 07:44:08'),(362,'user.png','Maung Oo Tun','','maung _oo _tun112295@laravel.org.mm','','','none','1970-01-01','No Organization','','09 4960 3018','','',NULL,'MEB',112295,'enumerator','2015-04-27 03:04:38','2015-05-15 08:51:38'),(363,'user.png','May Than Soe','11/KaTaNa(N)072942','may _than _soe112296@laravel.org.mm','','','none','1970-01-01','No Organization','','09 4217 20929','Myo Thit Ward , Kyauk Taw Township','',NULL,'MEB',112296,'enumerator','2015-04-27 03:04:39','2015-05-15 07:44:08'),(364,'user.png','Mya Win','','mya _win112297@laravel.org.mm','Female','','none','1970-01-01','No Organization','','09 2507 65799','','',NULL,'Livestock',112297,'enumerator','2015-04-27 03:04:39','2015-05-15 08:51:38'),(365,'user.png','Su Su San','','su _su _san112298@laravel.org.mm','','','none','1970-01-01','No Organization','','09 2529 05728','','',NULL,'Livestock',112298,'enumerator','2015-04-27 03:04:39','2015-05-15 08:51:38'),(366,'user.png','Zun Saing','','zun _saing112299@laravel.org.mm','','','none','1970-01-01','No Organization','','09 2606 16202','','',NULL,'Livestock',112299,'enumerator','2015-04-27 03:04:40','2015-05-15 08:51:38'),(367,'user.png','Ei Ei Ko','','ei _ei _ko105300@laravel.org.mm','','','none','1970-01-01','Marketing','','09 2591 47578','','',NULL,NULL,105300,'enumerator','2015-04-27 03:04:40','2015-05-15 08:51:38'),(368,'user.png','Hnin Hnin Aye','','hnin _hnin _aye105301@laravel.org.mm','','','none','1970-01-01','Marketing','','09 4004 60960','','',NULL,NULL,105301,'enumerator','2015-04-27 03:04:40','2015-05-15 08:51:38'),(369,'user.png','Su Su Htwe','5/SaKaNa(N)223575','su _su _htwe105302@laravel.org.mm','Female','','none','1970-01-01','No Organization','','9797965939','Kyauk Sit Village, Sagaing','',NULL,NULL,105302,'enumerator','2015-04-27 03:04:41','2015-05-15 08:51:39'),(370,'user.png','Thin Thin Htet','5/SaKaNa(N)223586','thin _thin _htet105303@laravel.org.mm','Female','','none','1995-04-07','Grocery Shop Owner','','9970403231','Kyauk Sit Village, Sagaing','',NULL,NULL,105303,'enumerator','2015-04-27 03:04:41','2015-05-15 08:51:39'),(371,'user.png','Zaw Min Tun','5/MaMaTa(N)049856','zaw _min _tun105304@laravel.org.mm','Male','','none','1970-01-01','Farmer','','09 7969 61368','Shwe Yin Mar Village, Myinmu','',NULL,NULL,105304,'enumerator','2015-04-27 03:04:42','2015-05-15 07:44:09'),(372,'user.png','Wai Yan Kyaw','5/YaBaNa(N)165045','wai _yan _kyaw105305@laravel.org.mm','Male','','none','1970-01-01','Shop Owner','','09 9745 27663','Myaung','',NULL,NULL,105305,'enumerator','2015-04-27 03:04:43','2015-05-15 07:44:09'),(373,'user.png','Wai Moe','5/YaBaNa(N)200684','wai _moe105306@laravel.org.mm','Male','','none','1970-01-01','No Organization','','9794905525','No.7 Ward, Shwe Bo','',NULL,NULL,105306,'enumerator','2015-04-27 03:04:43','2015-05-15 07:44:09'),(374,'user.png','Kyaw Zin Lin','5/YaBaNa(N)146081','kyaw _zin _lin105307@laravel.org.mm','Male','','none','1970-01-01','Student','','9975680439','Kalar lu Village, Khin Oo ','',NULL,NULL,105307,'enumerator','2015-04-27 03:04:43','2015-05-15 07:44:09'),(375,'user.png','Aung Khine Kyaw','5/YaBaNa(N)136714','aung _khine _kyaw105308@laravel.org.mm','Male','','none','1979-08-07','No Organization','','933228787','Wetlet','',NULL,NULL,105308,'enumerator','2015-04-27 03:04:44','2015-05-15 07:44:09'),(376,'user.png','Aung Aung','5/YaBaNa(N)028622','aung _aung105309@laravel.org.mm','Male','','none','1970-01-01','No Organization','','9260823572','Wetlet','',NULL,NULL,105309,'enumerator','2015-04-27 03:04:44','2015-05-15 07:44:09'),(377,'user.png','Hla Tun Oo','5/KaBaLa(N)005897','hla _tun _oo105310@laravel.org.mm','Male','','none','1970-01-01','Student','9260301781','9794338062','Dan Pin Village, Kantblu','',NULL,NULL,105310,'enumerator','2015-04-27 03:04:45','2015-05-15 07:44:09'),(378,'user.png','Yarzar Win','','yarzar _win105311@laravel.org.mm','','','none','1970-01-01','Engineer','','09 9750 82330','Aung San Ward, YeOo ','',NULL,NULL,105311,'enumerator','2015-04-27 03:04:45','2015-05-15 07:44:10'),(379,'user.png','Soe Min Thein','5/DaPaYa(N)067424','soe _min _thein105312@laravel.org.mm','Male','','none','1970-01-01','Teacher','9259845484','9978771716','Wa Pa Village, Tabayin','',NULL,NULL,105312,'enumerator','2015-04-27 03:04:46','2015-05-15 07:44:10'),(380,'user.png','Kyaw Zayar Oo','5/khaouta(n)085252','kyaw _zayar _oo105313@laravel.org.mm','Male','','none','1990-02-05','IT Trainer','9259501956','9797764944','Myint Tar Myine Ward, Taze ','',NULL,NULL,105313,'enumerator','2015-04-27 03:04:46','2015-05-15 07:44:10'),(381,'user.png','Phyo Wai Aung','5/BaTaLa(N)079137','phyo _wai _aung105314@laravel.org.mm','Male','','none','1970-01-01','IT Trainer','9254841119','9796722278','Oak Pho Village, Budalin','',NULL,NULL,105314,'enumerator','2015-04-27 03:04:46','2015-05-15 07:44:10'),(382,'user.png','Thaung Lwin','5/BaTaLa(N)073184','thaung _lwin105315@laravel.org.mm','Male','','none','1970-01-01','Teacher','9794659729','949343651','Taw Oo Ba Village, Budalin','',NULL,NULL,105315,'enumerator','2015-04-27 03:04:46','2015-05-15 08:51:39'),(383,'user.png','Zun Lai Nge','','zun _lai _nge105316@laravel.org.mm','','','none','1970-01-01','No Organization','','09 9725 81364','Min Te Village, Chaung-U','',NULL,NULL,105316,'enumerator','2015-04-27 03:04:47','2015-05-15 07:44:10'),(384,'user.png','Aye Lwin','','aye _lwin105317@laravel.org.mm','','','none','1970-01-01','Photographer','','09 2560 68693','','',NULL,NULL,105317,'enumerator','2015-04-27 03:04:47','2015-05-15 08:51:39'),(385,'user.png','Thet Naing Tun','','thet _naing _tun105318@laravel.org.mm','','','none','1970-01-01','Author','','09 2584 63940','','',NULL,NULL,105318,'enumerator','2015-04-27 03:04:47','2015-05-15 08:51:39'),(386,'user.png','Kaung Myat','5/WaThaNa(N)056277','kaung _myat105319@laravel.org.mm','Male','','none','1970-01-01','No Organization','','9256049106','Pale Tan Ward, Wuntho','',NULL,NULL,105319,'enumerator','2015-04-27 03:04:47','2015-05-15 07:44:11'),(387,'user.png','Zaw Myo Chit','5/PaLaBa(N)077438','zaw _myo _chit105320@laravel.org.mm','Male','','none','1991-11-03','Doctor','9400549030','9402569002','Myo Ma Ward, Pinlebu ','',NULL,NULL,105320,'enumerator','2015-04-27 03:04:48','2015-05-15 07:44:11'),(388,'user.png','Kyaw Thu Soe','5/KaLaHta(N)198372','kyaw _thu _soe105321@laravel.org.mm','Male','','none','1970-01-01','Journalist','933237513','9420255428','Aye Mya Thida Street, Chan Myae Tharsi Ward, Kale','',NULL,NULL,105321,'enumerator','2015-04-27 03:04:48','2015-05-15 07:44:11'),(389,'user.png','Tun Naing Win','5/KaLaHta(N)125358','tun _naing _win105322@laravel.org.mm','Male','','none','1983-10-09','Journalist','9400493866','933236558','Mingalar Ou Yin Ward, Kale','',NULL,NULL,105322,'enumerator','2015-04-27 03:04:48','2015-05-15 07:44:11'),(390,'user.png','Myint Tun Aung','5/KaLaWa(N)048623','myint _tun _aung105323@laravel.org.mm','Male','','none','1970-01-01','Farmer','','9258360204','Ma Htu Gyi Village, Kalewa','',NULL,NULL,105323,'enumerator','2015-04-27 03:04:49','2015-05-15 07:44:11'),(391,'user.png','Lin Htein','5/KaLaWa(N)037543','lin _htein105324@laravel.org.mm','Male','','none','1970-01-01','Farmer','9261081427','9258544384','Ma Htu Gyi Village, Kalewa','',NULL,NULL,105324,'enumerator','2015-04-27 03:04:49','2015-05-15 07:44:11'),(392,'user.png','Thein Paing Htwe','5/KaLaWa(N)042772','thein _paing _htwe105325@laravel.org.mm','Male','','none','1989-06-05','Farmer','','9257162448','Ma Htu Gyi Village, Kalewa','',NULL,NULL,105325,'enumerator','2015-04-27 03:04:49','2015-05-15 08:51:39'),(393,'user.png','Ye Lin','','ye _lin105326@laravel.org.mm','','','none','1970-01-01','No Organization','','09 7913 58038 (C/O)','Khayuinn Village, Mingyin ','',NULL,NULL,105326,'enumerator','2015-04-27 03:04:50','2015-05-15 08:51:40'),(394,'user.png','Tun Aung Kyaw','','tun _aung _kyaw105327@laravel.org.mm','','','none','1970-01-01','No Organization','','09 7913 58038 (C/O)','Ah Nauk Taw Village, Mingin','',NULL,NULL,105327,'enumerator','2015-04-27 03:04:50','2015-05-15 08:51:40'),(395,'user.png','El Htwe','','el _htwe105328@laravel.org.mm','','','none','1970-01-01','No Organization','','09 2570 17123','Ma Au Knoe Village, Mingin','',NULL,NULL,105328,'enumerator','2015-04-27 03:04:50','2015-05-15 08:51:40'),(396,'user.png','Kyaw Soe Tun','','kyaw _soe _tun105329@laravel.org.mm','','','none','1970-01-01','Marchant','','09 4280 33668','','',NULL,NULL,105329,'enumerator','2015-04-27 03:04:51','2015-05-15 08:51:40'),(397,'user.png','Khine Zar Win','5/MaLaNa(N)022678','khine _zar _win105330@laravel.org.mm','Female','','none','1970-01-01','Marchant','9400529339','9259144899','Bogyoke Street, Kyauk Myaung Yet, Mawlaik','',NULL,NULL,105330,'enumerator','2015-04-27 03:04:51','2015-05-15 08:51:40'),(398,'user.png','Myint Aung','5/PhaPaNa(N)042622','myint _aung105331@laravel.org.mm','Male','','none','1970-01-01','Paung Pyin non-profit organization','9259970990','9259206478','Bogyoke Aung San Street, Kyun Shwe Wah Ward, Paung Byin','',NULL,NULL,105331,'enumerator','2015-04-27 03:04:52','2015-05-15 07:44:12'),(399,'user.png','Myo Tint','','myo _tint105332@laravel.org.mm','','','none','1970-01-01','Paung Pyin non-profit organization','','09 2571 04004','','',NULL,NULL,105332,'enumerator','2015-04-27 03:04:52','2015-05-15 08:51:40'),(400,'user.png','Soe Tayzar Aung','5/PhaPaNa(N)043348','soe _tayzar _aung105333@laravel.org.mm','Male','','none','1970-01-01','Paung Pyin non-profit organization','9257372724','9257372725','Nat Shin Naung Street, Kyun Shwe Wah Ward, Paung Byin','',NULL,NULL,105333,'enumerator','2015-04-27 03:04:53','2015-05-15 07:44:13'),(401,'user.png','Aung San Lin','','aung _san _lin105334@laravel.org.mm','','','none','1970-01-01','Paung Pyin non-profit organization','','09 2535 92388','','',NULL,NULL,105334,'enumerator','2015-04-27 03:04:53','2015-05-15 08:51:40'),(402,'user.png','Babu','5/LaHaNa(N)011979','babu105335@laravel.org.mm','Male','','none','1992-10-03','Naga Culture Association','','09 2586 05124','Zebinkone Ward, Hkamti','',NULL,NULL,105335,'enumerator','2015-04-27 03:04:53','2015-05-15 08:51:40'),(403,'user.png','Lon Nae','5/HaMaNa(N)063798','lon _nae105336@laravel.org.mm','Male','','none','1970-01-01','Ku Ki Youth Network','','9420086122','Homalin','',NULL,NULL,105336,'enumerator','2015-04-27 03:04:54','2015-05-15 07:44:13'),(404,'user.png','Lum Kho Lon','','lum _kho _lon105337@laravel.org.mm','','','none','1970-01-01','Student','','09 4005 38367','','',NULL,NULL,105337,'enumerator','2015-04-27 03:04:54','2015-05-15 08:51:40'),(405,'user.png','Kine','5/LaHaNa(N)009689','kine105338@laravel.org.mm','Male','','none','1970-01-01','Student','','9259480798','Thalar Ward, Lahe ','',NULL,NULL,105338,'enumerator','2015-04-27 03:04:55','2015-05-15 08:51:41'),(406,'user.png','Kal Hon','5/LaHaNa(N)011135','kal _hon105339@laravel.org.mm','Male','','none','1970-01-01','Student','','9259480798','Thalar Ward, Lahe ','',NULL,NULL,105339,'enumerator','2015-04-27 03:04:55','2015-05-15 08:51:41'),(407,'user.png','El\' Hla Mon','5/NaYaNa(N)007512','el\' _hla _mon105340@laravel.org.mm','Male','','none','1986-04-06','Student','','09 4760 5148','SarYa Ward, Nanyun','',NULL,NULL,105340,'enumerator','2015-04-27 03:04:56','2015-05-15 08:51:41'),(408,'user.png','One Aung','5/NaYaNa(N)010115','one _aung105341@laravel.org.mm','Male','','none','1970-01-01','Student','','9259480798','SarYa Ward, Nanyun','',NULL,NULL,105341,'enumerator','2015-04-27 03:04:56','2015-05-15 08:51:41'),(409,'user.png','Pyae Phyo Han','','pyae _phyo _han105342@laravel.org.mm','','','none','1970-01-01','Lan Pya Kyal non-profit group','','09 7937 68300','','',NULL,NULL,105342,'enumerator','2015-04-27 03:04:57','2015-05-15 08:51:41'),(410,'user.png','Win Thu','5/KaNaNa(N)048311','win _thu105343@laravel.org.mm','Male','','none','1970-01-01','Kani Social services','','9259177126','Thamin Chan Village, Kani ','',NULL,NULL,105343,'enumerator','2015-04-27 03:04:57','2015-05-15 07:44:14'),(411,'user.png','Ye Yint Zaw','','ye _yint _zaw105344@laravel.org.mm','','','none','1970-01-01','Engineer','','09 7989 23595','','',NULL,NULL,105344,'enumerator','2015-04-27 03:04:58','2015-05-15 08:51:41'),(412,'user.png','Zaw Win','','zaw _win105345@laravel.org.mm','','','none','1970-01-01','Farmer','','09 2534 37704','','',NULL,NULL,105345,'enumerator','2015-04-27 03:04:58','2015-05-15 08:51:41'),(413,'user.png','Cho Cho Thin','','cho _cho _thin105346@laravel.org.mm','','','none','1970-01-01','Sales Leader','','09 2561 92074','','',NULL,NULL,105346,'enumerator','2015-04-27 03:04:59','2015-05-15 08:51:41'),(414,'user.png','Myint Than Htut','5/PaLaNa(N)002885','myint _than _htut105347@laravel.org.mm','Male','','none','1970-01-01','Retaried','9400527632','09 2592 06671','Myo Lel Yet, Pale','',NULL,NULL,105347,'enumerator','2015-04-27 03:05:00','2015-05-15 07:44:15'),(415,'user.png','Maw Dae','13/MaKhaNa(N)012614','maw _dae116348@laravel.org.mm','Male','','none','1988-01-06','No Organization','09 3610 0106','09 4903 8126','Hmine Hnout Village, Nan Yann Lon Village Track','',NULL,NULL,116348,'enumerator','2015-04-27 03:05:00','2015-05-15 07:44:15'),(416,'user.png','Kyaw Swar Win','13/TaKaNa(N)151636','kyaw _swar _win116349@laravel.org.mm','Male','','none','1996-01-10','No Organization','','09 2507 77191','Ho Hkat Village, Mongyang Township.','',NULL,NULL,116349,'enumerator','2015-04-27 03:05:01','2015-05-15 07:44:15'),(417,'user.png','Kya Lal','13/MaKhaTa(N)000074','kya _lal116350@laravel.org.mm','Male','','none','1992-10-09','No Organization','','09 3610 5499','Wam Kaung Village,','',NULL,NULL,116350,'enumerator','2015-04-27 03:05:01','2015-05-15 07:44:15'),(418,'user.png','Juu Te Sein','13/MaPaTa(N)031567','juu _te _sein116351@laravel.org.mm','Female','','none','1970-01-01','No Organization','','09 4282 21846','Wam My Village, Pain San Ward.','',NULL,NULL,116351,'enumerator','2015-04-27 03:05:01','2015-05-15 07:44:15'),(419,'user.png','Yar Coke','','yar _coke116352@laravel.org.mm','','','none','1970-01-01','No Organization','','','','',NULL,NULL,116352,'enumerator','2015-04-27 03:05:02','2015-05-15 08:51:42'),(420,'user.png','Naw Naw Mi','13/TaKhaLa(N)064916','naw _naw _mi116353@laravel.org.mm','Female','','none','1970-01-01','No Organization','','09 4282 33177','High School Campus, Ward-3','',NULL,NULL,116353,'enumerator','2015-04-27 03:05:02','2015-04-27 03:05:02'),(421,'user.png','Khin Khin Than','13/MaPhaLa(N)029536','khin _khin _than116354@laravel.org.mm','Female','','none','1970-01-01','No Organization','','09 2625 43715','Har Kya Hone Village.','',NULL,NULL,116354,'enumerator','2015-04-27 03:05:03','2015-05-15 07:44:15'),(422,'user.png','U Aik Nyunt','','u _aik _nyunt115355@laravel.org.mm','','','none','1970-01-01','No Organization','','09 3653 0878','','',NULL,NULL,115355,'enumerator','2015-04-27 03:05:03','2015-05-15 08:51:42'),(423,'user.png','Zar Coke','','zar _coke115356@laravel.org.mm','','','none','1970-01-01','No Organization','','09 7300 0463','','',NULL,NULL,115356,'enumerator','2015-04-27 03:05:04','2015-05-15 08:51:42'),(424,'user.png','Sai Kham Aung','','sai _kham _aung115357@laravel.org.mm','','','none','1970-01-01','No Organization','','09 3369 6271','','',NULL,NULL,115357,'enumerator','2015-04-27 03:05:04','2015-05-15 08:51:42'),(425,'user.png','115358','','115358115358@laravel.org.mm','','','none','1970-01-01','No Organization','','','','',NULL,NULL,115358,'enumerator','2015-04-27 03:05:04','2015-04-27 03:05:04'),(426,'user.png','115359','','115359115359@laravel.org.mm','','','none','1970-01-01','No Organization','','','','',NULL,NULL,115359,'enumerator','2015-04-27 03:05:05','2015-04-27 03:05:05'),(427,'user.png','Nan Lu Sar','','nan _lu _sar115360@laravel.org.mm','','','none','1970-01-01','No Organization','','09 3369 6271 (C/O)','','',NULL,NULL,115360,'enumerator','2015-04-27 03:05:05','2015-05-15 08:51:42'),(428,'user.png','Nan Thuzar Oo','','nan _thuzar _oo115361@laravel.org.mm','','','none','1970-01-01','No Organization','','09 3073 3837','','',NULL,NULL,115361,'enumerator','2015-04-27 03:05:05','2015-05-15 08:51:42'),(429,'user.png','Nan Sein Thant','','nan _sein _thant115362@laravel.org.mm','','','none','1970-01-01','No Organization','','09 3369 6271 (C/O)','','',NULL,NULL,115362,'enumerator','2015-04-27 03:05:06','2015-05-15 08:51:42'),(430,'user.png','Nan Shwe Nu','','nan _shwe _nu115363@laravel.org.mm','','','none','1970-01-01','No Organization','','09 2564 22732','','',NULL,NULL,115363,'enumerator','2015-04-27 03:05:06','2015-05-15 08:51:42'),(431,'user.png','115364','','115364115364@laravel.org.mm','','','none','1970-01-01','No Organization','','','','',NULL,NULL,115364,'enumerator','2015-04-27 03:05:06','2015-04-27 03:05:06'),(432,'user.png','115365','','115365115365@laravel.org.mm','','','none','1970-01-01','No Organization','','','','',NULL,NULL,115365,'enumerator','2015-04-27 03:05:07','2015-04-27 03:05:07'),(433,'user.png','Naung Latt Tun','','naung _latt _tun115366@laravel.org.mm','','','none','1970-01-01','No Organization','','09 4731 6561','','',NULL,NULL,115366,'enumerator','2015-04-27 03:05:07','2015-05-15 08:51:42'),(434,'user.png','Zaw Myo Naing','','zaw _myo _naing115367@laravel.org.mm','','','none','1970-01-01','No Organization','','09 4710 3915','','',NULL,NULL,115367,'enumerator','2015-04-27 03:05:07','2015-05-15 08:51:42'),(435,'user.png','Khun Nuu','','khun _nuu115368@laravel.org.mm','','','none','1970-01-01','No Organization','','09 2579 43128','','',NULL,NULL,115368,'enumerator','2015-04-27 03:05:07','2015-05-15 08:51:43'),(436,'user.png','Pyone Ko','','pyone _ko115369@laravel.org.mm','','','none','1970-01-01','No Organization','','09 3025 4341','','',NULL,NULL,115369,'enumerator','2015-04-27 03:05:08','2015-05-15 08:51:43'),(437,'user.png','Naing Zaw Htoo','','naing _zaw _htoo115370@laravel.org.mm','','','none','1970-01-01','No Organization','','09 2564 24620','','',NULL,NULL,115370,'enumerator','2015-04-27 03:05:08','2015-05-15 08:51:43'),(438,'user.png','115371','','115371115371@laravel.org.mm','','','none','1970-01-01','No Organization','','','','',NULL,NULL,115371,'enumerator','2015-04-27 03:05:08','2015-04-27 03:05:08'),(439,'user.png','115372','','115372115372@laravel.org.mm','','','none','1970-01-01','No Organization','','','','',NULL,NULL,115372,'enumerator','2015-04-27 03:05:09','2015-04-27 03:05:09'),(440,'user.png','115373','','115373115373@laravel.org.mm','','','none','1970-01-01','No Organization','','','','',NULL,NULL,115373,'enumerator','2015-04-27 03:05:10','2015-05-15 08:51:43'),(441,'user.png','Nann Bawk','','nann _bawk115374@laravel.org.mm','','','none','1970-01-01','No Organization','','09 2591 07474','','',NULL,NULL,115374,'enumerator','2015-04-27 03:05:10','2015-05-15 08:51:43'),(442,'user.png','Aung Myat','','aung _myat115375@laravel.org.mm','','','none','1970-01-01','No Organization','','09 2538 24534','','',NULL,NULL,115375,'enumerator','2015-04-27 03:05:11','2015-05-15 08:51:43'),(443,'user.png','Khine Mar Win','','khine _mar _win114376@laravel.org.mm','Male','','none','1970-01-01','No Organization','09 4283 58058','09 3628 2683','Mingalar Ward, Shwe Nyaung Township.','',NULL,NULL,114376,'enumerator','2015-04-27 03:05:11','2015-05-15 07:44:18'),(444,'user.png','Khun Aye Maung','','khun _aye _maung114377@laravel.org.mm','Male','','none','1970-01-01','No Organization','09 3654 6987','09 3242 6352','Kone Thar Village, Hant Huu Village Track, Taung Gyi Township.','',NULL,NULL,114377,'enumerator','2015-04-27 03:05:12','2015-05-15 08:51:43'),(445,'user.png','Kyaw Zin Latt','','kyaw _zin _latt114378@laravel.org.mm','Male','','none','1970-01-01','No Organization','09 3198 8619','09 2507 30781','Kun Long Village, Taung Gyi Township.','',NULL,NULL,114378,'enumerator','2015-04-27 03:05:12','2015-05-15 08:51:43'),(446,'user.png','Maung Lay','','maung _lay114379@laravel.org.mm','Male','','none','1970-01-01','No Organization','09 3616 9022','09 3281 6392','Taung To Mont Tin Kone Village, Inlay.','',NULL,NULL,114379,'enumerator','2015-04-27 03:05:13','2015-05-15 07:44:19'),(447,'user.png','Nang Mya Sein','','nang _mya _sein114380@laravel.org.mm','Female','','none','1970-01-01','No Organization','','09 3620 3487','Naung Taw Village, Inlay.','',NULL,NULL,114380,'enumerator','2015-04-27 03:05:13','2015-04-27 03:05:13'),(448,'user.png','Khun Win Zaw','','khun _win _zaw114381@laravel.org.mm','','','none','1970-01-01','No Organization','09 3037 5931','09 3037 5932','','',NULL,NULL,114381,'enumerator','2015-04-27 03:05:13','2015-05-15 08:51:43'),(449,'user.png','Thet Shwe','','thet _shwe114382@laravel.org.mm','','','none','1970-01-01','No Organization','','09 2506 32022','','',NULL,NULL,114382,'enumerator','2015-04-27 03:05:14','2015-05-15 08:51:44'),(450,'user.png','Khun Youk Khan','13/SaSaNa(N)064052','khun _youk _khan114383@laravel.org.mm','Male','','none','1970-01-01','Teacher','09 2617 43528','09 3051 0926','Htam Yang Hai Village, His Seng Township','',NULL,NULL,114383,'enumerator','2015-04-27 03:05:14','2015-05-15 07:44:19'),(451,'user.png','Myo Lwin Oo','','myo _lwin _oo114384@laravel.org.mm','Male','','none','1989-10-12','No Organization','09 3614 8677','09 2549 83595','Ngone Thon Village, Kalaw Township.','',NULL,NULL,114384,'enumerator','2015-04-27 03:05:15','2015-05-15 07:44:19'),(452,'user.png','Nay Aung','','nay _aung114385@laravel.org.mm','','','none','1970-01-01','Farmer','09 3602 4314','09 3602 4317','','',NULL,NULL,114385,'enumerator','2015-04-27 03:05:15','2015-05-15 08:51:44'),(453,'user.png','Sithu Kyaw','','sithu _kyaw114386@laravel.org.mm','Male','','none','1970-01-01','No Organization','','09 2536 45202','Kawlaw Township.','',NULL,NULL,114386,'enumerator','2015-04-27 03:05:16','2015-05-15 08:51:44'),(454,'user.png','Nay Win','','nay _win114387@laravel.org.mm','','','none','1970-01-01','No Organization','09 3620 3484','09 3609 6903','','',NULL,NULL,114387,'enumerator','2015-04-27 03:05:16','2015-05-15 08:51:44'),(455,'user.png','Kham Yee Aye','','kham _yee _aye114388@laravel.org.mm','Male','','none','1970-01-01','No Organization','09 4283 61249','09 2549 55984','Bamar Toe Village, Myin Taung Village Track, Lawksawk Township.','',NULL,NULL,114388,'enumerator','2015-04-27 03:05:16','2015-05-15 08:51:44'),(456,'user.png','Khun Naing Oo','','khun _naing _oo114389@laravel.org.mm','Male','','none','1970-01-01','No Organization','09 3075 2023','09 4976 8142','Yae Pyar Village, Mar Thae Villlage Track, Lawksawk Township.','',NULL,NULL,114389,'enumerator','2015-04-27 03:05:17','2015-05-15 08:51:44'),(457,'user.png','Khun Nyunt Maung','','khun _nyunt _maung114390@laravel.org.mm','Male','','none','1970-01-01','No Organization','09 4283 66710','09 2509 52595','Naung Mu Village, Bant Pyin Village Track, Naung Tayar Town.','',NULL,NULL,114390,'enumerator','2015-04-27 03:05:17','2015-05-15 08:51:44'),(458,'user.png','Phyo Sithu','','phyo _sithu114391@laravel.org.mm','','','none','1970-01-01','No Organization','09 4934 6766','09 3278 3455','','',NULL,NULL,114391,'enumerator','2015-04-27 03:05:18','2015-05-15 08:51:44'),(459,'user.png','Sai Htein Lin','','sai _htein _lin114392@laravel.org.mm','Female','','none','1970-01-01','No Organization','','09 4283 60304','Daw Paw Ku Village, Pekon Township.','',NULL,NULL,114392,'enumerator','2015-04-27 03:05:18','2015-05-15 08:51:44'),(460,'user.png','Maung Andrew','','maung _andrew114393@laravel.org.mm','Female','','none','1970-01-01','No Organization','','09 2604 39005','Hein Damhha Ward, Pekon Township','',NULL,NULL,114393,'enumerator','2015-04-27 03:05:19','2015-05-15 08:51:44'),(461,'user.png','Naw Hla Hla Kyi','','naw _hla _hla _kyi114394@laravel.org.mm','Male','','none','1970-01-01','No Organization','09 4924 7693','09 2504 84007','Pin Lon Sub-Township.','',NULL,NULL,114394,'enumerator','2015-04-27 03:05:19','2015-05-15 08:51:44'),(462,'user.png','Khun Maung Thein','','khun _maung _thein114395@laravel.org.mm','Male','','none','1970-01-01','No Organization','09 2543 94252','09 2501 05293','Long Mauk Hkam Villlage, Pin Lon Town.','',NULL,NULL,114395,'enumerator','2015-04-27 03:05:20','2015-05-15 07:44:21'),(463,'user.png','Pyae Phyo Kyaw','','pyae _phyo _kyaw114396@laravel.org.mm','Male','','none','1970-01-01','No Organization','09 2503 40931','09 2508 62067','Ward-1, Pin Lon Town.','',NULL,NULL,114396,'enumerator','2015-04-27 03:05:20','2015-05-15 07:44:21'),(464,'user.png','Nang Tin Oo','','nang _tin _oo114397@laravel.org.mm','Female','','none','1970-01-01','No Organization','','09 7312 8102','Ward-1, Mongkaing Township.','',NULL,NULL,114397,'enumerator','2015-04-27 03:05:21','2015-05-15 08:51:45'),(465,'user.png','Khun Naing Oo','','khun _naing _oo114398@laravel.org.mm','','','none','1970-01-01','No Organization','09 4935 3015','09 2544 04626','Bang Mart Village, Gadu Gyi, Mawkmai Township.','',NULL,NULL,114398,'enumerator','2015-04-27 03:05:21','2015-05-15 07:44:21'),(466,'user.png','Lay Myint','','lay _myint106399@laravel.org.mm','Female','','none','1970-01-01','No Organization','','09 4222 14648','','',NULL,NULL,106399,'enumerator','2015-04-27 03:05:21','2015-05-15 07:44:21'),(467,'user.png','Aung Wai Yan Kyaw','','aung _wai _yan _kyaw106400@laravel.org.mm','Male','','none','1970-01-01','No Organization','','09 4004 64237','','',NULL,NULL,106400,'enumerator','2015-04-27 03:05:22','2015-05-15 08:51:45'),(468,'user.png','Yan Paing Soe','','yan _paing _soe106401@laravel.org.mm','Male','','none','1970-01-01','No Organization','','09 2611 01485','','',NULL,NULL,106401,'enumerator','2015-04-27 03:05:22','2015-05-15 08:51:45'),(469,'user.png','Aung Than','6/MaAhYa(N)089065','aung _than106402@laravel.org.mm','Male','','none','1970-01-01','No Organization','','09 8770 438','','',NULL,NULL,106402,'enumerator','2015-04-27 03:05:22','2015-04-27 03:05:22'),(470,'user.png','Aung Thu','6/MaAhYa(N)091636','aung _thu106403@laravel.org.mm','Male','','none','1970-01-01','No Organization','','09 2620 66860','','',NULL,NULL,106403,'enumerator','2015-04-27 03:05:23','2015-05-15 07:44:22'),(471,'user.png','Yu Wai','6/MaAhYa(N)090802','yu _wai106404@laravel.org.mm','Male','','none','1970-01-01','No Organization','','09 4220 4319','','',NULL,NULL,106404,'enumerator','2015-04-27 03:05:23','2015-04-27 03:05:23'),(472,'user.png','Tint Lwin','','tint _lwin106405@laravel.org.mm','','','none','1970-01-01','No Organization','','09 2507 73113','','',NULL,NULL,106405,'enumerator','2015-04-27 03:05:24','2015-05-15 07:44:22'),(473,'user.png','Phyo Wai Aung','','phyo _wai _aung106406@laravel.org.mm','','','none','1970-01-01','No Organization','','09 7311 9265','','',NULL,NULL,106406,'enumerator','2015-04-27 03:05:24','2015-05-15 08:51:45'),(474,'user.png','Aung Pyae Soe','','aung _pyae _soe106407@laravel.org.mm','','','none','1970-01-01','No Organization','','09 2620 66860','','',NULL,NULL,106407,'enumerator','2015-04-27 03:05:25','2015-05-15 08:51:45'),(475,'user.png','Aung Kyi','','aung _kyi106408@laravel.org.mm','','','none','1970-01-01','No Organization','','09 2507 76007','','',NULL,NULL,106408,'enumerator','2015-04-27 03:05:25','2015-05-15 08:51:45'),(476,'user.png','Zaw Min Naing','','zaw _min _naing106409@laravel.org.mm','','','none','1970-01-01','No Organization','','09 2507 73491','','',NULL,NULL,106409,'enumerator','2015-04-27 03:05:26','2015-05-15 07:44:23'),(477,'user.png','Thein Myint','','thein _myint106410@laravel.org.mm','','','none','1970-01-01','No Organization','','09 4222 16262','','',NULL,NULL,106410,'enumerator','2015-04-27 03:05:26','2015-05-15 07:44:23'),(478,'user.png','Than Htut Oo','','than _htut _oo113411@laravel.org.mm','','','none','1970-01-01','No Organization','','09 3208 4455','','',NULL,NULL,113411,'enumerator','2015-04-27 03:05:27','2015-05-15 08:51:45'),(479,'user.png','Chit Phu Ngone','','chit _phu _ngone113412@laravel.org.mm','','','none','1970-01-01','No Organization','','09 4222 08193','','',NULL,NULL,113412,'enumerator','2015-04-27 03:05:27','2015-05-15 08:51:46'),(480,'user.png','Su Sandi Zaw','','su _sandi _zaw113413@laravel.org.mm','','','none','1970-01-01','No Organization','','09 7983 77942','','',NULL,NULL,113413,'enumerator','2015-04-27 03:05:28','2015-05-15 08:51:46'),(481,'user.png','Naw Angelinton','','naw _angelinton113414@laravel.org.mm','','','none','1970-01-01','No Organization','','09 4500 13870','','',NULL,NULL,113414,'enumerator','2015-04-27 03:05:28','2015-05-15 08:51:46'),(482,'user.png','Nilar Kyaw Kyaw','','nilar _kyaw _kyaw113415@laravel.org.mm','','','none','1970-01-01','No Organization','','09 4317 0489','','',NULL,NULL,113415,'enumerator','2015-04-27 03:05:28','2015-05-15 08:51:46'),(483,'user.png','Zun Thazin Moe','','zun _thazin _moe113416@laravel.org.mm','','','none','1970-01-01','No Organization','','09 4202 12700','','',NULL,NULL,113416,'enumerator','2015-04-27 03:05:29','2015-05-15 08:51:46'),(484,'user.png','Khine Khine Lin','','khine _khine _lin113417@laravel.org.mm','','','none','1970-01-01','No Organization','','09 7967 77289','','',NULL,NULL,113417,'enumerator','2015-04-27 03:05:29','2015-05-15 08:51:46'),(485,'user.png','Wai Wai Myint','','wai _wai _myint113418@laravel.org.mm','','','none','1970-01-01','No Organization','','09 4224 53545','','',NULL,NULL,113418,'enumerator','2015-04-27 03:05:30','2015-05-15 08:51:46'),(486,'user.png','San Oo','','san _oo113419@laravel.org.mm','','','none','1970-01-01','No Organization','','09 3193 8313','','',NULL,NULL,113419,'enumerator','2015-04-27 03:05:30','2015-05-15 08:51:46'),(487,'user.png','Lwin Naing Htwe','','lwin _naing _htwe113420@laravel.org.mm','','','none','1970-01-01','No Organization','','09 3163 4285','','',NULL,NULL,113420,'enumerator','2015-04-27 03:05:31','2015-05-15 08:51:46'),(488,'user.png','San San Yee','','san _san _yee113421@laravel.org.mm','','','none','1970-01-01','No Organization','','09 7958 32347','','',NULL,NULL,113421,'enumerator','2015-04-27 03:05:31','2015-05-15 08:51:46'),(489,'user.png','Myo Myo San','','myo _myo _san113422@laravel.org.mm','','','none','1970-01-01','No Organization','','09 4202 73239','','',NULL,NULL,113422,'enumerator','2015-04-27 03:05:31','2015-05-15 08:51:46'),(490,'user.png','San San Aye','','san _san _aye113423@laravel.org.mm','','','none','1970-01-01','No Organization','','09 7993 34864','','',NULL,NULL,113423,'enumerator','2015-04-27 03:05:32','2015-05-15 08:51:46'),(491,'user.png','Min Zaw','','min _zaw113424@laravel.org.mm','','','none','1970-01-01','No Organization','','09 2539 80406','','',NULL,NULL,113424,'enumerator','2015-04-27 03:05:32','2015-05-15 08:51:47'),(492,'user.png','Naw Elchrist','','naw _elchrist113425@laravel.org.mm','','','none','1970-01-01','No Organization','','09 3157 0037','','',NULL,NULL,113425,'enumerator','2015-04-27 03:05:33','2015-05-15 08:51:47'),(493,'user.png','Myat Mon Khaing','','myat _mon _khaing113426@laravel.org.mm','','','none','1970-01-01','No Organization','','09 2578 35901','','',NULL,NULL,113426,'enumerator','2015-04-27 03:05:33','2015-05-15 08:51:47'),(494,'user.png','Thet Thet Mar','','thet _thet _mar113427@laravel.org.mm','','','none','1970-01-01','No Organization','','09 508 5049','','',NULL,NULL,113427,'enumerator','2015-04-27 03:05:34','2015-05-15 08:51:47'),(495,'user.png','Swe Thant Ko','','swe _thant _ko113428@laravel.org.mm','','','none','1970-01-01','No Organization','','09 7941 50994','','',NULL,NULL,113428,'enumerator','2015-04-27 03:05:34','2015-05-15 08:51:47'),(496,'user.png','Shar Ya Mone','','shar _ya _mone113429@laravel.org.mm','','','none','1970-01-01','No Organization','','09 7998 86782','','',NULL,NULL,113429,'enumerator','2015-04-27 03:05:35','2015-05-15 08:51:47'),(497,'user.png','Tin Htun Naing','','tin _htun _naing113430@laravel.org.mm','','','none','1970-01-01','No Organization','','09 7995 96310','','',NULL,NULL,113430,'enumerator','2015-04-27 03:05:35','2015-05-15 08:51:47'),(498,'user.png','Win Nandar','12/ThaKaTa(N)167577','win _nandar113431@laravel.org.mm','Female','','none','1970-01-01','No Organization','','09 7981 78786','No.19, Man Pyay (5th) Street, Thar Kay Ta Township','',NULL,NULL,113431,'enumerator','2015-04-27 03:05:36','2015-05-15 08:51:48'),(499,'user.png','Aung Thet Paing Oo','','aung _thet _paing _oo113432@laravel.org.mm','','','none','1970-01-01','No Organization','','09 9722 16024','','',NULL,NULL,113432,'enumerator','2015-04-27 03:05:36','2015-05-15 08:51:48'),(500,'user.png','Tin Ko Ko','','tin _ko _ko113433@laravel.org.mm','','','none','1970-01-01','No Organization','','','','',NULL,NULL,113433,'enumerator','2015-04-27 03:05:37','2015-05-15 08:51:48'),(501,'user.png','Su Mon Soe','12/MaGaTa(N)101472','su _mon _soe113434@laravel.org.mm','Male','','none','1970-01-01','No Organization','','09 2540 81475','No.410, Thein Phyu Road, Mingalar Taung Nyunt Township','',NULL,NULL,113434,'enumerator','2015-04-27 03:05:37','2015-05-15 08:51:48'),(502,'user.png','Nyi Nyi Tun Naing','','nyi _nyi _tun _naing113435@laravel.org.mm','Male','','none','1998-08-03','No Organization','','09 7980 26248','No.12, 54th Street, Pazundaung Township.','',NULL,NULL,113435,'enumerator','2015-04-27 03:05:38','2015-05-15 08:51:48'),(503,'user.png','Kaung Myat Lin','14/MaMaKa(N)185009','kaung _myat _lin113436@laravel.org.mm','Female','','none','1992-11-10','No Organization','','09 7923 02339','','',NULL,NULL,113436,'enumerator','2015-04-27 03:05:38','2015-05-15 08:51:48'),(504,'user.png','Aung Aung Oo','12/ThaKaTa(N)169779','aung _aung _oo113437@laravel.org.mm','Female','','none','1970-01-01','No Organization','','09 2520 95773','Man Pyay 13rd Street, Thar Kay Ta Township.','',NULL,NULL,113437,'enumerator','2015-04-27 03:05:39','2015-05-15 08:51:48'),(505,'user.png','Pyae Sone Hein','12/ThaKaTa(N)192946','pyae _sone _hein113438@laravel.org.mm','Male','','none','1970-01-01','No Organization','','09 2544 88400','Man Pyay (5th) Street, Thar Kay Ta Township','',NULL,NULL,113438,'enumerator','2015-04-27 03:05:39','2015-05-15 08:51:48'),(506,'user.png','Htet Aung Kyaw','12/ThaKaTa(N)181346','htet _aung _kyaw113439@laravel.org.mm','Male','','none','1970-01-01','No Organization','','09 9782 40582','Yan Pyay 9th Street, Thar Kay Ta Township.','',NULL,NULL,113439,'enumerator','2015-04-27 03:05:40','2015-05-15 08:51:48'),(507,'user.png','Thura Hein','12/ThaKaTa(N)175381','thura _hein113440@laravel.org.mm','Male','','none','1970-01-01','No Organization','','09 7981 88292','Man Pyay (7th) Street, Thar Kay Ta Township','',NULL,NULL,113440,'enumerator','2015-04-27 03:05:40','2015-05-15 08:51:49'),(508,'user.png','Aung Myo Htet Tin','','aung _myo _htet _tin113441@laravel.org.mm','','','none','1970-01-01','No Organization','','09 7981 45261','','',NULL,NULL,113441,'enumerator','2015-04-27 03:05:41','2015-05-15 08:51:49'),(509,'user.png','Cho Mar Khin','12/ThaKaTa(N)180244','cho _mar _khin113442@laravel.org.mm','Male','','none','1970-01-01','No Organization','','09 2540 46860','Man Pyay (14th) Street, Thar Kay Ta Township','',NULL,NULL,113442,'enumerator','2015-04-27 03:05:41','2015-05-15 08:51:49'),(510,'user.png','Su Wai Nandar','12/ThaKaTa(N)173359','su _wai _nandar113443@laravel.org.mm','Male','','none','1970-01-01','No Organization','','09 2562 24881','Man Pyay (6th) Street, Thar Kay Ta Township','',NULL,NULL,113443,'enumerator','2015-04-27 03:05:42','2015-05-15 08:51:49'),(511,'user.png','May Mon Kyaw','12/ThaKaTa(N)180273','may _mon _kyaw113444@laravel.org.mm','Male','','none','1970-01-01','No Organization','','09 2541 59977','','',NULL,NULL,113444,'enumerator','2015-04-27 03:05:42','2015-05-15 08:51:49'),(512,'user.png','Wai Phyo Maung','12/ThaKaTa(N)181209','wai _phyo _maung113445@laravel.org.mm','Male','','none','1970-01-01','No Organization','','09 2547 10472','Myo Pat road, Ward-4, Thar Kay Ta Township.','',NULL,NULL,113445,'enumerator','2015-04-27 03:05:43','2015-05-15 08:51:49'),(513,'user.png','Htet Ko Ko Lwin','12/ThaKaTa(N)181609','htet _ko _ko _lwin113446@laravel.org.mm','Male','','none','1970-01-01','No Organization','','09 2540 50639','Tha Dar Yone Street, Thar Kay Ta Township.','',NULL,NULL,113446,'enumerator','2015-04-27 03:05:43','2015-05-15 08:51:49'),(514,'user.png','Than Naing','7/LaPaTa(N)046573','than _naing113447@laravel.org.mm','Female','','none','1970-01-01','No Organization','','09 2548 38329','Mi Ya Tar Taine(6),Botataung Township.','',NULL,NULL,113447,'enumerator','2015-04-27 03:05:43','2015-05-15 08:51:50'),(515,'user.png','Aung Chan Myae','3/BaAhNa(N)223169','aung _chan _myae113448@laravel.org.mm','Female','','none','1970-01-01','No Organization','','09 7969 50899','Shu Kintar Housing, Ward-5,Tharkayta Township.','',NULL,NULL,113448,'enumerator','2015-04-27 03:05:44','2015-05-15 08:51:50'),(516,'user.png','Nay Myo Tun','','nay _myo _tun113449@laravel.org.mm','','','none','1970-01-01','No Organization','','09 7981 97185','','',NULL,NULL,113449,'enumerator','2015-04-27 03:05:44','2015-05-15 08:51:50'),(517,'user.png','Aye Mya Mya Soe','','aye _mya _mya _soe113450@laravel.org.mm','','','none','1970-01-01','No Organization','','09 7981 67768','','',NULL,NULL,113450,'enumerator','2015-04-27 03:05:45','2015-05-15 08:51:50'),(518,'user.png','Arkar Hein','','arkar _hein113451@laravel.org.mm','','','none','1970-01-01','No Organization','','09 2500 42038','','',NULL,NULL,113451,'enumerator','2015-04-27 03:05:45','2015-05-15 08:51:50'),(519,'user.png','Win Htet Paing','','win _htet _paing113452@laravel.org.mm','','','none','1970-01-01','No Organization','','09 4210 01077','','',NULL,NULL,113452,'enumerator','2015-04-27 03:05:46','2015-05-15 08:51:50'),(520,'user.png','Zaw Min Thu ','','zaw _min _thu 113453@laravel.org.mm','','','none','1970-01-01','No Organization','','09 3145 7450','','',NULL,NULL,113453,'enumerator','2015-04-27 03:05:46','2015-05-15 08:51:50'),(521,'user.png','Htet Wai Lwin','','htet _wai _lwin113454@laravel.org.mm','','','none','1970-01-01','No Organization','','09 4202 33315','','',NULL,NULL,113454,'enumerator','2015-04-27 03:05:46','2015-05-15 08:51:50'),(522,'user.png','Wunna Zaw','','wunna _zaw113455@laravel.org.mm','','','none','1970-01-01','No Organization','','09 3135 7590','','',NULL,NULL,113455,'enumerator','2015-04-27 03:05:47','2015-05-15 08:51:51'),(523,'user.png','Mya Thaung','','mya _thaung113456@laravel.org.mm','','','none','1970-01-01','No Organization','','09 3110 2034','','',NULL,NULL,113456,'enumerator','2015-04-27 03:05:47','2015-05-15 08:51:51'),(524,'user.png','Kyaw Gyi','','kyaw _gyi113457@laravel.org.mm','','','none','1970-01-01','No Organization','','09 2540 85257','','',NULL,NULL,113457,'enumerator','2015-04-27 03:05:48','2015-05-15 08:51:51'),(525,'user.png','Ye Zaw Bo','','ye _zaw _bo113458@laravel.org.mm','','','none','1970-01-01','No Organization','','09 7993 63813','','',NULL,NULL,113458,'enumerator','2015-04-27 03:05:49','2015-05-15 08:51:51'),(526,'user.png','Myat Zaw Thu','','myat _zaw _thu113459@laravel.org.mm','','','none','1970-01-01','No Organization','','09 7993 78538','','',NULL,NULL,113459,'enumerator','2015-04-27 03:05:49','2015-05-15 08:51:51'),(527,'user.png','Aye Thet Aung','','aye _thet _aung113460@laravel.org.mm','','','none','1970-01-01','No Organization','','09 7921 77410','','',NULL,NULL,113460,'enumerator','2015-04-27 03:05:50','2015-05-15 08:51:51'),(528,'user.png','Htin Nyo Htwarr','','htin _nyo _htwarr113461@laravel.org.mm','','','none','1970-01-01','No Organization','','09 2542 66878','','',NULL,NULL,113461,'enumerator','2015-04-27 03:05:50','2015-05-15 08:51:52'),(529,'user.png','Su Myat Aung','','su _myat _aung113462@laravel.org.mm','','','none','1970-01-01','No Organization','','09 4200 24843','','',NULL,NULL,113462,'enumerator','2015-04-27 03:05:50','2015-05-15 08:51:52'),(530,'user.png','Chit San Maung','','chit _san _maung113463@laravel.org.mm','','','none','1970-01-01','No Organization','','09 7993 16097','','',NULL,NULL,113463,'enumerator','2015-04-27 03:05:51','2015-05-15 08:51:52'),(531,'user.png','Myint Lwin','','myint _lwin113464@laravel.org.mm','','','none','1970-01-01','No Organization','','09 7992 52625','','',NULL,NULL,113464,'enumerator','2015-04-27 03:05:51','2015-05-15 08:51:52'),(532,'user.png','Lin Naing','','lin _naing113465@laravel.org.mm','','','none','1970-01-01','No Organization','','09 7962 48323','','',NULL,NULL,113465,'enumerator','2015-04-27 03:05:52','2015-05-15 08:51:52'),(533,'user.png','Su Thiri Mon','','su _thiri _mon113466@laravel.org.mm','','','none','1970-01-01','No Organization','','09 2501 82606','','',NULL,NULL,113466,'enumerator','2015-04-27 03:05:53','2015-05-15 08:51:52'),(534,'user.png','Thein Thein Myint','','thein _thein _myint113467@laravel.org.mm','','','none','1970-01-01','No Organization','','09 3222 8411','','',NULL,NULL,113467,'enumerator','2015-04-27 03:05:53','2015-05-15 08:51:52'),(535,'user.png','Naing Lwin Kyaw','','naing _lwin _kyaw113468@laravel.org.mm','','','none','1970-01-01','No Organization','','09 2544 28902','','',NULL,NULL,113468,'enumerator','2015-04-27 03:05:53','2015-05-15 08:51:53'),(536,'user.png','Aung Lin Zaw','','aung _lin _zaw113469@laravel.org.mm','','','none','1970-01-01','No Organization','','09 2606 42348','','',NULL,NULL,113469,'enumerator','2015-04-27 03:05:54','2015-05-15 08:51:53'),(537,'user.png','Wai Yan Nyein','','wai _yan _nyein113470@laravel.org.mm','','','none','1970-01-01','No Organization','','09 9782 02932','Thri Yatetar Housing, Ah Lon Township','',NULL,NULL,113470,'enumerator','2015-04-27 03:05:54','2015-05-15 08:51:53'),(538,'user.png','Han Tin Tun','12/AhLaNa(N)037380','han _tin _tun113471@laravel.org.mm','Male','','none','1982-11-02','No Organization','','09 2609 96433','U Lukalay Street, Ah Lon Township.','',NULL,NULL,113471,'enumerator','2015-04-27 03:05:54','2015-05-15 08:51:53'),(539,'user.png','Thant Zin Tun','','thant _zin _tun113472@laravel.org.mm','','','none','1970-01-01','No Organization','','09 7956 15932','','',NULL,NULL,113472,'enumerator','2015-04-27 03:05:54','2015-05-15 08:51:53'),(540,'user.png','Htay Htay Tin','','htay _htay _tin113473@laravel.org.mm','','','none','1970-01-01','No Organization','','09 7358 15389','','',NULL,NULL,113473,'enumerator','2015-04-27 03:05:55','2015-05-15 08:51:53'),(541,'user.png','Cherry Lin','12/AhLaNa(N)044276','cherry _lin113474@laravel.org.mm','Male','','none','1970-01-01','No Organization','','09 4500 56933','Ma Gar Street, Ah Lon Township','',NULL,NULL,113474,'enumerator','2015-04-27 03:05:55','2015-05-15 08:51:53'),(542,'user.png','Htoo Pyae Sone','12/AhLaNa(N)042168','htoo _pyae _sone113475@laravel.org.mm','Female','','none','1985-02-01','No Organization','','09 7982 04514','Pa Dae Thar Street, Ah Lon Township.','',NULL,NULL,113475,'enumerator','2015-04-27 03:05:55','2015-05-15 08:51:54'),(543,'user.png','Ingyin Mhwe','12/AhLaNa(N)042332','ingyin _mhwe113476@laravel.org.mm','Male','','none','1970-01-01','No Organization','','09 2541 17208','','',NULL,NULL,113476,'enumerator','2015-04-27 03:05:55','2015-05-15 08:51:54'),(544,'user.png','Kyaw Nyein','','kyaw _nyein113477@laravel.org.mm','','','none','1970-01-01','No Organization','','09 2540 66791','','',NULL,NULL,113477,'enumerator','2015-04-27 03:05:56','2015-05-15 08:51:54'),(545,'user.png','Swe Mi Hlaing','','swe _mi _hlaing113478@laravel.org.mm','Female','','none','1970-01-01','No Organization','','09 3128 9116','Bo Sein Hman Ward, Tamwe Township.','',NULL,NULL,113478,'enumerator','2015-04-27 03:05:56','2015-04-27 03:05:56'),(546,'user.png','May Myo Aung','7/TaWaTa(N)086348','may _myo _aung113479@laravel.org.mm','Female','','none','1970-01-01','No Organization','','09 7953 39322','No(10), Han Thawaddy Housing, 5th Street, Kamayut Township.','',NULL,NULL,113479,'enumerator','2015-04-27 03:05:56','2015-05-15 07:44:32'),(547,'user.png','Ye Win Naing','','ye _win _naing113480@laravel.org.mm','Male','','none','1970-01-01','No Organization','','09 7982 00773','','',NULL,NULL,113480,'enumerator','2015-04-27 03:05:57','2015-05-15 08:51:54'),(548,'user.png','Yar Zar Aung','','yar _zar _aung113481@laravel.org.mm','Male','','none','1970-01-01','No Organization','','09 4201 12393','No.103, Maha Bagawa Street, Ma Yan Gone Township.','',NULL,NULL,113481,'enumerator','2015-04-27 03:05:57','2015-05-15 08:51:54');
/*!40000 ALTER TABLE `ems_participants` ENABLE KEYS */;
UNLOCK TABLES;

--
-- Table structure for table `ems_participants_geolocations`
--

DROP TABLE IF EXISTS `ems_participants_geolocations`;
/*!40101 SET @saved_cs_client     = @@character_set_client */;
/*!40101 SET character_set_client = utf8 */;
CREATE TABLE `ems_participants_geolocations` (
  `id` int(10) unsigned NOT NULL AUTO_INCREMENT,
  `location_id` int(10) unsigned DEFAULT NULL,
  `participant_id` int(10) unsigned DEFAULT NULL,
  `pace_id` int(11) NOT NULL,
  `created_at` timestamp NOT NULL DEFAULT '0000-00-00 00:00:00',
  `updated_at` timestamp NOT NULL DEFAULT '0000-00-00 00:00:00',
  PRIMARY KEY (`id`),
  UNIQUE KEY `participants_geolocations_pace_id_unique` (`pace_id`),
  KEY `participants_geolocations_location_id_index` (`location_id`),
  KEY `participants_geolocations_participant_id_index` (`participant_id`),
  CONSTRAINT `participants_geolocations_location_id_foreign` FOREIGN KEY (`location_id`) REFERENCES `ems_geolocations` (`id`) ON DELETE CASCADE,
  CONSTRAINT `participants_geolocations_participant_id_foreign` FOREIGN KEY (`participant_id`) REFERENCES `ems_participants` (`id`) ON DELETE CASCADE
) ENGINE=InnoDB DEFAULT CHARSET=utf8 COLLATE=utf8_unicode_ci;
/*!40101 SET character_set_client = @saved_cs_client */;

--
-- Dumping data for table `ems_participants_geolocations`
--

LOCK TABLES `ems_participants_geolocations` WRITE;
/*!40000 ALTER TABLE `ems_participants_geolocations` DISABLE KEYS */;
/*!40000 ALTER TABLE `ems_participants_geolocations` ENABLE KEYS */;
UNLOCK TABLES;

--
-- Table structure for table `ems_participants_pgroups`
--

DROP TABLE IF EXISTS `ems_participants_pgroups`;
/*!40101 SET @saved_cs_client     = @@character_set_client */;
/*!40101 SET character_set_client = utf8 */;
CREATE TABLE `ems_participants_pgroups` (
  `participant_id` int(10) unsigned NOT NULL,
  `pgroups_id` int(10) unsigned NOT NULL,
  `created_at` timestamp NOT NULL DEFAULT '0000-00-00 00:00:00',
  `updated_at` timestamp NOT NULL DEFAULT '0000-00-00 00:00:00',
  KEY `participants_pgroups_participant_id_index` (`participant_id`),
  KEY `participants_pgroups_pgroups_id_index` (`pgroups_id`),
  CONSTRAINT `participants_pgroups_participant_id_foreign` FOREIGN KEY (`participant_id`) REFERENCES `ems_participants` (`id`) ON DELETE CASCADE,
  CONSTRAINT `participants_pgroups_pgroups_id_foreign` FOREIGN KEY (`pgroups_id`) REFERENCES `ems_p_groups` (`id`) ON DELETE CASCADE
) ENGINE=InnoDB DEFAULT CHARSET=utf8 COLLATE=utf8_unicode_ci;
/*!40101 SET character_set_client = @saved_cs_client */;

--
-- Dumping data for table `ems_participants_pgroups`
--

LOCK TABLES `ems_participants_pgroups` WRITE;
/*!40000 ALTER TABLE `ems_participants_pgroups` DISABLE KEYS */;
INSERT INTO `ems_participants_pgroups` VALUES (1,1,'2015-04-27 03:01:39','2015-04-27 03:01:39'),(2,1,'2015-04-27 03:01:40','2015-04-27 03:01:40'),(3,1,'2015-04-27 03:01:40','2015-04-27 03:01:40'),(4,1,'2015-04-27 03:01:40','2015-04-27 03:01:40'),(5,1,'2015-04-27 03:01:40','2015-04-27 03:01:40'),(6,1,'2015-04-27 03:01:41','2015-04-27 03:01:41'),(7,1,'2015-04-27 03:01:41','2015-04-27 03:01:41'),(8,1,'2015-04-27 03:01:41','2015-04-27 03:01:41'),(9,1,'2015-04-27 03:01:41','2015-04-27 03:01:41'),(10,1,'2015-04-27 03:01:41','2015-04-27 03:01:41'),(11,1,'2015-04-27 03:01:42','2015-04-27 03:01:42'),(12,1,'2015-04-27 03:01:42','2015-04-27 03:01:42'),(13,1,'2015-04-27 03:01:42','2015-04-27 03:01:42'),(14,1,'2015-04-27 03:01:42','2015-04-27 03:01:42'),(15,1,'2015-04-27 03:01:42','2015-04-27 03:01:42'),(16,1,'2015-04-27 03:01:43','2015-04-27 03:01:43'),(17,1,'2015-04-27 03:01:43','2015-04-27 03:01:43'),(18,1,'2015-04-27 03:02:01','2015-04-27 03:02:01'),(19,1,'2015-04-27 03:02:01','2015-04-27 03:02:01'),(20,1,'2015-04-27 03:02:02','2015-04-27 03:02:02'),(21,1,'2015-04-27 03:02:02','2015-04-27 03:02:02'),(22,1,'2015-04-27 03:02:02','2015-04-27 03:02:02'),(23,1,'2015-04-27 03:02:03','2015-04-27 03:02:03'),(24,1,'2015-04-27 03:02:03','2015-04-27 03:02:03'),(25,1,'2015-04-27 03:02:03','2015-04-27 03:02:03'),(26,1,'2015-04-27 03:02:03','2015-04-27 03:02:03'),(27,1,'2015-04-27 03:02:03','2015-04-27 03:02:03'),(28,1,'2015-04-27 03:02:04','2015-04-27 03:02:04'),(29,1,'2015-04-27 03:02:04','2015-04-27 03:02:04'),(30,1,'2015-04-27 03:02:04','2015-04-27 03:02:04'),(31,1,'2015-04-27 03:02:04','2015-04-27 03:02:04'),(32,1,'2015-04-27 03:02:04','2015-04-27 03:02:04'),(33,1,'2015-04-27 03:02:05','2015-04-27 03:02:05'),(34,1,'2015-04-27 03:02:05','2015-04-27 03:02:05'),(35,1,'2015-04-27 03:02:05','2015-04-27 03:02:05'),(36,1,'2015-04-27 03:02:05','2015-04-27 03:02:05'),(37,1,'2015-04-27 03:02:06','2015-04-27 03:02:06'),(38,1,'2015-04-27 03:02:06','2015-04-27 03:02:06'),(39,1,'2015-04-27 03:02:06','2015-04-27 03:02:06'),(40,1,'2015-04-27 03:02:06','2015-04-27 03:02:06'),(41,1,'2015-04-27 03:02:07','2015-04-27 03:02:07'),(42,1,'2015-04-27 03:02:07','2015-04-27 03:02:07'),(43,1,'2015-04-27 03:02:07','2015-04-27 03:02:07'),(44,1,'2015-04-27 03:02:07','2015-04-27 03:02:07'),(45,1,'2015-04-27 03:02:08','2015-04-27 03:02:08'),(46,1,'2015-04-27 03:02:08','2015-04-27 03:02:08'),(47,1,'2015-04-27 03:02:08','2015-04-27 03:02:08'),(48,1,'2015-04-27 03:02:08','2015-04-27 03:02:08'),(49,1,'2015-04-27 03:02:08','2015-04-27 03:02:08'),(50,1,'2015-04-27 03:02:09','2015-04-27 03:02:09'),(51,1,'2015-04-27 03:02:09','2015-04-27 03:02:09'),(52,1,'2015-04-27 03:02:09','2015-04-27 03:02:09'),(53,1,'2015-04-27 03:02:10','2015-04-27 03:02:10'),(54,1,'2015-04-27 03:02:10','2015-04-27 03:02:10'),(55,1,'2015-04-27 03:02:10','2015-04-27 03:02:10'),(56,1,'2015-04-27 03:02:10','2015-04-27 03:02:10'),(57,1,'2015-04-27 03:02:11','2015-04-27 03:02:11'),(58,1,'2015-04-27 03:02:11','2015-04-27 03:02:11'),(59,1,'2015-04-27 03:02:11','2015-04-27 03:02:11'),(60,1,'2015-04-27 03:02:11','2015-04-27 03:02:11'),(61,1,'2015-04-27 03:02:11','2015-04-27 03:02:11'),(62,1,'2015-04-27 03:02:12','2015-04-27 03:02:12'),(63,1,'2015-04-27 03:02:12','2015-04-27 03:02:12'),(64,1,'2015-04-27 03:02:12','2015-04-27 03:02:12'),(65,1,'2015-04-27 03:02:13','2015-04-27 03:02:13'),(66,1,'2015-04-27 03:02:13','2015-04-27 03:02:13'),(67,1,'2015-04-27 03:02:13','2015-04-27 03:02:13'),(68,1,'2015-04-27 03:02:50','2015-04-27 03:02:50'),(69,1,'2015-04-27 03:02:51','2015-04-27 03:02:51'),(70,1,'2015-04-27 03:02:51','2015-04-27 03:02:51'),(71,1,'2015-04-27 03:02:51','2015-04-27 03:02:51'),(72,1,'2015-04-27 03:02:51','2015-04-27 03:02:51'),(73,1,'2015-04-27 03:02:52','2015-04-27 03:02:52'),(74,1,'2015-04-27 03:02:52','2015-04-27 03:02:52'),(75,1,'2015-04-27 03:02:52','2015-04-27 03:02:52'),(76,1,'2015-04-27 03:02:52','2015-04-27 03:02:52'),(77,1,'2015-04-27 03:02:53','2015-04-27 03:02:53'),(78,1,'2015-04-27 03:02:53','2015-04-27 03:02:53'),(79,1,'2015-04-27 03:02:53','2015-04-27 03:02:53'),(80,1,'2015-04-27 03:02:53','2015-04-27 03:02:53'),(81,1,'2015-04-27 03:02:53','2015-04-27 03:02:53'),(82,1,'2015-04-27 03:02:54','2015-04-27 03:02:54'),(83,1,'2015-04-27 03:02:54','2015-04-27 03:02:54'),(84,1,'2015-04-27 03:02:54','2015-04-27 03:02:54'),(85,1,'2015-04-27 03:02:54','2015-04-27 03:02:54'),(86,1,'2015-04-27 03:02:55','2015-04-27 03:02:55'),(87,1,'2015-04-27 03:02:55','2015-04-27 03:02:55'),(88,1,'2015-04-27 03:02:55','2015-04-27 03:02:55'),(89,1,'2015-04-27 03:02:55','2015-04-27 03:02:55'),(90,1,'2015-04-27 03:02:56','2015-04-27 03:02:56'),(91,1,'2015-04-27 03:02:56','2015-04-27 03:02:56'),(92,1,'2015-04-27 03:02:56','2015-04-27 03:02:56'),(93,1,'2015-04-27 03:02:56','2015-04-27 03:02:56'),(94,1,'2015-04-27 03:02:57','2015-04-27 03:02:57'),(95,1,'2015-04-27 03:02:57','2015-04-27 03:02:57'),(96,1,'2015-04-27 03:02:57','2015-04-27 03:02:57'),(97,1,'2015-04-27 03:02:58','2015-04-27 03:02:58'),(98,1,'2015-04-27 03:02:58','2015-04-27 03:02:58'),(99,1,'2015-04-27 03:02:58','2015-04-27 03:02:58'),(100,1,'2015-04-27 03:02:59','2015-04-27 03:02:59'),(101,1,'2015-04-27 03:02:59','2015-04-27 03:02:59'),(102,1,'2015-04-27 03:02:59','2015-04-27 03:02:59'),(103,1,'2015-04-27 03:02:59','2015-04-27 03:02:59'),(104,1,'2015-04-27 03:02:59','2015-04-27 03:02:59'),(105,1,'2015-04-27 03:03:00','2015-04-27 03:03:00'),(106,1,'2015-04-27 03:03:00','2015-04-27 03:03:00'),(107,1,'2015-04-27 03:03:00','2015-04-27 03:03:00'),(108,1,'2015-04-27 03:03:00','2015-04-27 03:03:00'),(109,1,'2015-04-27 03:03:01','2015-04-27 03:03:01'),(110,1,'2015-04-27 03:03:01','2015-04-27 03:03:01'),(111,1,'2015-04-27 03:03:01','2015-04-27 03:03:01'),(112,1,'2015-04-27 03:03:01','2015-04-27 03:03:01'),(113,1,'2015-04-27 03:03:02','2015-04-27 03:03:02'),(114,1,'2015-04-27 03:03:02','2015-04-27 03:03:02'),(115,1,'2015-04-27 03:03:02','2015-04-27 03:03:02'),(116,1,'2015-04-27 03:03:02','2015-04-27 03:03:02'),(117,1,'2015-04-27 03:03:03','2015-04-27 03:03:03'),(118,1,'2015-04-27 03:03:03','2015-04-27 03:03:03'),(119,1,'2015-04-27 03:03:03','2015-04-27 03:03:03'),(120,1,'2015-04-27 03:03:03','2015-04-27 03:03:03'),(121,1,'2015-04-27 03:03:03','2015-04-27 03:03:03'),(122,1,'2015-04-27 03:03:04','2015-04-27 03:03:04'),(123,1,'2015-04-27 03:03:04','2015-04-27 03:03:04'),(124,1,'2015-04-27 03:03:04','2015-04-27 03:03:04'),(125,1,'2015-04-27 03:03:05','2015-04-27 03:03:05'),(126,1,'2015-04-27 03:03:05','2015-04-27 03:03:05'),(127,1,'2015-04-27 03:03:05','2015-04-27 03:03:05'),(128,1,'2015-04-27 03:03:05','2015-04-27 03:03:05'),(129,1,'2015-04-27 03:03:06','2015-04-27 03:03:06'),(130,1,'2015-04-27 03:03:06','2015-04-27 03:03:06'),(131,1,'2015-04-27 03:03:06','2015-04-27 03:03:06'),(132,1,'2015-04-27 03:03:07','2015-04-27 03:03:07'),(133,1,'2015-04-27 03:03:07','2015-04-27 03:03:07'),(134,1,'2015-04-27 03:03:07','2015-04-27 03:03:07'),(135,1,'2015-04-27 03:03:07','2015-04-27 03:03:07'),(136,1,'2015-04-27 03:03:08','2015-04-27 03:03:08'),(137,1,'2015-04-27 03:03:08','2015-04-27 03:03:08'),(138,1,'2015-04-27 03:03:08','2015-04-27 03:03:08'),(139,1,'2015-04-27 03:03:08','2015-04-27 03:03:08'),(140,1,'2015-04-27 03:03:09','2015-04-27 03:03:09'),(141,1,'2015-04-27 03:03:09','2015-04-27 03:03:09'),(142,1,'2015-04-27 03:03:09','2015-04-27 03:03:09'),(143,1,'2015-04-27 03:03:10','2015-04-27 03:03:10'),(144,1,'2015-04-27 03:03:10','2015-04-27 03:03:10'),(145,1,'2015-04-27 03:03:11','2015-04-27 03:03:11'),(146,1,'2015-04-27 03:03:11','2015-04-27 03:03:11'),(147,1,'2015-04-27 03:03:12','2015-04-27 03:03:12'),(148,1,'2015-04-27 03:03:12','2015-04-27 03:03:12'),(149,1,'2015-04-27 03:03:13','2015-04-27 03:03:13'),(150,1,'2015-04-27 03:03:13','2015-04-27 03:03:13'),(151,1,'2015-04-27 03:03:14','2015-04-27 03:03:14'),(152,1,'2015-04-27 03:03:14','2015-04-27 03:03:14'),(153,1,'2015-04-27 03:03:14','2015-04-27 03:03:14'),(154,1,'2015-04-27 03:03:15','2015-04-27 03:03:15'),(155,1,'2015-04-27 03:03:15','2015-04-27 03:03:15'),(156,1,'2015-04-27 03:03:16','2015-04-27 03:03:16'),(157,1,'2015-04-27 03:03:16','2015-04-27 03:03:16'),(158,1,'2015-04-27 03:03:17','2015-04-27 03:03:17'),(159,1,'2015-04-27 03:03:17','2015-04-27 03:03:17'),(160,1,'2015-04-27 03:03:18','2015-04-27 03:03:18'),(161,1,'2015-04-27 03:03:18','2015-04-27 03:03:18'),(162,1,'2015-04-27 03:03:19','2015-04-27 03:03:19'),(163,1,'2015-04-27 03:03:19','2015-04-27 03:03:19'),(164,1,'2015-04-27 03:03:20','2015-04-27 03:03:20'),(165,1,'2015-04-27 03:03:21','2015-04-27 03:03:21'),(166,1,'2015-04-27 03:03:21','2015-04-27 03:03:21'),(167,1,'2015-04-27 03:03:22','2015-04-27 03:03:22'),(168,1,'2015-04-27 03:03:22','2015-04-27 03:03:22'),(169,1,'2015-04-27 03:03:23','2015-04-27 03:03:23'),(170,1,'2015-04-27 03:03:23','2015-04-27 03:03:23'),(171,1,'2015-04-27 03:03:23','2015-04-27 03:03:23'),(172,1,'2015-04-27 03:03:23','2015-04-27 03:03:23'),(173,1,'2015-04-27 03:03:24','2015-04-27 03:03:24'),(174,1,'2015-04-27 03:03:24','2015-04-27 03:03:24'),(175,1,'2015-04-27 03:03:24','2015-04-27 03:03:24'),(176,1,'2015-04-27 03:03:24','2015-04-27 03:03:24'),(177,1,'2015-04-27 03:03:25','2015-04-27 03:03:25'),(178,1,'2015-04-27 03:03:25','2015-04-27 03:03:25'),(179,1,'2015-04-27 03:03:25','2015-04-27 03:03:25'),(180,1,'2015-04-27 03:03:26','2015-04-27 03:03:26'),(181,1,'2015-04-27 03:03:26','2015-04-27 03:03:26'),(182,1,'2015-04-27 03:03:26','2015-04-27 03:03:26'),(183,1,'2015-04-27 03:03:26','2015-04-27 03:03:26'),(184,1,'2015-04-27 03:03:27','2015-04-27 03:03:27'),(185,1,'2015-04-27 03:03:27','2015-04-27 03:03:27'),(186,1,'2015-04-27 03:03:28','2015-04-27 03:03:28'),(187,1,'2015-04-27 03:03:28','2015-04-27 03:03:28'),(188,1,'2015-04-27 03:03:28','2015-04-27 03:03:28'),(189,1,'2015-04-27 03:03:28','2015-04-27 03:03:28'),(190,1,'2015-04-27 03:03:29','2015-04-27 03:03:29'),(191,1,'2015-04-27 03:03:29','2015-04-27 03:03:29'),(192,1,'2015-04-27 03:03:29','2015-04-27 03:03:29'),(193,1,'2015-04-27 03:03:30','2015-04-27 03:03:30'),(194,1,'2015-04-27 03:03:30','2015-04-27 03:03:30'),(195,1,'2015-04-27 03:03:30','2015-04-27 03:03:30'),(196,1,'2015-04-27 03:03:31','2015-04-27 03:03:31'),(197,1,'2015-04-27 03:03:31','2015-04-27 03:03:31'),(198,1,'2015-04-27 03:03:31','2015-04-27 03:03:31'),(199,1,'2015-04-27 03:03:31','2015-04-27 03:03:31'),(200,1,'2015-04-27 03:03:32','2015-04-27 03:03:32'),(201,1,'2015-04-27 03:03:32','2015-04-27 03:03:32'),(202,1,'2015-04-27 03:03:32','2015-04-27 03:03:32'),(203,1,'2015-04-27 03:03:32','2015-04-27 03:03:32'),(204,1,'2015-04-27 03:03:33','2015-04-27 03:03:33'),(205,1,'2015-04-27 03:03:33','2015-04-27 03:03:33'),(206,1,'2015-04-27 03:03:33','2015-04-27 03:03:33'),(207,1,'2015-04-27 03:03:34','2015-04-27 03:03:34'),(208,1,'2015-04-27 03:03:34','2015-04-27 03:03:34'),(209,1,'2015-04-27 03:03:34','2015-04-27 03:03:34'),(210,1,'2015-04-27 03:03:35','2015-04-27 03:03:35'),(211,1,'2015-04-27 03:03:35','2015-04-27 03:03:35'),(212,1,'2015-04-27 03:03:35','2015-04-27 03:03:35'),(213,1,'2015-04-27 03:03:35','2015-04-27 03:03:35'),(214,1,'2015-04-27 03:03:36','2015-04-27 03:03:36'),(215,1,'2015-04-27 03:03:36','2015-04-27 03:03:36'),(216,1,'2015-04-27 03:03:36','2015-04-27 03:03:36'),(217,1,'2015-04-27 03:03:37','2015-04-27 03:03:37'),(218,1,'2015-04-27 03:03:37','2015-04-27 03:03:37'),(219,1,'2015-04-27 03:03:37','2015-04-27 03:03:37'),(220,1,'2015-04-27 03:03:38','2015-04-27 03:03:38'),(221,1,'2015-04-27 03:03:38','2015-04-27 03:03:38'),(222,1,'2015-04-27 03:03:39','2015-04-27 03:03:39'),(223,1,'2015-04-27 03:03:39','2015-04-27 03:03:39'),(224,1,'2015-04-27 03:03:39','2015-04-27 03:03:39'),(225,1,'2015-04-27 03:03:40','2015-04-27 03:03:40'),(226,1,'2015-04-27 03:03:40','2015-04-27 03:03:40'),(227,1,'2015-04-27 03:03:41','2015-04-27 03:03:41'),(228,1,'2015-04-27 03:03:41','2015-04-27 03:03:41'),(229,1,'2015-04-27 03:03:42','2015-04-27 03:03:42'),(230,1,'2015-04-27 03:03:42','2015-04-27 03:03:42'),(231,1,'2015-04-27 03:03:43','2015-04-27 03:03:43'),(232,1,'2015-04-27 03:03:43','2015-04-27 03:03:43'),(233,1,'2015-04-27 03:03:44','2015-04-27 03:03:44'),(234,1,'2015-04-27 03:03:44','2015-04-27 03:03:44'),(235,1,'2015-04-27 03:03:45','2015-04-27 03:03:45'),(236,1,'2015-04-27 03:03:45','2015-04-27 03:03:45'),(237,1,'2015-04-27 03:03:45','2015-04-27 03:03:45'),(238,1,'2015-04-27 03:03:46','2015-04-27 03:03:46'),(239,1,'2015-04-27 03:03:46','2015-04-27 03:03:46'),(240,1,'2015-04-27 03:03:47','2015-04-27 03:03:47'),(241,1,'2015-04-27 03:03:47','2015-04-27 03:03:47'),(242,1,'2015-04-27 03:03:48','2015-04-27 03:03:48'),(243,1,'2015-04-27 03:03:48','2015-04-27 03:03:48'),(244,1,'2015-04-27 03:03:49','2015-04-27 03:03:49'),(245,1,'2015-04-27 03:03:49','2015-04-27 03:03:49'),(246,1,'2015-04-27 03:03:50','2015-04-27 03:03:50'),(247,1,'2015-04-27 03:03:50','2015-04-27 03:03:50'),(248,1,'2015-04-27 03:03:51','2015-04-27 03:03:51'),(249,1,'2015-04-27 03:03:51','2015-04-27 03:03:51'),(250,1,'2015-04-27 03:03:52','2015-04-27 03:03:52'),(251,1,'2015-04-27 03:03:52','2015-04-27 03:03:52'),(252,1,'2015-04-27 03:03:52','2015-04-27 03:03:52'),(253,1,'2015-04-27 03:03:53','2015-04-27 03:03:53'),(254,1,'2015-04-27 03:03:53','2015-04-27 03:03:53'),(255,1,'2015-04-27 03:03:53','2015-04-27 03:03:53'),(256,1,'2015-04-27 03:03:54','2015-04-27 03:03:54'),(257,1,'2015-04-27 03:03:55','2015-04-27 03:03:55'),(258,1,'2015-04-27 03:03:55','2015-04-27 03:03:55'),(259,1,'2015-04-27 03:03:55','2015-04-27 03:03:55'),(260,1,'2015-04-27 03:03:56','2015-04-27 03:03:56'),(261,1,'2015-04-27 03:03:56','2015-04-27 03:03:56'),(262,1,'2015-04-27 03:03:56','2015-04-27 03:03:56'),(263,1,'2015-04-27 03:03:57','2015-04-27 03:03:57'),(264,1,'2015-04-27 03:03:57','2015-04-27 03:03:57'),(265,1,'2015-04-27 03:03:57','2015-04-27 03:03:57'),(266,1,'2015-04-27 03:03:57','2015-04-27 03:03:57'),(267,1,'2015-04-27 03:03:58','2015-04-27 03:03:58'),(268,1,'2015-04-27 03:03:58','2015-04-27 03:03:58'),(269,1,'2015-04-27 03:03:58','2015-04-27 03:03:58'),(270,1,'2015-04-27 03:03:59','2015-04-27 03:03:59'),(271,1,'2015-04-27 03:03:59','2015-04-27 03:03:59'),(272,1,'2015-04-27 03:03:59','2015-04-27 03:03:59'),(273,1,'2015-04-27 03:04:00','2015-04-27 03:04:00'),(274,1,'2015-04-27 03:04:00','2015-04-27 03:04:00'),(275,1,'2015-04-27 03:04:01','2015-04-27 03:04:01'),(276,1,'2015-04-27 03:04:01','2015-04-27 03:04:01'),(277,1,'2015-04-27 03:04:01','2015-04-27 03:04:01'),(278,1,'2015-04-27 03:04:01','2015-04-27 03:04:01'),(279,1,'2015-04-27 03:04:02','2015-04-27 03:04:02'),(280,1,'2015-04-27 03:04:02','2015-04-27 03:04:02'),(281,1,'2015-04-27 03:04:03','2015-04-27 03:04:03'),(282,1,'2015-04-27 03:04:03','2015-04-27 03:04:03'),(283,1,'2015-04-27 03:04:04','2015-04-27 03:04:04'),(284,1,'2015-04-27 03:04:04','2015-04-27 03:04:04'),(285,1,'2015-04-27 03:04:05','2015-04-27 03:04:05'),(286,1,'2015-04-27 03:04:05','2015-04-27 03:04:05'),(287,1,'2015-04-27 03:04:06','2015-04-27 03:04:06'),(288,1,'2015-04-27 03:04:06','2015-04-27 03:04:06'),(289,1,'2015-04-27 03:04:07','2015-04-27 03:04:07'),(290,1,'2015-04-27 03:04:07','2015-04-27 03:04:07'),(291,1,'2015-04-27 03:04:08','2015-04-27 03:04:08'),(292,1,'2015-04-27 03:04:08','2015-04-27 03:04:08'),(293,1,'2015-04-27 03:04:09','2015-04-27 03:04:09'),(294,1,'2015-04-27 03:04:09','2015-04-27 03:04:09'),(295,1,'2015-04-27 03:04:10','2015-04-27 03:04:10'),(296,1,'2015-04-27 03:04:10','2015-04-27 03:04:10'),(297,1,'2015-04-27 03:04:11','2015-04-27 03:04:11'),(298,1,'2015-04-27 03:04:11','2015-04-27 03:04:11'),(299,1,'2015-04-27 03:04:12','2015-04-27 03:04:12'),(300,1,'2015-04-27 03:04:12','2015-04-27 03:04:12'),(301,1,'2015-04-27 03:04:12','2015-04-27 03:04:12'),(302,1,'2015-04-27 03:04:13','2015-04-27 03:04:13'),(303,1,'2015-04-27 03:04:13','2015-04-27 03:04:13'),(304,1,'2015-04-27 03:04:13','2015-04-27 03:04:13'),(305,1,'2015-04-27 03:04:14','2015-04-27 03:04:14'),(306,1,'2015-04-27 03:04:14','2015-04-27 03:04:14'),(307,1,'2015-04-27 03:04:14','2015-04-27 03:04:14'),(308,1,'2015-04-27 03:04:14','2015-04-27 03:04:14'),(309,1,'2015-04-27 03:04:15','2015-04-27 03:04:15'),(310,1,'2015-04-27 03:04:15','2015-04-27 03:04:15'),(311,1,'2015-04-27 03:04:16','2015-04-27 03:04:16'),(312,1,'2015-04-27 03:04:16','2015-04-27 03:04:16'),(313,1,'2015-04-27 03:04:17','2015-04-27 03:04:17'),(314,1,'2015-04-27 03:04:17','2015-04-27 03:04:17'),(315,1,'2015-04-27 03:04:18','2015-04-27 03:04:18'),(316,1,'2015-04-27 03:04:18','2015-04-27 03:04:18'),(317,1,'2015-04-27 03:04:19','2015-04-27 03:04:19'),(318,1,'2015-04-27 03:04:20','2015-04-27 03:04:20'),(319,1,'2015-04-27 03:04:20','2015-04-27 03:04:20'),(320,1,'2015-04-27 03:04:20','2015-04-27 03:04:20'),(321,1,'2015-04-27 03:04:20','2015-04-27 03:04:20'),(322,1,'2015-04-27 03:04:21','2015-04-27 03:04:21'),(323,1,'2015-04-27 03:04:21','2015-04-27 03:04:21'),(324,1,'2015-04-27 03:04:21','2015-04-27 03:04:21'),(325,1,'2015-04-27 03:04:22','2015-04-27 03:04:22'),(326,1,'2015-04-27 03:04:22','2015-04-27 03:04:22'),(327,1,'2015-04-27 03:04:22','2015-04-27 03:04:22'),(328,1,'2015-04-27 03:04:23','2015-04-27 03:04:23'),(329,1,'2015-04-27 03:04:23','2015-04-27 03:04:23'),(330,1,'2015-04-27 03:04:24','2015-04-27 03:04:24'),(331,1,'2015-04-27 03:04:24','2015-04-27 03:04:24'),(332,1,'2015-04-27 03:04:25','2015-04-27 03:04:25'),(333,1,'2015-04-27 03:04:25','2015-04-27 03:04:25'),(334,1,'2015-04-27 03:04:26','2015-04-27 03:04:26'),(335,1,'2015-04-27 03:04:26','2015-04-27 03:04:26'),(336,1,'2015-04-27 03:04:27','2015-04-27 03:04:27'),(337,1,'2015-04-27 03:04:27','2015-04-27 03:04:27'),(338,1,'2015-04-27 03:04:28','2015-04-27 03:04:28'),(339,1,'2015-04-27 03:04:28','2015-04-27 03:04:28'),(340,1,'2015-04-27 03:04:29','2015-04-27 03:04:29'),(341,1,'2015-04-27 03:04:29','2015-04-27 03:04:29'),(342,1,'2015-04-27 03:04:30','2015-04-27 03:04:30'),(343,1,'2015-04-27 03:04:30','2015-04-27 03:04:30'),(344,1,'2015-04-27 03:04:30','2015-04-27 03:04:30'),(345,1,'2015-04-27 03:04:31','2015-04-27 03:04:31'),(346,1,'2015-04-27 03:04:31','2015-04-27 03:04:31'),(347,1,'2015-04-27 03:04:32','2015-04-27 03:04:32'),(348,1,'2015-04-27 03:04:32','2015-04-27 03:04:32'),(349,1,'2015-04-27 03:04:33','2015-04-27 03:04:33'),(350,1,'2015-04-27 03:04:33','2015-04-27 03:04:33'),(351,1,'2015-04-27 03:04:33','2015-04-27 03:04:33'),(352,1,'2015-04-27 03:04:34','2015-04-27 03:04:34'),(353,1,'2015-04-27 03:04:34','2015-04-27 03:04:34'),(354,1,'2015-04-27 03:04:35','2015-04-27 03:04:35'),(355,1,'2015-04-27 03:04:36','2015-04-27 03:04:36'),(356,1,'2015-04-27 03:04:36','2015-04-27 03:04:36'),(357,1,'2015-04-27 03:04:37','2015-04-27 03:04:37'),(358,1,'2015-04-27 03:04:37','2015-04-27 03:04:37'),(359,1,'2015-04-27 03:04:38','2015-04-27 03:04:38'),(360,1,'2015-04-27 03:04:38','2015-04-27 03:04:38'),(361,1,'2015-04-27 03:04:38','2015-04-27 03:04:38'),(362,1,'2015-04-27 03:04:39','2015-04-27 03:04:39'),(363,1,'2015-04-27 03:04:39','2015-04-27 03:04:39'),(364,1,'2015-04-27 03:04:39','2015-04-27 03:04:39'),(365,1,'2015-04-27 03:04:40','2015-04-27 03:04:40'),(366,1,'2015-04-27 03:04:40','2015-04-27 03:04:40'),(367,1,'2015-04-27 03:04:40','2015-04-27 03:04:40'),(368,1,'2015-04-27 03:04:41','2015-04-27 03:04:41'),(369,1,'2015-04-27 03:04:41','2015-04-27 03:04:41'),(370,1,'2015-04-27 03:04:42','2015-04-27 03:04:42'),(371,1,'2015-04-27 03:04:42','2015-04-27 03:04:42'),(372,1,'2015-04-27 03:04:43','2015-04-27 03:04:43'),(373,1,'2015-04-27 03:04:43','2015-04-27 03:04:43'),(374,1,'2015-04-27 03:04:44','2015-04-27 03:04:44'),(375,1,'2015-04-27 03:04:44','2015-04-27 03:04:44'),(376,1,'2015-04-27 03:04:45','2015-04-27 03:04:45'),(377,1,'2015-04-27 03:04:45','2015-04-27 03:04:45'),(378,1,'2015-04-27 03:04:46','2015-04-27 03:04:46'),(379,1,'2015-04-27 03:04:46','2015-04-27 03:04:46'),(380,1,'2015-04-27 03:04:46','2015-04-27 03:04:46'),(381,1,'2015-04-27 03:04:46','2015-04-27 03:04:46'),(382,1,'2015-04-27 03:04:47','2015-04-27 03:04:47'),(383,1,'2015-04-27 03:04:47','2015-04-27 03:04:47'),(384,1,'2015-04-27 03:04:47','2015-04-27 03:04:47'),(385,1,'2015-04-27 03:04:47','2015-04-27 03:04:47'),(386,1,'2015-04-27 03:04:48','2015-04-27 03:04:48'),(387,1,'2015-04-27 03:04:48','2015-04-27 03:04:48'),(388,1,'2015-04-27 03:04:48','2015-04-27 03:04:48'),(389,1,'2015-04-27 03:04:49','2015-04-27 03:04:49'),(390,1,'2015-04-27 03:04:49','2015-04-27 03:04:49'),(391,1,'2015-04-27 03:04:49','2015-04-27 03:04:49'),(392,1,'2015-04-27 03:04:50','2015-04-27 03:04:50'),(393,1,'2015-04-27 03:04:50','2015-04-27 03:04:50'),(394,1,'2015-04-27 03:04:50','2015-04-27 03:04:50'),(395,1,'2015-04-27 03:04:51','2015-04-27 03:04:51'),(396,1,'2015-04-27 03:04:51','2015-04-27 03:04:51'),(397,1,'2015-04-27 03:04:52','2015-04-27 03:04:52'),(398,1,'2015-04-27 03:04:52','2015-04-27 03:04:52'),(399,1,'2015-04-27 03:04:53','2015-04-27 03:04:53'),(400,1,'2015-04-27 03:04:53','2015-04-27 03:04:53'),(401,1,'2015-04-27 03:04:53','2015-04-27 03:04:53'),(402,1,'2015-04-27 03:04:54','2015-04-27 03:04:54'),(403,1,'2015-04-27 03:04:54','2015-04-27 03:04:54'),(404,1,'2015-04-27 03:04:55','2015-04-27 03:04:55'),(405,1,'2015-04-27 03:04:55','2015-04-27 03:04:55'),(406,1,'2015-04-27 03:04:56','2015-04-27 03:04:56'),(407,1,'2015-04-27 03:04:56','2015-04-27 03:04:56'),(408,1,'2015-04-27 03:04:57','2015-04-27 03:04:57'),(409,1,'2015-04-27 03:04:57','2015-04-27 03:04:57'),(410,1,'2015-04-27 03:04:58','2015-04-27 03:04:58'),(411,1,'2015-04-27 03:04:58','2015-04-27 03:04:58'),(412,1,'2015-04-27 03:04:59','2015-04-27 03:04:59'),(413,1,'2015-04-27 03:04:59','2015-04-27 03:04:59'),(414,1,'2015-04-27 03:05:00','2015-04-27 03:05:00'),(415,1,'2015-04-27 03:05:00','2015-04-27 03:05:00'),(416,1,'2015-04-27 03:05:01','2015-04-27 03:05:01'),(417,1,'2015-04-27 03:05:01','2015-04-27 03:05:01'),(418,1,'2015-04-27 03:05:02','2015-04-27 03:05:02'),(419,1,'2015-04-27 03:05:02','2015-04-27 03:05:02'),(420,1,'2015-04-27 03:05:03','2015-04-27 03:05:03'),(421,1,'2015-04-27 03:05:03','2015-04-27 03:05:03'),(422,1,'2015-04-27 03:05:04','2015-04-27 03:05:04'),(423,1,'2015-04-27 03:05:04','2015-04-27 03:05:04'),(424,1,'2015-04-27 03:05:04','2015-04-27 03:05:04'),(425,1,'2015-04-27 03:05:05','2015-04-27 03:05:05'),(426,1,'2015-04-27 03:05:05','2015-04-27 03:05:05'),(427,1,'2015-04-27 03:05:05','2015-04-27 03:05:05'),(428,1,'2015-04-27 03:05:06','2015-04-27 03:05:06'),(429,1,'2015-04-27 03:05:06','2015-04-27 03:05:06'),(430,1,'2015-04-27 03:05:06','2015-04-27 03:05:06'),(431,1,'2015-04-27 03:05:07','2015-04-27 03:05:07'),(432,1,'2015-04-27 03:05:07','2015-04-27 03:05:07'),(433,1,'2015-04-27 03:05:07','2015-04-27 03:05:07'),(434,1,'2015-04-27 03:05:07','2015-04-27 03:05:07'),(435,1,'2015-04-27 03:05:08','2015-04-27 03:05:08'),(436,1,'2015-04-27 03:05:08','2015-04-27 03:05:08'),(437,1,'2015-04-27 03:05:08','2015-04-27 03:05:08'),(438,1,'2015-04-27 03:05:09','2015-04-27 03:05:09'),(439,1,'2015-04-27 03:05:09','2015-04-27 03:05:09'),(440,1,'2015-04-27 03:05:10','2015-04-27 03:05:10'),(441,1,'2015-04-27 03:05:11','2015-04-27 03:05:11'),(442,1,'2015-04-27 03:05:11','2015-04-27 03:05:11'),(443,1,'2015-04-27 03:05:12','2015-04-27 03:05:12'),(444,1,'2015-04-27 03:05:12','2015-04-27 03:05:12'),(445,1,'2015-04-27 03:05:12','2015-04-27 03:05:12'),(446,1,'2015-04-27 03:05:13','2015-04-27 03:05:13'),(447,1,'2015-04-27 03:05:13','2015-04-27 03:05:13'),(448,1,'2015-04-27 03:05:14','2015-04-27 03:05:14'),(449,1,'2015-04-27 03:05:14','2015-04-27 03:05:14'),(450,1,'2015-04-27 03:05:14','2015-04-27 03:05:14'),(451,1,'2015-04-27 03:05:15','2015-04-27 03:05:15'),(452,1,'2015-04-27 03:05:16','2015-04-27 03:05:16'),(453,1,'2015-04-27 03:05:16','2015-04-27 03:05:16'),(454,1,'2015-04-27 03:05:16','2015-04-27 03:05:16'),(455,1,'2015-04-27 03:05:17','2015-04-27 03:05:17'),(456,1,'2015-04-27 03:05:17','2015-04-27 03:05:17'),(457,1,'2015-04-27 03:05:18','2015-04-27 03:05:18'),(458,1,'2015-04-27 03:05:18','2015-04-27 03:05:18'),(459,1,'2015-04-27 03:05:19','2015-04-27 03:05:19'),(460,1,'2015-04-27 03:05:19','2015-04-27 03:05:19'),(461,1,'2015-04-27 03:05:20','2015-04-27 03:05:20'),(462,1,'2015-04-27 03:05:20','2015-04-27 03:05:20'),(463,1,'2015-04-27 03:05:20','2015-04-27 03:05:20'),(464,1,'2015-04-27 03:05:21','2015-04-27 03:05:21'),(465,1,'2015-04-27 03:05:21','2015-04-27 03:05:21'),(466,1,'2015-04-27 03:05:22','2015-04-27 03:05:22'),(467,1,'2015-04-27 03:05:22','2015-04-27 03:05:22'),(468,1,'2015-04-27 03:05:22','2015-04-27 03:05:22'),(469,1,'2015-04-27 03:05:23','2015-04-27 03:05:23'),(470,1,'2015-04-27 03:05:23','2015-04-27 03:05:23'),(471,1,'2015-04-27 03:05:24','2015-04-27 03:05:24'),(472,1,'2015-04-27 03:05:24','2015-04-27 03:05:24'),(473,1,'2015-04-27 03:05:25','2015-04-27 03:05:25'),(474,1,'2015-04-27 03:05:25','2015-04-27 03:05:25'),(475,1,'2015-04-27 03:05:26','2015-04-27 03:05:26'),(476,1,'2015-04-27 03:05:26','2015-04-27 03:05:26'),(477,1,'2015-04-27 03:05:27','2015-04-27 03:05:27'),(478,1,'2015-04-27 03:05:27','2015-04-27 03:05:27'),(479,1,'2015-04-27 03:05:27','2015-04-27 03:05:27'),(480,1,'2015-04-27 03:05:28','2015-04-27 03:05:28'),(481,1,'2015-04-27 03:05:28','2015-04-27 03:05:28'),(482,1,'2015-04-27 03:05:29','2015-04-27 03:05:29'),(483,1,'2015-04-27 03:05:29','2015-04-27 03:05:29'),(484,1,'2015-04-27 03:05:30','2015-04-27 03:05:30'),(485,1,'2015-04-27 03:05:30','2015-04-27 03:05:30'),(486,1,'2015-04-27 03:05:30','2015-04-27 03:05:30'),(487,1,'2015-04-27 03:05:31','2015-04-27 03:05:31'),(488,1,'2015-04-27 03:05:31','2015-04-27 03:05:31'),(489,1,'2015-04-27 03:05:32','2015-04-27 03:05:32'),(490,1,'2015-04-27 03:05:32','2015-04-27 03:05:32'),(491,1,'2015-04-27 03:05:32','2015-04-27 03:05:32'),(492,1,'2015-04-27 03:05:33','2015-04-27 03:05:33'),(493,1,'2015-04-27 03:05:33','2015-04-27 03:05:33'),(494,1,'2015-04-27 03:05:34','2015-04-27 03:05:34'),(495,1,'2015-04-27 03:05:35','2015-04-27 03:05:35'),(496,1,'2015-04-27 03:05:35','2015-04-27 03:05:35'),(497,1,'2015-04-27 03:05:36','2015-04-27 03:05:36'),(498,1,'2015-04-27 03:05:36','2015-04-27 03:05:36'),(499,1,'2015-04-27 03:05:37','2015-04-27 03:05:37'),(500,1,'2015-04-27 03:05:37','2015-04-27 03:05:37'),(501,1,'2015-04-27 03:05:37','2015-04-27 03:05:37'),(502,1,'2015-04-27 03:05:38','2015-04-27 03:05:38'),(503,1,'2015-04-27 03:05:38','2015-04-27 03:05:38'),(504,1,'2015-04-27 03:05:39','2015-04-27 03:05:39'),(505,1,'2015-04-27 03:05:39','2015-04-27 03:05:39'),(506,1,'2015-04-27 03:05:40','2015-04-27 03:05:40'),(507,1,'2015-04-27 03:05:40','2015-04-27 03:05:40'),(508,1,'2015-04-27 03:05:41','2015-04-27 03:05:41'),(509,1,'2015-04-27 03:05:41','2015-04-27 03:05:41'),(510,1,'2015-04-27 03:05:42','2015-04-27 03:05:42'),(511,1,'2015-04-27 03:05:42','2015-04-27 03:05:42'),(512,1,'2015-04-27 03:05:43','2015-04-27 03:05:43'),(513,1,'2015-04-27 03:05:43','2015-04-27 03:05:43'),(514,1,'2015-04-27 03:05:44','2015-04-27 03:05:44'),(515,1,'2015-04-27 03:05:44','2015-04-27 03:05:44'),(516,1,'2015-04-27 03:05:45','2015-04-27 03:05:45'),(517,1,'2015-04-27 03:05:45','2015-04-27 03:05:45'),(518,1,'2015-04-27 03:05:45','2015-04-27 03:05:45'),(519,1,'2015-04-27 03:05:46','2015-04-27 03:05:46'),(520,1,'2015-04-27 03:05:46','2015-04-27 03:05:46'),(521,1,'2015-04-27 03:05:47','2015-04-27 03:05:47'),(522,1,'2015-04-27 03:05:47','2015-04-27 03:05:47'),(523,1,'2015-04-27 03:05:48','2015-04-27 03:05:48'),(524,1,'2015-04-27 03:05:48','2015-04-27 03:05:48'),(525,1,'2015-04-27 03:05:49','2015-04-27 03:05:49'),(526,1,'2015-04-27 03:05:49','2015-04-27 03:05:49'),(527,1,'2015-04-27 03:05:50','2015-04-27 03:05:50'),(528,1,'2015-04-27 03:05:50','2015-04-27 03:05:50'),(529,1,'2015-04-27 03:05:51','2015-04-27 03:05:51'),(530,1,'2015-04-27 03:05:51','2015-04-27 03:05:51'),(531,1,'2015-04-27 03:05:52','2015-04-27 03:05:52'),(532,1,'2015-04-27 03:05:53','2015-04-27 03:05:53'),(533,1,'2015-04-27 03:05:53','2015-04-27 03:05:53'),(534,1,'2015-04-27 03:05:53','2015-04-27 03:05:53'),(535,1,'2015-04-27 03:05:54','2015-04-27 03:05:54'),(536,1,'2015-04-27 03:05:54','2015-04-27 03:05:54'),(537,1,'2015-04-27 03:05:54','2015-04-27 03:05:54'),(538,1,'2015-04-27 03:05:54','2015-04-27 03:05:54'),(539,1,'2015-04-27 03:05:55','2015-04-27 03:05:55'),(540,1,'2015-04-27 03:05:55','2015-04-27 03:05:55'),(541,1,'2015-04-27 03:05:55','2015-04-27 03:05:55'),(542,1,'2015-04-27 03:05:55','2015-04-27 03:05:55'),(543,1,'2015-04-27 03:05:56','2015-04-27 03:05:56'),(544,1,'2015-04-27 03:05:56','2015-04-27 03:05:56'),(545,1,'2015-04-27 03:05:56','2015-04-27 03:05:56'),(546,1,'2015-04-27 03:05:57','2015-04-27 03:05:57'),(547,1,'2015-04-27 03:05:57','2015-04-27 03:05:57'),(548,1,'2015-04-27 03:05:57','2015-04-27 03:05:57');
/*!40000 ALTER TABLE `ems_participants_pgroups` ENABLE KEYS */;
UNLOCK TABLES;

--
-- Table structure for table `ems_participants_relations`
--

DROP TABLE IF EXISTS `ems_participants_relations`;
/*!40101 SET @saved_cs_client     = @@character_set_client */;
/*!40101 SET character_set_client = utf8 */;
CREATE TABLE `ems_participants_relations` (
  `parent_id` int(10) unsigned DEFAULT NULL,
  `child_id` int(10) unsigned DEFAULT NULL,
  `created_at` timestamp NOT NULL DEFAULT '0000-00-00 00:00:00',
  `updated_at` timestamp NOT NULL DEFAULT '0000-00-00 00:00:00',
  KEY `participants_relations_parent_id_index` (`parent_id`),
  KEY `participants_relations_child_id_index` (`child_id`),
  CONSTRAINT `participants_relations_child_id_foreign` FOREIGN KEY (`child_id`) REFERENCES `ems_participants` (`id`) ON DELETE CASCADE,
  CONSTRAINT `participants_relations_parent_id_foreign` FOREIGN KEY (`parent_id`) REFERENCES `ems_participants` (`id`) ON DELETE CASCADE
) ENGINE=InnoDB DEFAULT CHARSET=utf8 COLLATE=utf8_unicode_ci;
/*!40101 SET character_set_client = @saved_cs_client */;

--
-- Dumping data for table `ems_participants_relations`
--

LOCK TABLES `ems_participants_relations` WRITE;
/*!40000 ALTER TABLE `ems_participants_relations` DISABLE KEYS */;
INSERT INTO `ems_participants_relations` VALUES (13,18,'0000-00-00 00:00:00','0000-00-00 00:00:00'),(13,19,'0000-00-00 00:00:00','0000-00-00 00:00:00'),(13,20,'0000-00-00 00:00:00','0000-00-00 00:00:00'),(13,21,'0000-00-00 00:00:00','0000-00-00 00:00:00'),(13,22,'0000-00-00 00:00:00','0000-00-00 00:00:00'),(13,23,'0000-00-00 00:00:00','0000-00-00 00:00:00'),(16,24,'0000-00-00 00:00:00','0000-00-00 00:00:00'),(16,25,'0000-00-00 00:00:00','0000-00-00 00:00:00'),(15,26,'0000-00-00 00:00:00','0000-00-00 00:00:00'),(15,27,'0000-00-00 00:00:00','0000-00-00 00:00:00'),(15,28,'0000-00-00 00:00:00','0000-00-00 00:00:00'),(5,29,'0000-00-00 00:00:00','0000-00-00 00:00:00'),(1,30,'0000-00-00 00:00:00','0000-00-00 00:00:00'),(1,31,'0000-00-00 00:00:00','0000-00-00 00:00:00'),(2,32,'0000-00-00 00:00:00','0000-00-00 00:00:00'),(3,33,'0000-00-00 00:00:00','0000-00-00 00:00:00'),(12,34,'0000-00-00 00:00:00','0000-00-00 00:00:00'),(12,35,'0000-00-00 00:00:00','0000-00-00 00:00:00'),(12,36,'0000-00-00 00:00:00','0000-00-00 00:00:00'),(12,37,'0000-00-00 00:00:00','0000-00-00 00:00:00'),(10,38,'0000-00-00 00:00:00','0000-00-00 00:00:00'),(10,39,'0000-00-00 00:00:00','0000-00-00 00:00:00'),(10,40,'0000-00-00 00:00:00','0000-00-00 00:00:00'),(10,41,'0000-00-00 00:00:00','0000-00-00 00:00:00'),(10,42,'0000-00-00 00:00:00','0000-00-00 00:00:00'),(10,43,'0000-00-00 00:00:00','0000-00-00 00:00:00'),(4,44,'0000-00-00 00:00:00','0000-00-00 00:00:00'),(4,45,'0000-00-00 00:00:00','0000-00-00 00:00:00'),(10,46,'0000-00-00 00:00:00','0000-00-00 00:00:00'),(6,47,'0000-00-00 00:00:00','0000-00-00 00:00:00'),(6,48,'0000-00-00 00:00:00','0000-00-00 00:00:00'),(6,49,'0000-00-00 00:00:00','0000-00-00 00:00:00'),(11,50,'0000-00-00 00:00:00','0000-00-00 00:00:00'),(11,51,'0000-00-00 00:00:00','0000-00-00 00:00:00'),(11,52,'0000-00-00 00:00:00','0000-00-00 00:00:00'),(11,53,'0000-00-00 00:00:00','0000-00-00 00:00:00'),(11,54,'0000-00-00 00:00:00','0000-00-00 00:00:00'),(17,55,'0000-00-00 00:00:00','0000-00-00 00:00:00'),(17,56,'0000-00-00 00:00:00','0000-00-00 00:00:00'),(8,57,'0000-00-00 00:00:00','0000-00-00 00:00:00'),(7,58,'0000-00-00 00:00:00','0000-00-00 00:00:00'),(7,59,'0000-00-00 00:00:00','0000-00-00 00:00:00'),(14,60,'0000-00-00 00:00:00','0000-00-00 00:00:00'),(9,61,'0000-00-00 00:00:00','0000-00-00 00:00:00'),(9,62,'0000-00-00 00:00:00','0000-00-00 00:00:00'),(9,63,'0000-00-00 00:00:00','0000-00-00 00:00:00'),(9,64,'0000-00-00 00:00:00','0000-00-00 00:00:00'),(9,65,'0000-00-00 00:00:00','0000-00-00 00:00:00'),(9,66,'0000-00-00 00:00:00','0000-00-00 00:00:00'),(9,67,'0000-00-00 00:00:00','0000-00-00 00:00:00'),(13,68,'0000-00-00 00:00:00','0000-00-00 00:00:00'),(13,69,'0000-00-00 00:00:00','0000-00-00 00:00:00'),(13,70,'0000-00-00 00:00:00','0000-00-00 00:00:00'),(18,70,'0000-00-00 00:00:00','0000-00-00 00:00:00'),(13,71,'0000-00-00 00:00:00','0000-00-00 00:00:00'),(18,71,'0000-00-00 00:00:00','0000-00-00 00:00:00'),(13,72,'0000-00-00 00:00:00','0000-00-00 00:00:00'),(18,72,'0000-00-00 00:00:00','0000-00-00 00:00:00'),(13,73,'0000-00-00 00:00:00','0000-00-00 00:00:00'),(13,74,'0000-00-00 00:00:00','0000-00-00 00:00:00'),(13,75,'0000-00-00 00:00:00','0000-00-00 00:00:00'),(13,76,'0000-00-00 00:00:00','0000-00-00 00:00:00'),(13,77,'0000-00-00 00:00:00','0000-00-00 00:00:00'),(13,78,'0000-00-00 00:00:00','0000-00-00 00:00:00'),(13,79,'0000-00-00 00:00:00','0000-00-00 00:00:00'),(13,80,'0000-00-00 00:00:00','0000-00-00 00:00:00'),(13,81,'0000-00-00 00:00:00','0000-00-00 00:00:00'),(13,82,'0000-00-00 00:00:00','0000-00-00 00:00:00'),(13,83,'0000-00-00 00:00:00','0000-00-00 00:00:00'),(13,84,'0000-00-00 00:00:00','0000-00-00 00:00:00'),(13,85,'0000-00-00 00:00:00','0000-00-00 00:00:00'),(13,86,'0000-00-00 00:00:00','0000-00-00 00:00:00'),(13,87,'0000-00-00 00:00:00','0000-00-00 00:00:00'),(13,88,'0000-00-00 00:00:00','0000-00-00 00:00:00'),(13,89,'0000-00-00 00:00:00','0000-00-00 00:00:00'),(13,90,'0000-00-00 00:00:00','0000-00-00 00:00:00'),(13,91,'0000-00-00 00:00:00','0000-00-00 00:00:00'),(13,92,'0000-00-00 00:00:00','0000-00-00 00:00:00'),(19,92,'0000-00-00 00:00:00','0000-00-00 00:00:00'),(13,93,'0000-00-00 00:00:00','0000-00-00 00:00:00'),(19,93,'0000-00-00 00:00:00','0000-00-00 00:00:00'),(13,94,'0000-00-00 00:00:00','0000-00-00 00:00:00'),(19,94,'0000-00-00 00:00:00','0000-00-00 00:00:00'),(13,95,'0000-00-00 00:00:00','0000-00-00 00:00:00'),(20,95,'0000-00-00 00:00:00','0000-00-00 00:00:00'),(13,96,'0000-00-00 00:00:00','0000-00-00 00:00:00'),(20,96,'0000-00-00 00:00:00','0000-00-00 00:00:00'),(13,97,'0000-00-00 00:00:00','0000-00-00 00:00:00'),(20,97,'0000-00-00 00:00:00','0000-00-00 00:00:00'),(13,98,'0000-00-00 00:00:00','0000-00-00 00:00:00'),(20,98,'0000-00-00 00:00:00','0000-00-00 00:00:00'),(13,99,'0000-00-00 00:00:00','0000-00-00 00:00:00'),(20,99,'0000-00-00 00:00:00','0000-00-00 00:00:00'),(13,100,'0000-00-00 00:00:00','0000-00-00 00:00:00'),(13,101,'0000-00-00 00:00:00','0000-00-00 00:00:00'),(13,102,'0000-00-00 00:00:00','0000-00-00 00:00:00'),(13,103,'0000-00-00 00:00:00','0000-00-00 00:00:00'),(13,104,'0000-00-00 00:00:00','0000-00-00 00:00:00'),(13,105,'0000-00-00 00:00:00','0000-00-00 00:00:00'),(13,106,'0000-00-00 00:00:00','0000-00-00 00:00:00'),(23,106,'0000-00-00 00:00:00','0000-00-00 00:00:00'),(13,107,'0000-00-00 00:00:00','0000-00-00 00:00:00'),(23,107,'0000-00-00 00:00:00','0000-00-00 00:00:00'),(13,108,'0000-00-00 00:00:00','0000-00-00 00:00:00'),(23,108,'0000-00-00 00:00:00','0000-00-00 00:00:00'),(13,109,'0000-00-00 00:00:00','0000-00-00 00:00:00'),(23,109,'0000-00-00 00:00:00','0000-00-00 00:00:00'),(13,110,'0000-00-00 00:00:00','0000-00-00 00:00:00'),(13,111,'0000-00-00 00:00:00','0000-00-00 00:00:00'),(13,112,'0000-00-00 00:00:00','0000-00-00 00:00:00'),(21,112,'0000-00-00 00:00:00','0000-00-00 00:00:00'),(13,113,'0000-00-00 00:00:00','0000-00-00 00:00:00'),(21,113,'0000-00-00 00:00:00','0000-00-00 00:00:00'),(13,114,'0000-00-00 00:00:00','0000-00-00 00:00:00'),(13,115,'0000-00-00 00:00:00','0000-00-00 00:00:00'),(13,116,'0000-00-00 00:00:00','0000-00-00 00:00:00'),(13,117,'0000-00-00 00:00:00','0000-00-00 00:00:00'),(13,118,'0000-00-00 00:00:00','0000-00-00 00:00:00'),(13,119,'0000-00-00 00:00:00','0000-00-00 00:00:00'),(13,120,'0000-00-00 00:00:00','0000-00-00 00:00:00'),(13,121,'0000-00-00 00:00:00','0000-00-00 00:00:00'),(13,122,'0000-00-00 00:00:00','0000-00-00 00:00:00'),(13,123,'0000-00-00 00:00:00','0000-00-00 00:00:00'),(13,124,'0000-00-00 00:00:00','0000-00-00 00:00:00'),(13,125,'0000-00-00 00:00:00','0000-00-00 00:00:00'),(22,125,'0000-00-00 00:00:00','0000-00-00 00:00:00'),(13,126,'0000-00-00 00:00:00','0000-00-00 00:00:00'),(22,126,'0000-00-00 00:00:00','0000-00-00 00:00:00'),(13,127,'0000-00-00 00:00:00','0000-00-00 00:00:00'),(22,127,'0000-00-00 00:00:00','0000-00-00 00:00:00'),(16,128,'0000-00-00 00:00:00','0000-00-00 00:00:00'),(25,128,'0000-00-00 00:00:00','0000-00-00 00:00:00'),(16,129,'0000-00-00 00:00:00','0000-00-00 00:00:00'),(25,129,'0000-00-00 00:00:00','0000-00-00 00:00:00'),(16,130,'0000-00-00 00:00:00','0000-00-00 00:00:00'),(25,130,'0000-00-00 00:00:00','0000-00-00 00:00:00'),(16,131,'0000-00-00 00:00:00','0000-00-00 00:00:00'),(25,131,'0000-00-00 00:00:00','0000-00-00 00:00:00'),(16,132,'0000-00-00 00:00:00','0000-00-00 00:00:00'),(16,133,'0000-00-00 00:00:00','0000-00-00 00:00:00'),(16,134,'0000-00-00 00:00:00','0000-00-00 00:00:00'),(16,135,'0000-00-00 00:00:00','0000-00-00 00:00:00'),(16,136,'0000-00-00 00:00:00','0000-00-00 00:00:00'),(16,137,'0000-00-00 00:00:00','0000-00-00 00:00:00'),(16,138,'0000-00-00 00:00:00','0000-00-00 00:00:00'),(16,139,'0000-00-00 00:00:00','0000-00-00 00:00:00'),(16,140,'0000-00-00 00:00:00','0000-00-00 00:00:00'),(16,141,'0000-00-00 00:00:00','0000-00-00 00:00:00'),(16,142,'0000-00-00 00:00:00','0000-00-00 00:00:00'),(16,143,'0000-00-00 00:00:00','0000-00-00 00:00:00'),(16,144,'0000-00-00 00:00:00','0000-00-00 00:00:00'),(16,145,'0000-00-00 00:00:00','0000-00-00 00:00:00'),(24,145,'0000-00-00 00:00:00','0000-00-00 00:00:00'),(16,146,'0000-00-00 00:00:00','0000-00-00 00:00:00'),(24,146,'0000-00-00 00:00:00','0000-00-00 00:00:00'),(16,147,'0000-00-00 00:00:00','0000-00-00 00:00:00'),(24,147,'0000-00-00 00:00:00','0000-00-00 00:00:00'),(16,148,'0000-00-00 00:00:00','0000-00-00 00:00:00'),(24,148,'0000-00-00 00:00:00','0000-00-00 00:00:00'),(16,149,'0000-00-00 00:00:00','0000-00-00 00:00:00'),(24,149,'0000-00-00 00:00:00','0000-00-00 00:00:00'),(16,150,'0000-00-00 00:00:00','0000-00-00 00:00:00'),(24,150,'0000-00-00 00:00:00','0000-00-00 00:00:00'),(16,151,'0000-00-00 00:00:00','0000-00-00 00:00:00'),(16,152,'0000-00-00 00:00:00','0000-00-00 00:00:00'),(16,153,'0000-00-00 00:00:00','0000-00-00 00:00:00'),(16,154,'0000-00-00 00:00:00','0000-00-00 00:00:00'),(9,155,'0000-00-00 00:00:00','0000-00-00 00:00:00'),(15,156,'0000-00-00 00:00:00','0000-00-00 00:00:00'),(15,157,'0000-00-00 00:00:00','0000-00-00 00:00:00'),(28,157,'0000-00-00 00:00:00','0000-00-00 00:00:00'),(15,158,'0000-00-00 00:00:00','0000-00-00 00:00:00'),(28,158,'0000-00-00 00:00:00','0000-00-00 00:00:00'),(15,159,'0000-00-00 00:00:00','0000-00-00 00:00:00'),(28,159,'0000-00-00 00:00:00','0000-00-00 00:00:00'),(15,160,'0000-00-00 00:00:00','0000-00-00 00:00:00'),(27,160,'0000-00-00 00:00:00','0000-00-00 00:00:00'),(15,161,'0000-00-00 00:00:00','0000-00-00 00:00:00'),(27,161,'0000-00-00 00:00:00','0000-00-00 00:00:00'),(15,162,'0000-00-00 00:00:00','0000-00-00 00:00:00'),(27,162,'0000-00-00 00:00:00','0000-00-00 00:00:00'),(15,163,'0000-00-00 00:00:00','0000-00-00 00:00:00'),(15,164,'0000-00-00 00:00:00','0000-00-00 00:00:00'),(15,165,'0000-00-00 00:00:00','0000-00-00 00:00:00'),(15,166,'0000-00-00 00:00:00','0000-00-00 00:00:00'),(15,167,'0000-00-00 00:00:00','0000-00-00 00:00:00'),(15,168,'0000-00-00 00:00:00','0000-00-00 00:00:00'),(26,168,'0000-00-00 00:00:00','0000-00-00 00:00:00'),(15,169,'0000-00-00 00:00:00','0000-00-00 00:00:00'),(26,169,'0000-00-00 00:00:00','0000-00-00 00:00:00'),(15,170,'0000-00-00 00:00:00','0000-00-00 00:00:00'),(15,171,'0000-00-00 00:00:00','0000-00-00 00:00:00'),(15,172,'0000-00-00 00:00:00','0000-00-00 00:00:00'),(15,173,'0000-00-00 00:00:00','0000-00-00 00:00:00'),(15,174,'0000-00-00 00:00:00','0000-00-00 00:00:00'),(5,175,'0000-00-00 00:00:00','0000-00-00 00:00:00'),(29,175,'0000-00-00 00:00:00','0000-00-00 00:00:00'),(5,176,'0000-00-00 00:00:00','0000-00-00 00:00:00'),(5,177,'0000-00-00 00:00:00','0000-00-00 00:00:00'),(5,178,'0000-00-00 00:00:00','0000-00-00 00:00:00'),(1,179,'0000-00-00 00:00:00','0000-00-00 00:00:00'),(31,179,'0000-00-00 00:00:00','0000-00-00 00:00:00'),(1,180,'0000-00-00 00:00:00','0000-00-00 00:00:00'),(31,180,'0000-00-00 00:00:00','0000-00-00 00:00:00'),(1,181,'0000-00-00 00:00:00','0000-00-00 00:00:00'),(1,182,'0000-00-00 00:00:00','0000-00-00 00:00:00'),(30,182,'0000-00-00 00:00:00','0000-00-00 00:00:00'),(1,183,'0000-00-00 00:00:00','0000-00-00 00:00:00'),(30,183,'0000-00-00 00:00:00','0000-00-00 00:00:00'),(1,184,'0000-00-00 00:00:00','0000-00-00 00:00:00'),(30,184,'0000-00-00 00:00:00','0000-00-00 00:00:00'),(1,185,'0000-00-00 00:00:00','0000-00-00 00:00:00'),(30,185,'0000-00-00 00:00:00','0000-00-00 00:00:00'),(1,186,'0000-00-00 00:00:00','0000-00-00 00:00:00'),(31,186,'0000-00-00 00:00:00','0000-00-00 00:00:00'),(1,187,'0000-00-00 00:00:00','0000-00-00 00:00:00'),(31,187,'0000-00-00 00:00:00','0000-00-00 00:00:00'),(1,188,'0000-00-00 00:00:00','0000-00-00 00:00:00'),(1,189,'0000-00-00 00:00:00','0000-00-00 00:00:00'),(1,190,'0000-00-00 00:00:00','0000-00-00 00:00:00'),(1,191,'0000-00-00 00:00:00','0000-00-00 00:00:00'),(1,192,'0000-00-00 00:00:00','0000-00-00 00:00:00'),(1,193,'0000-00-00 00:00:00','0000-00-00 00:00:00'),(2,194,'0000-00-00 00:00:00','0000-00-00 00:00:00'),(32,194,'0000-00-00 00:00:00','0000-00-00 00:00:00'),(2,195,'0000-00-00 00:00:00','0000-00-00 00:00:00'),(32,195,'0000-00-00 00:00:00','0000-00-00 00:00:00'),(2,196,'0000-00-00 00:00:00','0000-00-00 00:00:00'),(3,197,'0000-00-00 00:00:00','0000-00-00 00:00:00'),(3,198,'0000-00-00 00:00:00','0000-00-00 00:00:00'),(3,199,'0000-00-00 00:00:00','0000-00-00 00:00:00'),(3,200,'0000-00-00 00:00:00','0000-00-00 00:00:00'),(3,201,'0000-00-00 00:00:00','0000-00-00 00:00:00'),(3,202,'0000-00-00 00:00:00','0000-00-00 00:00:00'),(3,203,'0000-00-00 00:00:00','0000-00-00 00:00:00'),(3,204,'0000-00-00 00:00:00','0000-00-00 00:00:00'),(33,204,'0000-00-00 00:00:00','0000-00-00 00:00:00'),(3,205,'0000-00-00 00:00:00','0000-00-00 00:00:00'),(33,205,'0000-00-00 00:00:00','0000-00-00 00:00:00'),(3,206,'0000-00-00 00:00:00','0000-00-00 00:00:00'),(33,206,'0000-00-00 00:00:00','0000-00-00 00:00:00'),(3,207,'0000-00-00 00:00:00','0000-00-00 00:00:00'),(33,207,'0000-00-00 00:00:00','0000-00-00 00:00:00'),(3,208,'0000-00-00 00:00:00','0000-00-00 00:00:00'),(33,208,'0000-00-00 00:00:00','0000-00-00 00:00:00'),(3,209,'0000-00-00 00:00:00','0000-00-00 00:00:00'),(33,209,'0000-00-00 00:00:00','0000-00-00 00:00:00'),(3,210,'0000-00-00 00:00:00','0000-00-00 00:00:00'),(33,210,'0000-00-00 00:00:00','0000-00-00 00:00:00'),(12,211,'0000-00-00 00:00:00','0000-00-00 00:00:00'),(12,212,'0000-00-00 00:00:00','0000-00-00 00:00:00'),(12,213,'0000-00-00 00:00:00','0000-00-00 00:00:00'),(12,214,'0000-00-00 00:00:00','0000-00-00 00:00:00'),(12,215,'0000-00-00 00:00:00','0000-00-00 00:00:00'),(37,215,'0000-00-00 00:00:00','0000-00-00 00:00:00'),(12,216,'0000-00-00 00:00:00','0000-00-00 00:00:00'),(37,216,'0000-00-00 00:00:00','0000-00-00 00:00:00'),(12,217,'0000-00-00 00:00:00','0000-00-00 00:00:00'),(37,217,'0000-00-00 00:00:00','0000-00-00 00:00:00'),(12,218,'0000-00-00 00:00:00','0000-00-00 00:00:00'),(12,219,'0000-00-00 00:00:00','0000-00-00 00:00:00'),(12,220,'0000-00-00 00:00:00','0000-00-00 00:00:00'),(12,221,'0000-00-00 00:00:00','0000-00-00 00:00:00'),(12,222,'0000-00-00 00:00:00','0000-00-00 00:00:00'),(12,223,'0000-00-00 00:00:00','0000-00-00 00:00:00'),(12,224,'0000-00-00 00:00:00','0000-00-00 00:00:00'),(12,225,'0000-00-00 00:00:00','0000-00-00 00:00:00'),(35,225,'0000-00-00 00:00:00','0000-00-00 00:00:00'),(12,226,'0000-00-00 00:00:00','0000-00-00 00:00:00'),(35,226,'0000-00-00 00:00:00','0000-00-00 00:00:00'),(12,227,'0000-00-00 00:00:00','0000-00-00 00:00:00'),(12,228,'0000-00-00 00:00:00','0000-00-00 00:00:00'),(12,229,'0000-00-00 00:00:00','0000-00-00 00:00:00'),(35,229,'0000-00-00 00:00:00','0000-00-00 00:00:00'),(12,230,'0000-00-00 00:00:00','0000-00-00 00:00:00'),(12,231,'0000-00-00 00:00:00','0000-00-00 00:00:00'),(12,232,'0000-00-00 00:00:00','0000-00-00 00:00:00'),(12,233,'0000-00-00 00:00:00','0000-00-00 00:00:00'),(12,234,'0000-00-00 00:00:00','0000-00-00 00:00:00'),(12,235,'0000-00-00 00:00:00','0000-00-00 00:00:00'),(12,236,'0000-00-00 00:00:00','0000-00-00 00:00:00'),(12,237,'0000-00-00 00:00:00','0000-00-00 00:00:00'),(12,238,'0000-00-00 00:00:00','0000-00-00 00:00:00'),(12,239,'0000-00-00 00:00:00','0000-00-00 00:00:00'),(12,240,'0000-00-00 00:00:00','0000-00-00 00:00:00'),(12,241,'0000-00-00 00:00:00','0000-00-00 00:00:00'),(12,242,'0000-00-00 00:00:00','0000-00-00 00:00:00'),(34,242,'0000-00-00 00:00:00','0000-00-00 00:00:00'),(12,243,'0000-00-00 00:00:00','0000-00-00 00:00:00'),(34,243,'0000-00-00 00:00:00','0000-00-00 00:00:00'),(12,244,'0000-00-00 00:00:00','0000-00-00 00:00:00'),(34,244,'0000-00-00 00:00:00','0000-00-00 00:00:00'),(12,245,'0000-00-00 00:00:00','0000-00-00 00:00:00'),(12,246,'0000-00-00 00:00:00','0000-00-00 00:00:00'),(36,246,'0000-00-00 00:00:00','0000-00-00 00:00:00'),(12,247,'0000-00-00 00:00:00','0000-00-00 00:00:00'),(36,247,'0000-00-00 00:00:00','0000-00-00 00:00:00'),(12,248,'0000-00-00 00:00:00','0000-00-00 00:00:00'),(12,249,'0000-00-00 00:00:00','0000-00-00 00:00:00'),(12,250,'0000-00-00 00:00:00','0000-00-00 00:00:00'),(12,251,'0000-00-00 00:00:00','0000-00-00 00:00:00'),(12,252,'0000-00-00 00:00:00','0000-00-00 00:00:00'),(10,253,'0000-00-00 00:00:00','0000-00-00 00:00:00'),(43,253,'0000-00-00 00:00:00','0000-00-00 00:00:00'),(10,254,'0000-00-00 00:00:00','0000-00-00 00:00:00'),(43,254,'0000-00-00 00:00:00','0000-00-00 00:00:00'),(10,255,'0000-00-00 00:00:00','0000-00-00 00:00:00'),(43,255,'0000-00-00 00:00:00','0000-00-00 00:00:00'),(10,256,'0000-00-00 00:00:00','0000-00-00 00:00:00'),(43,256,'0000-00-00 00:00:00','0000-00-00 00:00:00'),(10,257,'0000-00-00 00:00:00','0000-00-00 00:00:00'),(43,257,'0000-00-00 00:00:00','0000-00-00 00:00:00'),(10,258,'0000-00-00 00:00:00','0000-00-00 00:00:00'),(10,259,'0000-00-00 00:00:00','0000-00-00 00:00:00'),(10,260,'0000-00-00 00:00:00','0000-00-00 00:00:00'),(10,261,'0000-00-00 00:00:00','0000-00-00 00:00:00'),(10,262,'0000-00-00 00:00:00','0000-00-00 00:00:00'),(10,263,'0000-00-00 00:00:00','0000-00-00 00:00:00'),(10,264,'0000-00-00 00:00:00','0000-00-00 00:00:00'),(10,265,'0000-00-00 00:00:00','0000-00-00 00:00:00'),(41,265,'0000-00-00 00:00:00','0000-00-00 00:00:00'),(10,266,'0000-00-00 00:00:00','0000-00-00 00:00:00'),(41,266,'0000-00-00 00:00:00','0000-00-00 00:00:00'),(10,267,'0000-00-00 00:00:00','0000-00-00 00:00:00'),(10,268,'0000-00-00 00:00:00','0000-00-00 00:00:00'),(40,268,'0000-00-00 00:00:00','0000-00-00 00:00:00'),(10,269,'0000-00-00 00:00:00','0000-00-00 00:00:00'),(40,269,'0000-00-00 00:00:00','0000-00-00 00:00:00'),(10,270,'0000-00-00 00:00:00','0000-00-00 00:00:00'),(40,270,'0000-00-00 00:00:00','0000-00-00 00:00:00'),(10,271,'0000-00-00 00:00:00','0000-00-00 00:00:00'),(40,271,'0000-00-00 00:00:00','0000-00-00 00:00:00'),(10,272,'0000-00-00 00:00:00','0000-00-00 00:00:00'),(40,272,'0000-00-00 00:00:00','0000-00-00 00:00:00'),(10,273,'0000-00-00 00:00:00','0000-00-00 00:00:00'),(40,273,'0000-00-00 00:00:00','0000-00-00 00:00:00'),(10,274,'0000-00-00 00:00:00','0000-00-00 00:00:00'),(40,274,'0000-00-00 00:00:00','0000-00-00 00:00:00'),(10,275,'0000-00-00 00:00:00','0000-00-00 00:00:00'),(40,275,'0000-00-00 00:00:00','0000-00-00 00:00:00'),(10,276,'0000-00-00 00:00:00','0000-00-00 00:00:00'),(10,277,'0000-00-00 00:00:00','0000-00-00 00:00:00'),(10,278,'0000-00-00 00:00:00','0000-00-00 00:00:00'),(10,279,'0000-00-00 00:00:00','0000-00-00 00:00:00'),(10,280,'0000-00-00 00:00:00','0000-00-00 00:00:00'),(10,281,'0000-00-00 00:00:00','0000-00-00 00:00:00'),(10,282,'0000-00-00 00:00:00','0000-00-00 00:00:00'),(10,283,'0000-00-00 00:00:00','0000-00-00 00:00:00'),(10,284,'0000-00-00 00:00:00','0000-00-00 00:00:00'),(10,285,'0000-00-00 00:00:00','0000-00-00 00:00:00'),(10,286,'0000-00-00 00:00:00','0000-00-00 00:00:00'),(42,286,'0000-00-00 00:00:00','0000-00-00 00:00:00'),(10,287,'0000-00-00 00:00:00','0000-00-00 00:00:00'),(42,287,'0000-00-00 00:00:00','0000-00-00 00:00:00'),(10,288,'0000-00-00 00:00:00','0000-00-00 00:00:00'),(42,288,'0000-00-00 00:00:00','0000-00-00 00:00:00'),(10,289,'0000-00-00 00:00:00','0000-00-00 00:00:00'),(42,289,'0000-00-00 00:00:00','0000-00-00 00:00:00'),(10,290,'0000-00-00 00:00:00','0000-00-00 00:00:00'),(42,290,'0000-00-00 00:00:00','0000-00-00 00:00:00'),(10,291,'0000-00-00 00:00:00','0000-00-00 00:00:00'),(42,291,'0000-00-00 00:00:00','0000-00-00 00:00:00'),(10,292,'0000-00-00 00:00:00','0000-00-00 00:00:00'),(10,293,'0000-00-00 00:00:00','0000-00-00 00:00:00'),(10,294,'0000-00-00 00:00:00','0000-00-00 00:00:00'),(38,294,'0000-00-00 00:00:00','0000-00-00 00:00:00'),(10,295,'0000-00-00 00:00:00','0000-00-00 00:00:00'),(38,295,'0000-00-00 00:00:00','0000-00-00 00:00:00'),(10,296,'0000-00-00 00:00:00','0000-00-00 00:00:00'),(38,296,'0000-00-00 00:00:00','0000-00-00 00:00:00'),(10,297,'0000-00-00 00:00:00','0000-00-00 00:00:00'),(39,297,'0000-00-00 00:00:00','0000-00-00 00:00:00'),(10,298,'0000-00-00 00:00:00','0000-00-00 00:00:00'),(39,298,'0000-00-00 00:00:00','0000-00-00 00:00:00'),(10,299,'0000-00-00 00:00:00','0000-00-00 00:00:00'),(39,299,'0000-00-00 00:00:00','0000-00-00 00:00:00'),(10,300,'0000-00-00 00:00:00','0000-00-00 00:00:00'),(39,300,'0000-00-00 00:00:00','0000-00-00 00:00:00'),(10,301,'0000-00-00 00:00:00','0000-00-00 00:00:00'),(10,302,'0000-00-00 00:00:00','0000-00-00 00:00:00'),(10,303,'0000-00-00 00:00:00','0000-00-00 00:00:00'),(10,304,'0000-00-00 00:00:00','0000-00-00 00:00:00'),(10,305,'0000-00-00 00:00:00','0000-00-00 00:00:00'),(10,306,'0000-00-00 00:00:00','0000-00-00 00:00:00'),(10,307,'0000-00-00 00:00:00','0000-00-00 00:00:00'),(10,308,'0000-00-00 00:00:00','0000-00-00 00:00:00'),(41,308,'0000-00-00 00:00:00','0000-00-00 00:00:00'),(10,309,'0000-00-00 00:00:00','0000-00-00 00:00:00'),(41,309,'0000-00-00 00:00:00','0000-00-00 00:00:00'),(4,310,'0000-00-00 00:00:00','0000-00-00 00:00:00'),(4,311,'0000-00-00 00:00:00','0000-00-00 00:00:00'),(44,311,'0000-00-00 00:00:00','0000-00-00 00:00:00'),(4,312,'0000-00-00 00:00:00','0000-00-00 00:00:00'),(44,312,'0000-00-00 00:00:00','0000-00-00 00:00:00'),(4,313,'0000-00-00 00:00:00','0000-00-00 00:00:00'),(44,313,'0000-00-00 00:00:00','0000-00-00 00:00:00'),(4,314,'0000-00-00 00:00:00','0000-00-00 00:00:00'),(44,314,'0000-00-00 00:00:00','0000-00-00 00:00:00'),(4,315,'0000-00-00 00:00:00','0000-00-00 00:00:00'),(44,315,'0000-00-00 00:00:00','0000-00-00 00:00:00'),(4,316,'0000-00-00 00:00:00','0000-00-00 00:00:00'),(44,316,'0000-00-00 00:00:00','0000-00-00 00:00:00'),(4,317,'0000-00-00 00:00:00','0000-00-00 00:00:00'),(44,317,'0000-00-00 00:00:00','0000-00-00 00:00:00'),(4,318,'0000-00-00 00:00:00','0000-00-00 00:00:00'),(4,319,'0000-00-00 00:00:00','0000-00-00 00:00:00'),(44,319,'0000-00-00 00:00:00','0000-00-00 00:00:00'),(4,320,'0000-00-00 00:00:00','0000-00-00 00:00:00'),(44,320,'0000-00-00 00:00:00','0000-00-00 00:00:00'),(4,321,'0000-00-00 00:00:00','0000-00-00 00:00:00'),(45,321,'0000-00-00 00:00:00','0000-00-00 00:00:00'),(4,322,'0000-00-00 00:00:00','0000-00-00 00:00:00'),(45,322,'0000-00-00 00:00:00','0000-00-00 00:00:00'),(4,323,'0000-00-00 00:00:00','0000-00-00 00:00:00'),(45,323,'0000-00-00 00:00:00','0000-00-00 00:00:00'),(4,324,'0000-00-00 00:00:00','0000-00-00 00:00:00'),(4,325,'0000-00-00 00:00:00','0000-00-00 00:00:00'),(4,326,'0000-00-00 00:00:00','0000-00-00 00:00:00'),(4,327,'0000-00-00 00:00:00','0000-00-00 00:00:00'),(10,328,'0000-00-00 00:00:00','0000-00-00 00:00:00'),(46,328,'0000-00-00 00:00:00','0000-00-00 00:00:00'),(10,329,'0000-00-00 00:00:00','0000-00-00 00:00:00'),(46,329,'0000-00-00 00:00:00','0000-00-00 00:00:00'),(10,330,'0000-00-00 00:00:00','0000-00-00 00:00:00'),(46,330,'0000-00-00 00:00:00','0000-00-00 00:00:00'),(10,331,'0000-00-00 00:00:00','0000-00-00 00:00:00'),(10,332,'0000-00-00 00:00:00','0000-00-00 00:00:00'),(10,333,'0000-00-00 00:00:00','0000-00-00 00:00:00'),(10,334,'0000-00-00 00:00:00','0000-00-00 00:00:00'),(10,335,'0000-00-00 00:00:00','0000-00-00 00:00:00'),(10,336,'0000-00-00 00:00:00','0000-00-00 00:00:00'),(10,337,'0000-00-00 00:00:00','0000-00-00 00:00:00'),(10,338,'0000-00-00 00:00:00','0000-00-00 00:00:00'),(6,339,'0000-00-00 00:00:00','0000-00-00 00:00:00'),(47,339,'0000-00-00 00:00:00','0000-00-00 00:00:00'),(6,340,'0000-00-00 00:00:00','0000-00-00 00:00:00'),(6,341,'0000-00-00 00:00:00','0000-00-00 00:00:00'),(6,342,'0000-00-00 00:00:00','0000-00-00 00:00:00'),(6,343,'0000-00-00 00:00:00','0000-00-00 00:00:00'),(6,344,'0000-00-00 00:00:00','0000-00-00 00:00:00'),(6,345,'0000-00-00 00:00:00','0000-00-00 00:00:00'),(6,346,'0000-00-00 00:00:00','0000-00-00 00:00:00'),(6,347,'0000-00-00 00:00:00','0000-00-00 00:00:00'),(6,348,'0000-00-00 00:00:00','0000-00-00 00:00:00'),(6,349,'0000-00-00 00:00:00','0000-00-00 00:00:00'),(6,350,'0000-00-00 00:00:00','0000-00-00 00:00:00'),(6,351,'0000-00-00 00:00:00','0000-00-00 00:00:00'),(6,352,'0000-00-00 00:00:00','0000-00-00 00:00:00'),(48,352,'0000-00-00 00:00:00','0000-00-00 00:00:00'),(6,353,'0000-00-00 00:00:00','0000-00-00 00:00:00'),(48,353,'0000-00-00 00:00:00','0000-00-00 00:00:00'),(6,354,'0000-00-00 00:00:00','0000-00-00 00:00:00'),(48,354,'0000-00-00 00:00:00','0000-00-00 00:00:00'),(6,355,'0000-00-00 00:00:00','0000-00-00 00:00:00'),(48,355,'0000-00-00 00:00:00','0000-00-00 00:00:00'),(6,356,'0000-00-00 00:00:00','0000-00-00 00:00:00'),(6,357,'0000-00-00 00:00:00','0000-00-00 00:00:00'),(6,358,'0000-00-00 00:00:00','0000-00-00 00:00:00'),(6,359,'0000-00-00 00:00:00','0000-00-00 00:00:00'),(6,360,'0000-00-00 00:00:00','0000-00-00 00:00:00'),(6,361,'0000-00-00 00:00:00','0000-00-00 00:00:00'),(6,362,'0000-00-00 00:00:00','0000-00-00 00:00:00'),(49,362,'0000-00-00 00:00:00','0000-00-00 00:00:00'),(6,363,'0000-00-00 00:00:00','0000-00-00 00:00:00'),(49,363,'0000-00-00 00:00:00','0000-00-00 00:00:00'),(6,364,'0000-00-00 00:00:00','0000-00-00 00:00:00'),(47,364,'0000-00-00 00:00:00','0000-00-00 00:00:00'),(6,365,'0000-00-00 00:00:00','0000-00-00 00:00:00'),(47,365,'0000-00-00 00:00:00','0000-00-00 00:00:00'),(6,366,'0000-00-00 00:00:00','0000-00-00 00:00:00'),(47,366,'0000-00-00 00:00:00','0000-00-00 00:00:00'),(11,367,'0000-00-00 00:00:00','0000-00-00 00:00:00'),(50,367,'0000-00-00 00:00:00','0000-00-00 00:00:00'),(11,368,'0000-00-00 00:00:00','0000-00-00 00:00:00'),(50,368,'0000-00-00 00:00:00','0000-00-00 00:00:00'),(11,369,'0000-00-00 00:00:00','0000-00-00 00:00:00'),(50,369,'0000-00-00 00:00:00','0000-00-00 00:00:00'),(11,370,'0000-00-00 00:00:00','0000-00-00 00:00:00'),(50,370,'0000-00-00 00:00:00','0000-00-00 00:00:00'),(11,371,'0000-00-00 00:00:00','0000-00-00 00:00:00'),(50,371,'0000-00-00 00:00:00','0000-00-00 00:00:00'),(11,372,'0000-00-00 00:00:00','0000-00-00 00:00:00'),(50,372,'0000-00-00 00:00:00','0000-00-00 00:00:00'),(11,373,'0000-00-00 00:00:00','0000-00-00 00:00:00'),(11,374,'0000-00-00 00:00:00','0000-00-00 00:00:00'),(11,375,'0000-00-00 00:00:00','0000-00-00 00:00:00'),(11,376,'0000-00-00 00:00:00','0000-00-00 00:00:00'),(11,377,'0000-00-00 00:00:00','0000-00-00 00:00:00'),(11,378,'0000-00-00 00:00:00','0000-00-00 00:00:00'),(11,379,'0000-00-00 00:00:00','0000-00-00 00:00:00'),(11,380,'0000-00-00 00:00:00','0000-00-00 00:00:00'),(11,381,'0000-00-00 00:00:00','0000-00-00 00:00:00'),(11,382,'0000-00-00 00:00:00','0000-00-00 00:00:00'),(11,383,'0000-00-00 00:00:00','0000-00-00 00:00:00'),(11,384,'0000-00-00 00:00:00','0000-00-00 00:00:00'),(11,385,'0000-00-00 00:00:00','0000-00-00 00:00:00'),(11,386,'0000-00-00 00:00:00','0000-00-00 00:00:00'),(11,387,'0000-00-00 00:00:00','0000-00-00 00:00:00'),(11,388,'0000-00-00 00:00:00','0000-00-00 00:00:00'),(52,388,'0000-00-00 00:00:00','0000-00-00 00:00:00'),(11,389,'0000-00-00 00:00:00','0000-00-00 00:00:00'),(52,389,'0000-00-00 00:00:00','0000-00-00 00:00:00'),(11,390,'0000-00-00 00:00:00','0000-00-00 00:00:00'),(52,390,'0000-00-00 00:00:00','0000-00-00 00:00:00'),(11,391,'0000-00-00 00:00:00','0000-00-00 00:00:00'),(52,391,'0000-00-00 00:00:00','0000-00-00 00:00:00'),(11,392,'0000-00-00 00:00:00','0000-00-00 00:00:00'),(52,392,'0000-00-00 00:00:00','0000-00-00 00:00:00'),(11,393,'0000-00-00 00:00:00','0000-00-00 00:00:00'),(52,393,'0000-00-00 00:00:00','0000-00-00 00:00:00'),(11,394,'0000-00-00 00:00:00','0000-00-00 00:00:00'),(52,394,'0000-00-00 00:00:00','0000-00-00 00:00:00'),(11,395,'0000-00-00 00:00:00','0000-00-00 00:00:00'),(52,395,'0000-00-00 00:00:00','0000-00-00 00:00:00'),(11,396,'0000-00-00 00:00:00','0000-00-00 00:00:00'),(54,396,'0000-00-00 00:00:00','0000-00-00 00:00:00'),(11,397,'0000-00-00 00:00:00','0000-00-00 00:00:00'),(54,397,'0000-00-00 00:00:00','0000-00-00 00:00:00'),(11,398,'0000-00-00 00:00:00','0000-00-00 00:00:00'),(11,399,'0000-00-00 00:00:00','0000-00-00 00:00:00'),(11,400,'0000-00-00 00:00:00','0000-00-00 00:00:00'),(11,401,'0000-00-00 00:00:00','0000-00-00 00:00:00'),(11,402,'0000-00-00 00:00:00','0000-00-00 00:00:00'),(53,402,'0000-00-00 00:00:00','0000-00-00 00:00:00'),(11,403,'0000-00-00 00:00:00','0000-00-00 00:00:00'),(11,404,'0000-00-00 00:00:00','0000-00-00 00:00:00'),(11,405,'0000-00-00 00:00:00','0000-00-00 00:00:00'),(11,406,'0000-00-00 00:00:00','0000-00-00 00:00:00'),(11,407,'0000-00-00 00:00:00','0000-00-00 00:00:00'),(11,408,'0000-00-00 00:00:00','0000-00-00 00:00:00'),(11,409,'0000-00-00 00:00:00','0000-00-00 00:00:00'),(11,410,'0000-00-00 00:00:00','0000-00-00 00:00:00'),(51,410,'0000-00-00 00:00:00','0000-00-00 00:00:00'),(11,411,'0000-00-00 00:00:00','0000-00-00 00:00:00'),(51,411,'0000-00-00 00:00:00','0000-00-00 00:00:00'),(11,412,'0000-00-00 00:00:00','0000-00-00 00:00:00'),(51,412,'0000-00-00 00:00:00','0000-00-00 00:00:00'),(11,413,'0000-00-00 00:00:00','0000-00-00 00:00:00'),(11,414,'0000-00-00 00:00:00','0000-00-00 00:00:00'),(17,415,'0000-00-00 00:00:00','0000-00-00 00:00:00'),(55,415,'0000-00-00 00:00:00','0000-00-00 00:00:00'),(17,416,'0000-00-00 00:00:00','0000-00-00 00:00:00'),(55,416,'0000-00-00 00:00:00','0000-00-00 00:00:00'),(17,417,'0000-00-00 00:00:00','0000-00-00 00:00:00'),(17,418,'0000-00-00 00:00:00','0000-00-00 00:00:00'),(56,418,'0000-00-00 00:00:00','0000-00-00 00:00:00'),(17,419,'0000-00-00 00:00:00','0000-00-00 00:00:00'),(56,419,'0000-00-00 00:00:00','0000-00-00 00:00:00'),(17,420,'0000-00-00 00:00:00','0000-00-00 00:00:00'),(17,421,'0000-00-00 00:00:00','0000-00-00 00:00:00'),(7,422,'0000-00-00 00:00:00','0000-00-00 00:00:00'),(7,423,'0000-00-00 00:00:00','0000-00-00 00:00:00'),(7,424,'0000-00-00 00:00:00','0000-00-00 00:00:00'),(7,425,'0000-00-00 00:00:00','0000-00-00 00:00:00'),(7,426,'0000-00-00 00:00:00','0000-00-00 00:00:00'),(7,427,'0000-00-00 00:00:00','0000-00-00 00:00:00'),(58,427,'0000-00-00 00:00:00','0000-00-00 00:00:00'),(7,428,'0000-00-00 00:00:00','0000-00-00 00:00:00'),(58,428,'0000-00-00 00:00:00','0000-00-00 00:00:00'),(7,429,'0000-00-00 00:00:00','0000-00-00 00:00:00'),(58,429,'0000-00-00 00:00:00','0000-00-00 00:00:00'),(7,430,'0000-00-00 00:00:00','0000-00-00 00:00:00'),(58,430,'0000-00-00 00:00:00','0000-00-00 00:00:00'),(7,431,'0000-00-00 00:00:00','0000-00-00 00:00:00'),(58,431,'0000-00-00 00:00:00','0000-00-00 00:00:00'),(7,432,'0000-00-00 00:00:00','0000-00-00 00:00:00'),(7,433,'0000-00-00 00:00:00','0000-00-00 00:00:00'),(7,434,'0000-00-00 00:00:00','0000-00-00 00:00:00'),(7,435,'0000-00-00 00:00:00','0000-00-00 00:00:00'),(7,436,'0000-00-00 00:00:00','0000-00-00 00:00:00'),(7,437,'0000-00-00 00:00:00','0000-00-00 00:00:00'),(7,438,'0000-00-00 00:00:00','0000-00-00 00:00:00'),(7,439,'0000-00-00 00:00:00','0000-00-00 00:00:00'),(59,439,'0000-00-00 00:00:00','0000-00-00 00:00:00'),(7,440,'0000-00-00 00:00:00','0000-00-00 00:00:00'),(59,440,'0000-00-00 00:00:00','0000-00-00 00:00:00'),(7,441,'0000-00-00 00:00:00','0000-00-00 00:00:00'),(7,442,'0000-00-00 00:00:00','0000-00-00 00:00:00'),(8,443,'0000-00-00 00:00:00','0000-00-00 00:00:00'),(8,444,'0000-00-00 00:00:00','0000-00-00 00:00:00'),(8,445,'0000-00-00 00:00:00','0000-00-00 00:00:00'),(8,446,'0000-00-00 00:00:00','0000-00-00 00:00:00'),(8,447,'0000-00-00 00:00:00','0000-00-00 00:00:00'),(8,448,'0000-00-00 00:00:00','0000-00-00 00:00:00'),(8,449,'0000-00-00 00:00:00','0000-00-00 00:00:00'),(8,450,'0000-00-00 00:00:00','0000-00-00 00:00:00'),(8,451,'0000-00-00 00:00:00','0000-00-00 00:00:00'),(8,452,'0000-00-00 00:00:00','0000-00-00 00:00:00'),(8,453,'0000-00-00 00:00:00','0000-00-00 00:00:00'),(8,454,'0000-00-00 00:00:00','0000-00-00 00:00:00'),(8,455,'0000-00-00 00:00:00','0000-00-00 00:00:00'),(8,456,'0000-00-00 00:00:00','0000-00-00 00:00:00'),(8,457,'0000-00-00 00:00:00','0000-00-00 00:00:00'),(8,458,'0000-00-00 00:00:00','0000-00-00 00:00:00'),(8,459,'0000-00-00 00:00:00','0000-00-00 00:00:00'),(57,459,'0000-00-00 00:00:00','0000-00-00 00:00:00'),(8,460,'0000-00-00 00:00:00','0000-00-00 00:00:00'),(57,460,'0000-00-00 00:00:00','0000-00-00 00:00:00'),(8,461,'0000-00-00 00:00:00','0000-00-00 00:00:00'),(8,462,'0000-00-00 00:00:00','0000-00-00 00:00:00'),(8,463,'0000-00-00 00:00:00','0000-00-00 00:00:00'),(8,464,'0000-00-00 00:00:00','0000-00-00 00:00:00'),(8,465,'0000-00-00 00:00:00','0000-00-00 00:00:00'),(14,466,'0000-00-00 00:00:00','0000-00-00 00:00:00'),(14,467,'0000-00-00 00:00:00','0000-00-00 00:00:00'),(14,468,'0000-00-00 00:00:00','0000-00-00 00:00:00'),(14,469,'0000-00-00 00:00:00','0000-00-00 00:00:00'),(60,469,'0000-00-00 00:00:00','0000-00-00 00:00:00'),(14,470,'0000-00-00 00:00:00','0000-00-00 00:00:00'),(60,470,'0000-00-00 00:00:00','0000-00-00 00:00:00'),(14,471,'0000-00-00 00:00:00','0000-00-00 00:00:00'),(60,471,'0000-00-00 00:00:00','0000-00-00 00:00:00'),(14,472,'0000-00-00 00:00:00','0000-00-00 00:00:00'),(14,473,'0000-00-00 00:00:00','0000-00-00 00:00:00'),(14,474,'0000-00-00 00:00:00','0000-00-00 00:00:00'),(14,475,'0000-00-00 00:00:00','0000-00-00 00:00:00'),(14,476,'0000-00-00 00:00:00','0000-00-00 00:00:00'),(14,477,'0000-00-00 00:00:00','0000-00-00 00:00:00'),(9,478,'0000-00-00 00:00:00','0000-00-00 00:00:00'),(9,479,'0000-00-00 00:00:00','0000-00-00 00:00:00'),(9,480,'0000-00-00 00:00:00','0000-00-00 00:00:00'),(9,481,'0000-00-00 00:00:00','0000-00-00 00:00:00'),(9,482,'0000-00-00 00:00:00','0000-00-00 00:00:00'),(9,483,'0000-00-00 00:00:00','0000-00-00 00:00:00'),(9,484,'0000-00-00 00:00:00','0000-00-00 00:00:00'),(9,485,'0000-00-00 00:00:00','0000-00-00 00:00:00'),(9,486,'0000-00-00 00:00:00','0000-00-00 00:00:00'),(63,486,'0000-00-00 00:00:00','0000-00-00 00:00:00'),(9,487,'0000-00-00 00:00:00','0000-00-00 00:00:00'),(63,487,'0000-00-00 00:00:00','0000-00-00 00:00:00'),(9,488,'0000-00-00 00:00:00','0000-00-00 00:00:00'),(63,488,'0000-00-00 00:00:00','0000-00-00 00:00:00'),(9,489,'0000-00-00 00:00:00','0000-00-00 00:00:00'),(63,489,'0000-00-00 00:00:00','0000-00-00 00:00:00'),(9,490,'0000-00-00 00:00:00','0000-00-00 00:00:00'),(63,490,'0000-00-00 00:00:00','0000-00-00 00:00:00'),(9,491,'0000-00-00 00:00:00','0000-00-00 00:00:00'),(9,492,'0000-00-00 00:00:00','0000-00-00 00:00:00'),(66,492,'0000-00-00 00:00:00','0000-00-00 00:00:00'),(9,493,'0000-00-00 00:00:00','0000-00-00 00:00:00'),(66,493,'0000-00-00 00:00:00','0000-00-00 00:00:00'),(9,494,'0000-00-00 00:00:00','0000-00-00 00:00:00'),(66,494,'0000-00-00 00:00:00','0000-00-00 00:00:00'),(9,495,'0000-00-00 00:00:00','0000-00-00 00:00:00'),(66,495,'0000-00-00 00:00:00','0000-00-00 00:00:00'),(9,496,'0000-00-00 00:00:00','0000-00-00 00:00:00'),(67,496,'0000-00-00 00:00:00','0000-00-00 00:00:00'),(9,497,'0000-00-00 00:00:00','0000-00-00 00:00:00'),(9,498,'0000-00-00 00:00:00','0000-00-00 00:00:00'),(67,498,'0000-00-00 00:00:00','0000-00-00 00:00:00'),(9,499,'0000-00-00 00:00:00','0000-00-00 00:00:00'),(9,500,'0000-00-00 00:00:00','0000-00-00 00:00:00'),(67,500,'0000-00-00 00:00:00','0000-00-00 00:00:00'),(9,501,'0000-00-00 00:00:00','0000-00-00 00:00:00'),(9,502,'0000-00-00 00:00:00','0000-00-00 00:00:00'),(9,503,'0000-00-00 00:00:00','0000-00-00 00:00:00'),(9,504,'0000-00-00 00:00:00','0000-00-00 00:00:00'),(9,505,'0000-00-00 00:00:00','0000-00-00 00:00:00'),(9,506,'0000-00-00 00:00:00','0000-00-00 00:00:00'),(9,507,'0000-00-00 00:00:00','0000-00-00 00:00:00'),(9,508,'0000-00-00 00:00:00','0000-00-00 00:00:00'),(9,509,'0000-00-00 00:00:00','0000-00-00 00:00:00'),(65,509,'0000-00-00 00:00:00','0000-00-00 00:00:00'),(9,510,'0000-00-00 00:00:00','0000-00-00 00:00:00'),(65,510,'0000-00-00 00:00:00','0000-00-00 00:00:00'),(9,511,'0000-00-00 00:00:00','0000-00-00 00:00:00'),(65,511,'0000-00-00 00:00:00','0000-00-00 00:00:00'),(9,512,'0000-00-00 00:00:00','0000-00-00 00:00:00'),(9,513,'0000-00-00 00:00:00','0000-00-00 00:00:00'),(9,514,'0000-00-00 00:00:00','0000-00-00 00:00:00'),(65,514,'0000-00-00 00:00:00','0000-00-00 00:00:00'),(9,515,'0000-00-00 00:00:00','0000-00-00 00:00:00'),(65,515,'0000-00-00 00:00:00','0000-00-00 00:00:00'),(9,516,'0000-00-00 00:00:00','0000-00-00 00:00:00'),(9,517,'0000-00-00 00:00:00','0000-00-00 00:00:00'),(9,518,'0000-00-00 00:00:00','0000-00-00 00:00:00'),(9,519,'0000-00-00 00:00:00','0000-00-00 00:00:00'),(9,520,'0000-00-00 00:00:00','0000-00-00 00:00:00'),(9,521,'0000-00-00 00:00:00','0000-00-00 00:00:00'),(62,521,'0000-00-00 00:00:00','0000-00-00 00:00:00'),(9,522,'0000-00-00 00:00:00','0000-00-00 00:00:00'),(62,522,'0000-00-00 00:00:00','0000-00-00 00:00:00'),(9,523,'0000-00-00 00:00:00','0000-00-00 00:00:00'),(62,523,'0000-00-00 00:00:00','0000-00-00 00:00:00'),(9,524,'0000-00-00 00:00:00','0000-00-00 00:00:00'),(62,524,'0000-00-00 00:00:00','0000-00-00 00:00:00'),(9,525,'0000-00-00 00:00:00','0000-00-00 00:00:00'),(62,525,'0000-00-00 00:00:00','0000-00-00 00:00:00'),(9,526,'0000-00-00 00:00:00','0000-00-00 00:00:00'),(9,527,'0000-00-00 00:00:00','0000-00-00 00:00:00'),(9,528,'0000-00-00 00:00:00','0000-00-00 00:00:00'),(61,528,'0000-00-00 00:00:00','0000-00-00 00:00:00'),(9,529,'0000-00-00 00:00:00','0000-00-00 00:00:00'),(61,529,'0000-00-00 00:00:00','0000-00-00 00:00:00'),(9,530,'0000-00-00 00:00:00','0000-00-00 00:00:00'),(9,531,'0000-00-00 00:00:00','0000-00-00 00:00:00'),(61,531,'0000-00-00 00:00:00','0000-00-00 00:00:00'),(9,532,'0000-00-00 00:00:00','0000-00-00 00:00:00'),(61,532,'0000-00-00 00:00:00','0000-00-00 00:00:00'),(9,533,'0000-00-00 00:00:00','0000-00-00 00:00:00'),(64,533,'0000-00-00 00:00:00','0000-00-00 00:00:00'),(9,534,'0000-00-00 00:00:00','0000-00-00 00:00:00'),(64,534,'0000-00-00 00:00:00','0000-00-00 00:00:00'),(9,535,'0000-00-00 00:00:00','0000-00-00 00:00:00'),(9,536,'0000-00-00 00:00:00','0000-00-00 00:00:00'),(9,537,'0000-00-00 00:00:00','0000-00-00 00:00:00'),(9,538,'0000-00-00 00:00:00','0000-00-00 00:00:00'),(9,539,'0000-00-00 00:00:00','0000-00-00 00:00:00'),(9,540,'0000-00-00 00:00:00','0000-00-00 00:00:00'),(9,541,'0000-00-00 00:00:00','0000-00-00 00:00:00'),(9,542,'0000-00-00 00:00:00','0000-00-00 00:00:00'),(9,543,'0000-00-00 00:00:00','0000-00-00 00:00:00'),(9,544,'0000-00-00 00:00:00','0000-00-00 00:00:00'),(9,545,'0000-00-00 00:00:00','0000-00-00 00:00:00'),(9,546,'0000-00-00 00:00:00','0000-00-00 00:00:00'),(9,547,'0000-00-00 00:00:00','0000-00-00 00:00:00'),(9,548,'0000-00-00 00:00:00','0000-00-00 00:00:00');
/*!40000 ALTER TABLE `ems_participants_relations` ENABLE KEYS */;
UNLOCK TABLES;

--
-- Table structure for table `ems_password_resets`
--

DROP TABLE IF EXISTS `ems_password_resets`;
/*!40101 SET @saved_cs_client     = @@character_set_client */;
/*!40101 SET character_set_client = utf8 */;
CREATE TABLE `ems_password_resets` (
  `email` varchar(255) COLLATE utf8_unicode_ci NOT NULL,
  `token` varchar(255) COLLATE utf8_unicode_ci NOT NULL,
  `created_at` timestamp NOT NULL DEFAULT '0000-00-00 00:00:00',
  KEY `password_resets_email_index` (`email`),
  KEY `password_resets_token_index` (`token`)
) ENGINE=InnoDB DEFAULT CHARSET=utf8 COLLATE=utf8_unicode_ci;
/*!40101 SET character_set_client = @saved_cs_client */;

--
-- Dumping data for table `ems_password_resets`
--

LOCK TABLES `ems_password_resets` WRITE;
/*!40000 ALTER TABLE `ems_password_resets` DISABLE KEYS */;
/*!40000 ALTER TABLE `ems_password_resets` ENABLE KEYS */;
UNLOCK TABLES;

--
-- Table structure for table `ems_permission_role`
--

DROP TABLE IF EXISTS `ems_permission_role`;
/*!40101 SET @saved_cs_client     = @@character_set_client */;
/*!40101 SET character_set_client = utf8 */;
CREATE TABLE `ems_permission_role` (
  `id` int(10) unsigned NOT NULL AUTO_INCREMENT,
  `permission_id` int(10) unsigned NOT NULL,
  `role_id` int(10) unsigned NOT NULL,
  `created_at` timestamp NOT NULL DEFAULT '0000-00-00 00:00:00',
  `updated_at` timestamp NOT NULL DEFAULT '0000-00-00 00:00:00',
  PRIMARY KEY (`id`),
  KEY `permission_role_permission_id_index` (`permission_id`),
  KEY `permission_role_role_id_index` (`role_id`),
  CONSTRAINT `permission_role_permission_id_foreign` FOREIGN KEY (`permission_id`) REFERENCES `ems_permissions` (`id`) ON DELETE CASCADE,
  CONSTRAINT `permission_role_role_id_foreign` FOREIGN KEY (`role_id`) REFERENCES `ems_roles` (`id`) ON DELETE CASCADE
) ENGINE=InnoDB AUTO_INCREMENT=40 DEFAULT CHARSET=utf8 COLLATE=utf8_unicode_ci;
/*!40101 SET character_set_client = @saved_cs_client */;

--
-- Dumping data for table `ems_permission_role`
--

LOCK TABLES `ems_permission_role` WRITE;
/*!40000 ALTER TABLE `ems_permission_role` DISABLE KEYS */;
INSERT INTO `ems_permission_role` VALUES (1,1,1,'2015-04-27 02:09:03','2015-04-27 02:09:03'),(2,2,1,'2015-04-27 02:09:04','2015-04-27 02:09:04'),(3,5,1,'2015-04-27 02:09:04','2015-04-27 02:09:04'),(4,3,1,'2015-04-27 02:09:04','2015-04-27 02:09:04'),(5,4,1,'2015-04-27 02:09:04','2015-04-27 02:09:04'),(6,6,1,'2015-04-27 02:09:04','2015-04-27 02:09:04'),(7,7,1,'2015-04-27 02:09:04','2015-04-27 02:09:04'),(8,8,1,'2015-04-27 02:09:04','2015-04-27 02:09:04'),(9,9,1,'2015-04-27 02:09:04','2015-04-27 02:09:04'),(10,10,1,'2015-04-27 02:09:04','2015-04-27 02:09:04'),(11,11,1,'2015-04-27 02:09:04','2015-04-27 02:09:04'),(12,12,1,'2015-04-27 02:09:04','2015-04-27 02:09:04'),(13,13,1,'2015-04-27 02:09:04','2015-04-27 02:09:04'),(14,14,1,'2015-04-27 02:09:04','2015-04-27 02:09:04'),(15,15,1,'2015-04-27 02:09:04','2015-04-27 02:09:04'),(16,1,2,'2015-04-27 02:09:04','2015-04-27 02:09:04'),(17,2,2,'2015-04-27 02:09:05','2015-04-27 02:09:05'),(18,5,2,'2015-04-27 02:09:05','2015-04-27 02:09:05'),(19,3,2,'2015-04-27 02:09:05','2015-04-27 02:09:05'),(20,4,2,'2015-04-27 02:09:05','2015-04-27 02:09:05'),(21,6,2,'2015-04-27 02:09:05','2015-04-27 02:09:05'),(22,7,2,'2015-04-27 02:09:05','2015-04-27 02:09:05'),(23,8,2,'2015-04-27 02:09:05','2015-04-27 02:09:05'),(24,9,2,'2015-04-27 02:09:05','2015-04-27 02:09:05'),(25,10,2,'2015-04-27 02:09:05','2015-04-27 02:09:05'),(26,11,2,'2015-04-27 02:09:05','2015-04-27 02:09:05'),(27,12,2,'2015-04-27 02:09:05','2015-04-27 02:09:05'),(28,13,2,'2015-04-27 02:09:05','2015-04-27 02:09:05'),(29,14,2,'2015-04-27 02:09:05','2015-04-27 02:09:05'),(30,15,2,'2015-04-27 02:09:05','2015-04-27 02:09:05'),(31,5,3,'2015-04-27 02:09:05','2015-04-27 02:09:05'),(32,12,3,'2015-04-27 02:09:05','2015-04-27 02:09:05'),(33,13,3,'2015-04-27 02:09:05','2015-04-27 02:09:05'),(34,14,3,'2015-04-27 02:09:06','2015-04-27 02:09:06'),(35,15,3,'2015-04-27 02:09:06','2015-04-27 02:09:06'),(36,5,4,'2015-04-27 02:09:06','2015-04-27 02:09:06'),(37,9,4,'2015-04-27 02:09:06','2015-04-27 02:09:06'),(38,12,4,'2015-04-27 02:09:06','2015-04-27 02:09:06'),(39,15,4,'2015-04-27 02:09:06','2015-04-27 02:09:06');
/*!40000 ALTER TABLE `ems_permission_role` ENABLE KEYS */;
UNLOCK TABLES;

--
-- Table structure for table `ems_permission_user`
--

DROP TABLE IF EXISTS `ems_permission_user`;
/*!40101 SET @saved_cs_client     = @@character_set_client */;
/*!40101 SET character_set_client = utf8 */;
CREATE TABLE `ems_permission_user` (
  `id` int(10) unsigned NOT NULL AUTO_INCREMENT,
  `permission_id` int(10) unsigned NOT NULL,
  `user_id` int(10) unsigned NOT NULL,
  `created_at` timestamp NOT NULL DEFAULT '0000-00-00 00:00:00',
  `updated_at` timestamp NOT NULL DEFAULT '0000-00-00 00:00:00',
  PRIMARY KEY (`id`),
  KEY `permission_user_permission_id_index` (`permission_id`),
  KEY `permission_user_user_id_index` (`user_id`),
  CONSTRAINT `permission_user_permission_id_foreign` FOREIGN KEY (`permission_id`) REFERENCES `ems_permissions` (`id`) ON DELETE CASCADE,
  CONSTRAINT `permission_user_user_id_foreign` FOREIGN KEY (`user_id`) REFERENCES `ems_users` (`id`) ON DELETE CASCADE
) ENGINE=InnoDB DEFAULT CHARSET=utf8 COLLATE=utf8_unicode_ci;
/*!40101 SET character_set_client = @saved_cs_client */;

--
-- Dumping data for table `ems_permission_user`
--

LOCK TABLES `ems_permission_user` WRITE;
/*!40000 ALTER TABLE `ems_permission_user` DISABLE KEYS */;
/*!40000 ALTER TABLE `ems_permission_user` ENABLE KEYS */;
UNLOCK TABLES;

--
-- Table structure for table `ems_permissions`
--

DROP TABLE IF EXISTS `ems_permissions`;
/*!40101 SET @saved_cs_client     = @@character_set_client */;
/*!40101 SET character_set_client = utf8 */;
CREATE TABLE `ems_permissions` (
  `id` int(10) unsigned NOT NULL AUTO_INCREMENT,
  `name` varchar(255) COLLATE utf8_unicode_ci NOT NULL,
  `slug` varchar(255) COLLATE utf8_unicode_ci NOT NULL,
  `description` varchar(255) COLLATE utf8_unicode_ci NOT NULL,
  `model` varchar(255) COLLATE utf8_unicode_ci NOT NULL,
  `created_at` timestamp NOT NULL DEFAULT '0000-00-00 00:00:00',
  `updated_at` timestamp NOT NULL DEFAULT '0000-00-00 00:00:00',
  PRIMARY KEY (`id`)
) ENGINE=InnoDB AUTO_INCREMENT=16 DEFAULT CHARSET=utf8 COLLATE=utf8_unicode_ci;
/*!40101 SET character_set_client = @saved_cs_client */;

--
-- Dumping data for table `ems_permissions`
--

LOCK TABLES `ems_permissions` WRITE;
/*!40000 ALTER TABLE `ems_permissions` DISABLE KEYS */;
INSERT INTO `ems_permissions` VALUES (1,'Add Users','add.users','','App\\User','2015-04-27 02:09:03','2015-04-27 02:09:03'),(2,'Edit Users','edit.users','','App\\User','2015-04-27 02:09:03','2015-04-27 02:09:03'),(3,'Add Role','add.role','','App\\User','2015-04-27 02:09:03','2015-04-27 02:09:03'),(4,'Change Role','edit.role','','App\\User','2015-04-27 02:09:03','2015-04-27 02:09:03'),(5,'Edit User','edit.user','','App\\User','2015-04-27 02:09:03','2015-04-27 02:09:03'),(6,'Import Users','import.users','','App\\User','2015-04-27 02:09:03','2015-04-27 02:09:03'),(7,'Export Users','export.users','','App\\User','2015-04-27 02:09:03','2015-04-27 02:09:03'),(8,'Import CSV','import.csv','','','2015-04-27 02:09:03','2015-04-27 02:09:03'),(9,'Export CSV','export.csv','','','2015-04-27 02:09:03','2015-04-27 02:09:03'),(10,'Create Form','create.form','','','2015-04-27 02:09:03','2015-04-27 02:09:03'),(11,'Edit Form','edit.form','','','2015-04-27 02:09:03','2015-04-27 02:09:03'),(12,'View Form','view.form','','','2015-04-27 02:09:03','2015-04-27 02:09:03'),(13,'Add Data Entry','add.data','','','2015-04-27 02:09:03','2015-04-27 02:09:03'),(14,'Edit Data','edit.data','','','2015-04-27 02:09:03','2015-04-27 02:09:03'),(15,'View table','view.table','','','2015-04-27 02:09:03','2015-04-27 02:09:03');
/*!40000 ALTER TABLE `ems_permissions` ENABLE KEYS */;
UNLOCK TABLES;

--
-- Table structure for table `ems_role_user`
--

DROP TABLE IF EXISTS `ems_role_user`;
/*!40101 SET @saved_cs_client     = @@character_set_client */;
/*!40101 SET character_set_client = utf8 */;
CREATE TABLE `ems_role_user` (
  `id` int(10) unsigned NOT NULL AUTO_INCREMENT,
  `role_id` int(10) unsigned NOT NULL,
  `user_id` int(10) unsigned NOT NULL,
  `created_at` timestamp NOT NULL DEFAULT '0000-00-00 00:00:00',
  `updated_at` timestamp NOT NULL DEFAULT '0000-00-00 00:00:00',
  PRIMARY KEY (`id`),
  KEY `role_user_role_id_index` (`role_id`),
  KEY `role_user_user_id_index` (`user_id`),
  CONSTRAINT `role_user_role_id_foreign` FOREIGN KEY (`role_id`) REFERENCES `ems_roles` (`id`) ON DELETE CASCADE,
  CONSTRAINT `role_user_user_id_foreign` FOREIGN KEY (`user_id`) REFERENCES `ems_users` (`id`) ON DELETE CASCADE
) ENGINE=InnoDB AUTO_INCREMENT=2 DEFAULT CHARSET=utf8 COLLATE=utf8_unicode_ci;
/*!40101 SET character_set_client = @saved_cs_client */;

--
-- Dumping data for table `ems_role_user`
--

LOCK TABLES `ems_role_user` WRITE;
/*!40000 ALTER TABLE `ems_role_user` DISABLE KEYS */;
INSERT INTO `ems_role_user` VALUES (1,1,1,'2015-04-27 02:09:37','2015-04-27 02:09:37');
/*!40000 ALTER TABLE `ems_role_user` ENABLE KEYS */;
UNLOCK TABLES;

--
-- Table structure for table `ems_roles`
--

DROP TABLE IF EXISTS `ems_roles`;
/*!40101 SET @saved_cs_client     = @@character_set_client */;
/*!40101 SET character_set_client = utf8 */;
CREATE TABLE `ems_roles` (
  `id` int(10) unsigned NOT NULL AUTO_INCREMENT,
  `name` varchar(255) COLLATE utf8_unicode_ci NOT NULL,
  `slug` varchar(255) COLLATE utf8_unicode_ci NOT NULL,
  `description` varchar(255) COLLATE utf8_unicode_ci NOT NULL,
  `level` int(11) NOT NULL DEFAULT '1',
  `created_at` timestamp NOT NULL DEFAULT '0000-00-00 00:00:00',
  `updated_at` timestamp NOT NULL DEFAULT '0000-00-00 00:00:00',
  PRIMARY KEY (`id`),
  UNIQUE KEY `roles_slug_unique` (`slug`)
) ENGINE=InnoDB AUTO_INCREMENT=5 DEFAULT CHARSET=utf8 COLLATE=utf8_unicode_ci;
/*!40101 SET character_set_client = @saved_cs_client */;

--
-- Dumping data for table `ems_roles`
--

LOCK TABLES `ems_roles` WRITE;
/*!40000 ALTER TABLE `ems_roles` DISABLE KEYS */;
INSERT INTO `ems_roles` VALUES (1,'Admin','admin','',10,'2015-04-27 02:09:02','2015-04-27 02:09:02'),(2,'Offic Staff','staff','',9,'2015-04-27 02:09:02','2015-04-27 02:09:02'),(3,'Data Entry','dataentry','',5,'2015-04-27 02:09:02','2015-04-27 02:09:02'),(4,'Analyst','analyst','',1,'2015-04-27 02:09:03','2015-04-27 02:09:03');
/*!40000 ALTER TABLE `ems_roles` ENABLE KEYS */;
UNLOCK TABLES;

--
-- Table structure for table `ems_spot_checker_answers`
--

DROP TABLE IF EXISTS `ems_spot_checker_answers`;
/*!40101 SET @saved_cs_client     = @@character_set_client */;
/*!40101 SET character_set_client = utf8 */;
CREATE TABLE `ems_spot_checker_answers` (
  `id` int(10) unsigned NOT NULL AUTO_INCREMENT,
  `form_id` int(10) unsigned DEFAULT NULL,
  `enumerator_form_id` int(10) unsigned DEFAULT NULL,
  `user_id` int(10) unsigned DEFAULT NULL,
  `psu` int(11) NOT NULL,
  `spotchecker_id` int(10) unsigned DEFAULT NULL,
  `accuracy` tinyint(1) NOT NULL,
  `form_complete` tinyint(1) NOT NULL,
  `notes` text COLLATE utf8_unicode_ci NOT NULL,
  `answers` text COLLATE utf8_unicode_ci NOT NULL,
  `created_at` timestamp NOT NULL DEFAULT '0000-00-00 00:00:00',
  `updated_at` timestamp NOT NULL DEFAULT '0000-00-00 00:00:00',
  PRIMARY KEY (`id`),
  KEY `spot_checker_answers_form_id_foreign` (`form_id`),
  KEY `spot_checker_answers_enumerator_form_id_foreign` (`enumerator_form_id`),
  KEY `spot_checker_answers_spotchecker_id_foreign` (`spotchecker_id`),
  KEY `spot_checker_answers_user_id_foreign` (`user_id`),
  CONSTRAINT `spot_checker_answers_form_id_foreign` FOREIGN KEY (`form_id`) REFERENCES `ems_ems_forms` (`id`) ON DELETE CASCADE,
  CONSTRAINT `spot_checker_answers_spotchecker_id_foreign` FOREIGN KEY (`spotchecker_id`) REFERENCES `ems_participants` (`participant_id`) ON DELETE SET NULL,
  CONSTRAINT `spot_checker_answers_user_id_foreign` FOREIGN KEY (`user_id`) REFERENCES `ems_users` (`id`) ON DELETE SET NULL
) ENGINE=InnoDB DEFAULT CHARSET=utf8 COLLATE=utf8_unicode_ci;
/*!40101 SET character_set_client = @saved_cs_client */;

--
-- Dumping data for table `ems_spot_checker_answers`
--

LOCK TABLES `ems_spot_checker_answers` WRITE;
/*!40000 ALTER TABLE `ems_spot_checker_answers` DISABLE KEYS */;
/*!40000 ALTER TABLE `ems_spot_checker_answers` ENABLE KEYS */;
UNLOCK TABLES;

--
-- Table structure for table `ems_spotcheckers_townships`
--

DROP TABLE IF EXISTS `ems_spotcheckers_townships`;
/*!40101 SET @saved_cs_client     = @@character_set_client */;
/*!40101 SET character_set_client = utf8 */;
CREATE TABLE `ems_spotcheckers_townships` (
  `id` int(10) unsigned NOT NULL AUTO_INCREMENT,
  `townships_id` int(10) unsigned NOT NULL,
  `spotcheckers_id` int(10) unsigned NOT NULL,
  `created_at` timestamp NOT NULL DEFAULT '0000-00-00 00:00:00',
  `updated_at` timestamp NOT NULL DEFAULT '0000-00-00 00:00:00',
  PRIMARY KEY (`id`),
  KEY `spotcheckers_townships_townships_id_index` (`townships_id`),
  KEY `spotcheckers_townships_spotcheckers_id_index` (`spotcheckers_id`),
  CONSTRAINT `spotcheckers_townships_spotcheckers_id_foreign` FOREIGN KEY (`spotcheckers_id`) REFERENCES `ems_participants` (`id`) ON DELETE CASCADE,
  CONSTRAINT `spotcheckers_townships_townships_id_foreign` FOREIGN KEY (`townships_id`) REFERENCES `ems_townships` (`id`) ON DELETE CASCADE
) ENGINE=InnoDB AUTO_INCREMENT=79 DEFAULT CHARSET=utf8 COLLATE=utf8_unicode_ci;
/*!40101 SET character_set_client = @saved_cs_client */;

--
-- Dumping data for table `ems_spotcheckers_townships`
--

LOCK TABLES `ems_spotcheckers_townships` WRITE;
/*!40000 ALTER TABLE `ems_spotcheckers_townships` DISABLE KEYS */;
INSERT INTO `ems_spotcheckers_townships` VALUES (1,2,18,'2015-04-27 03:02:01','2015-04-27 03:02:01'),(2,12,19,'2015-04-27 03:02:01','2015-04-27 03:02:01'),(3,13,20,'2015-04-27 03:02:01','2015-04-27 03:02:01'),(4,19,21,'2015-04-27 03:02:02','2015-04-27 03:02:02'),(5,23,22,'2015-04-27 03:02:02','2015-04-27 03:02:02'),(6,24,22,'2015-04-27 03:02:02','2015-04-27 03:02:02'),(7,17,23,'2015-04-27 03:02:02','2015-04-27 03:02:02'),(8,16,23,'2015-04-27 03:02:02','2015-04-27 03:02:02'),(9,33,24,'2015-04-27 03:02:03','2015-04-27 03:02:03'),(10,25,25,'2015-04-27 03:02:03','2015-04-27 03:02:03'),(11,44,26,'2015-04-27 03:02:03','2015-04-27 03:02:03'),(12,40,27,'2015-04-27 03:02:03','2015-04-27 03:02:03'),(13,38,28,'2015-04-27 03:02:03','2015-04-27 03:02:03'),(14,39,28,'2015-04-27 03:02:03','2015-04-27 03:02:03'),(15,48,29,'2015-04-27 03:02:04','2015-04-27 03:02:04'),(16,54,30,'2015-04-27 03:02:04','2015-04-27 03:02:04'),(17,55,31,'2015-04-27 03:02:04','2015-04-27 03:02:04'),(18,52,31,'2015-04-27 03:02:04','2015-04-27 03:02:04'),(19,54,31,'2015-04-27 03:02:04','2015-04-27 03:02:04'),(20,61,32,'2015-04-27 03:02:04','2015-04-27 03:02:04'),(21,60,32,'2015-04-27 03:02:04','2015-04-27 03:02:04'),(22,67,33,'2015-04-27 03:02:05','2015-04-27 03:02:05'),(23,66,33,'2015-04-27 03:02:05','2015-04-27 03:02:05'),(24,82,34,'2015-04-27 03:02:05','2015-04-27 03:02:05'),(25,76,35,'2015-04-27 03:02:05','2015-04-27 03:02:05'),(26,74,35,'2015-04-27 03:02:05','2015-04-27 03:02:05'),(27,84,36,'2015-04-27 03:02:05','2015-04-27 03:02:05'),(28,70,37,'2015-04-27 03:02:06','2015-04-27 03:02:06'),(29,107,38,'2015-04-27 03:02:06','2015-04-27 03:02:06'),(30,108,39,'2015-04-27 03:02:06','2015-04-27 03:02:06'),(31,99,40,'2015-04-27 03:02:06','2015-04-27 03:02:06'),(32,97,40,'2015-04-27 03:02:06','2015-04-27 03:02:06'),(33,98,40,'2015-04-27 03:02:06','2015-04-27 03:02:06'),(34,95,41,'2015-04-27 03:02:06','2015-04-27 03:02:06'),(35,94,41,'2015-04-27 03:02:06','2015-04-27 03:02:06'),(36,112,41,'2015-04-27 03:02:07','2015-04-27 03:02:07'),(37,105,42,'2015-04-27 03:02:07','2015-04-27 03:02:07'),(38,89,43,'2015-04-27 03:02:07','2015-04-27 03:02:07'),(39,90,43,'2015-04-27 03:02:07','2015-04-27 03:02:07'),(40,117,44,'2015-04-27 03:02:07','2015-04-27 03:02:07'),(41,114,44,'2015-04-27 03:02:07','2015-04-27 03:02:07'),(42,115,44,'2015-04-27 03:02:07','2015-04-27 03:02:07'),(43,118,45,'2015-04-27 03:02:08','2015-04-27 03:02:08'),(44,121,46,'2015-04-27 03:02:08','2015-04-27 03:02:08'),(45,122,46,'2015-04-27 03:02:08','2015-04-27 03:02:08'),(46,128,47,'2015-04-27 03:02:08','2015-04-27 03:02:08'),(47,141,47,'2015-04-27 03:02:08','2015-04-27 03:02:08'),(48,136,48,'2015-04-27 03:02:08','2015-04-27 03:02:08'),(49,140,49,'2015-04-27 03:02:08','2015-04-27 03:02:08'),(50,143,50,'2015-04-27 03:02:09','2015-04-27 03:02:09'),(51,144,50,'2015-04-27 03:02:09','2015-04-27 03:02:09'),(52,142,50,'2015-04-27 03:02:09','2015-04-27 03:02:09'),(53,168,51,'2015-04-27 03:02:09','2015-04-27 03:02:09'),(54,157,52,'2015-04-27 03:02:09','2015-04-27 03:02:09'),(55,158,52,'2015-04-27 03:02:09','2015-04-27 03:02:09'),(56,159,52,'2015-04-27 03:02:09','2015-04-27 03:02:09'),(57,163,53,'2015-04-27 03:02:10','2015-04-27 03:02:10'),(58,160,54,'2015-04-27 03:02:10','2015-04-27 03:02:10'),(59,161,54,'2015-04-27 03:02:10','2015-04-27 03:02:10'),(60,170,55,'2015-04-27 03:02:10','2015-04-27 03:02:10'),(61,171,55,'2015-04-27 03:02:10','2015-04-27 03:02:10'),(62,173,56,'2015-04-27 03:02:10','2015-04-27 03:02:10'),(63,193,57,'2015-04-27 03:02:10','2015-04-27 03:02:10'),(64,178,58,'2015-04-27 03:02:11','2015-04-27 03:02:11'),(65,183,59,'2015-04-27 03:02:11','2015-04-27 03:02:11'),(66,199,60,'2015-04-27 03:02:11','2015-04-27 03:02:11'),(67,225,61,'2015-04-27 03:02:11','2015-04-27 03:02:11'),(68,223,61,'2015-04-27 03:02:11','2015-04-27 03:02:11'),(69,221,62,'2015-04-27 03:02:12','2015-04-27 03:02:12'),(70,206,63,'2015-04-27 03:02:12','2015-04-27 03:02:12'),(71,225,64,'2015-04-27 03:02:12','2015-04-27 03:02:12'),(72,226,64,'2015-04-27 03:02:12','2015-04-27 03:02:12'),(73,218,65,'2015-04-27 03:02:12','2015-04-27 03:02:12'),(74,216,65,'2015-04-27 03:02:13','2015-04-27 03:02:13'),(75,207,66,'2015-04-27 03:02:13','2015-04-27 03:02:13'),(76,212,67,'2015-04-27 03:02:13','2015-04-27 03:02:13'),(77,208,67,'2015-04-27 03:02:13','2015-04-27 03:02:13'),(78,210,67,'2015-04-27 03:02:13','2015-04-27 03:02:13');
/*!40000 ALTER TABLE `ems_spotcheckers_townships` ENABLE KEYS */;
UNLOCK TABLES;

--
-- Table structure for table `ems_states`
--

DROP TABLE IF EXISTS `ems_states`;
/*!40101 SET @saved_cs_client     = @@character_set_client */;
/*!40101 SET character_set_client = utf8 */;
CREATE TABLE `ems_states` (
  `id` int(10) unsigned NOT NULL AUTO_INCREMENT,
  `state_id` int(10) unsigned NOT NULL,
  `state` varchar(255) COLLATE utf8_unicode_ci NOT NULL,
  `created_at` timestamp NOT NULL DEFAULT '0000-00-00 00:00:00',
  `updated_at` timestamp NOT NULL DEFAULT '0000-00-00 00:00:00',
  PRIMARY KEY (`id`),
  UNIQUE KEY `states_state_id_unique` (`state_id`)
) ENGINE=InnoDB AUTO_INCREMENT=19 DEFAULT CHARSET=utf8 COLLATE=utf8_unicode_ci;
/*!40101 SET character_set_client = @saved_cs_client */;

--
-- Dumping data for table `ems_states`
--

LOCK TABLES `ems_states` WRITE;
/*!40000 ALTER TABLE `ems_states` DISABLE KEYS */;
INSERT INTO `ems_states` VALUES (1,117,'Ayeyarwady','2015-04-27 02:14:50','2015-04-27 02:14:50'),(2,107,'Bago (East)','2015-04-27 02:14:57','2015-04-27 02:14:57'),(3,108,'Bago (West)','2015-04-27 02:14:59','2015-04-27 02:14:59'),(4,104,'Chin','2015-04-27 02:15:01','2015-04-27 02:15:01'),(5,101,'Kachin','2015-04-27 02:15:02','2015-04-27 02:15:02'),(6,102,'Kayah','2015-04-27 02:15:04','2015-04-27 02:15:04'),(7,103,'Kayin','2015-04-27 02:15:04','2015-04-27 02:15:04'),(8,109,'Magway','2015-04-27 02:15:06','2015-04-27 02:15:06'),(9,110,'Mandalay','2015-04-27 02:15:10','2015-04-27 02:15:10'),(10,111,'Mon','2015-04-27 02:15:20','2015-04-27 02:15:20'),(11,118,'Naypyitaw','2015-04-27 02:15:23','2015-04-27 02:15:23'),(12,112,'Rakhine','2015-04-27 02:15:26','2015-04-27 02:15:26'),(13,105,'Sagaing','2015-04-27 02:15:29','2015-04-27 02:15:29'),(14,116,'Shan (East)','2015-04-27 02:15:34','2015-04-27 02:15:34'),(15,115,'Shan (North)','2015-04-27 02:15:34','2015-04-27 02:15:34'),(16,114,'Shan (South)','2015-04-27 02:15:37','2015-04-27 02:15:37'),(17,106,'Tanintharyi','2015-04-27 02:15:40','2015-04-27 02:15:40'),(18,113,'Yangon','2015-04-27 02:15:42','2015-04-27 02:15:42');
/*!40000 ALTER TABLE `ems_states` ENABLE KEYS */;
UNLOCK TABLES;

--
-- Table structure for table `ems_townships`
--

DROP TABLE IF EXISTS `ems_townships`;
/*!40101 SET @saved_cs_client     = @@character_set_client */;
/*!40101 SET character_set_client = utf8 */;
CREATE TABLE `ems_townships` (
  `id` int(10) unsigned NOT NULL AUTO_INCREMENT,
  `districts_id` int(10) unsigned NOT NULL,
  `township` varchar(255) COLLATE utf8_unicode_ci NOT NULL,
  `created_at` timestamp NOT NULL DEFAULT '0000-00-00 00:00:00',
  `updated_at` timestamp NOT NULL DEFAULT '0000-00-00 00:00:00',
  PRIMARY KEY (`id`),
  KEY `townships_districts_id_index` (`districts_id`),
  CONSTRAINT `townships_districts_id_foreign` FOREIGN KEY (`districts_id`) REFERENCES `ems_districts` (`id`) ON DELETE CASCADE
) ENGINE=InnoDB AUTO_INCREMENT=240 DEFAULT CHARSET=utf8 COLLATE=utf8_unicode_ci;
/*!40101 SET character_set_client = @saved_cs_client */;

--
-- Dumping data for table `ems_townships`
--

LOCK TABLES `ems_townships` WRITE;
/*!40000 ALTER TABLE `ems_townships` DISABLE KEYS */;
INSERT INTO `ems_townships` VALUES (1,1,'Pathein','2015-04-27 02:14:50','2015-04-27 02:14:50'),(2,1,'Kangyidaunt','2015-04-27 02:14:51','2015-04-27 02:14:51'),(3,1,'Thabaung','2015-04-27 02:14:52','2015-04-27 02:14:52'),(4,1,'Ngapudaw','2015-04-27 02:14:52','2015-04-27 02:14:52'),(5,1,'Kyonpyaw','2015-04-27 02:14:52','2015-04-27 02:14:52'),(6,1,'Yegyi','2015-04-27 02:14:52','2015-04-27 02:14:52'),(7,1,'Kyaunggon','2015-04-27 02:14:53','2015-04-27 02:14:53'),(8,2,'Hinthada','2015-04-27 02:14:53','2015-04-27 02:14:53'),(9,2,'Zalun','2015-04-27 02:14:53','2015-04-27 02:14:53'),(10,2,'Myanaung','2015-04-27 02:14:54','2015-04-27 02:14:54'),(11,2,'Kyangin','2015-04-27 02:14:54','2015-04-27 02:14:54'),(12,2,'Ingapu','2015-04-27 02:14:54','2015-04-27 02:14:54'),(13,3,'Myaungmya','2015-04-27 02:14:54','2015-04-27 02:14:54'),(14,3,'Einme','2015-04-27 02:14:54','2015-04-27 02:14:54'),(15,3,'Wakema','2015-04-27 02:14:55','2015-04-27 02:14:55'),(16,4,'Labutta','2015-04-27 02:14:55','2015-04-27 02:14:55'),(17,4,'Mawlamyinegyun','2015-04-27 02:14:55','2015-04-27 02:14:55'),(18,5,'Maubin','2015-04-27 02:14:55','2015-04-27 02:14:55'),(19,5,'Pantanaw','2015-04-27 02:14:55','2015-04-27 02:14:55'),(20,5,'Nyaungdon','2015-04-27 02:14:56','2015-04-27 02:14:56'),(21,5,'Danubyu','2015-04-27 02:14:56','2015-04-27 02:14:56'),(22,6,'Bogale','2015-04-27 02:14:56','2015-04-27 02:14:56'),(23,6,'Kyaiklat','2015-04-27 02:14:56','2015-04-27 02:14:56'),(24,6,'Dedaye','2015-04-27 02:14:57','2015-04-27 02:14:57'),(25,7,'Bago','2015-04-27 02:14:57','2015-04-27 02:14:57'),(26,7,'Thanatpin','2015-04-27 02:14:57','2015-04-27 02:14:57'),(27,7,'Kawa','2015-04-27 02:14:57','2015-04-27 02:14:57'),(28,7,'Waw','2015-04-27 02:14:57','2015-04-27 02:14:57'),(29,7,'Nyaunglebin','2015-04-27 02:14:58','2015-04-27 02:14:58'),(30,7,'Daik-U','2015-04-27 02:14:58','2015-04-27 02:14:58'),(31,7,'Shwegyin','2015-04-27 02:14:58','2015-04-27 02:14:58'),(32,8,'Taungoo','2015-04-27 02:14:58','2015-04-27 02:14:58'),(33,8,'Yedashe','2015-04-27 02:14:59','2015-04-27 02:14:59'),(34,8,'Phyu','2015-04-27 02:14:59','2015-04-27 02:14:59'),(35,8,'Oktwin','2015-04-27 02:14:59','2015-04-27 02:14:59'),(36,66,'Htantabin','2015-04-27 02:14:59','2015-05-15 09:38:52'),(37,9,'Pyay','2015-04-27 02:14:59','2015-04-27 02:14:59'),(38,9,'Paukkhaung','2015-04-27 02:15:00','2015-04-27 02:15:00'),(39,9,'Padaung','2015-04-27 02:15:00','2015-04-27 02:15:00'),(40,9,'Thegon','2015-04-27 02:15:00','2015-04-27 02:15:00'),(41,9,'Shwedaung','2015-04-27 02:15:00','2015-04-27 02:15:00'),(42,10,'Thayarwady','2015-04-27 02:15:00','2015-04-27 02:15:00'),(43,10,'Letpadan','2015-04-27 02:15:00','2015-04-27 02:15:00'),(44,10,'Okpho','2015-04-27 02:15:01','2015-04-27 02:15:01'),(45,10,'Zigon','2015-04-27 02:15:01','2015-04-27 02:15:01'),(46,10,'Nattalin','2015-04-27 02:15:01','2015-04-27 02:15:01'),(47,10,'Monyo','2015-04-27 02:15:01','2015-04-27 02:15:01'),(48,11,'Falam','2015-04-27 02:15:01','2015-04-27 02:15:01'),(49,12,'Mindat','2015-04-27 02:15:02','2015-04-27 02:15:02'),(50,13,'Hakha','2015-04-27 02:15:02','2015-04-27 02:15:02'),(51,13,'Thantlang','2015-04-27 02:15:02','2015-04-27 02:15:02'),(52,14,'Waingmaw','2015-04-27 02:15:02','2015-04-27 02:15:02'),(53,14,'Injangyang','2015-04-27 02:15:02','2015-04-27 02:15:02'),(54,15,'Mohnyin','2015-04-27 02:15:02','2015-04-27 02:15:02'),(55,15,'Hpakant','2015-04-27 02:15:03','2015-04-27 02:15:03'),(56,16,'Bhamo','2015-04-27 02:15:03','2015-04-27 02:15:03'),(57,16,'Momauk','2015-04-27 02:15:03','2015-04-27 02:15:03'),(58,17,'Puta-O','2015-04-27 02:15:03','2015-04-27 02:15:03'),(59,17,'Sumprabum','2015-04-27 02:15:03','2015-04-27 02:15:03'),(60,18,'Loikaw','2015-04-27 02:15:04','2015-04-27 02:15:04'),(61,18,'Hpruso','2015-04-27 02:15:04','2015-04-27 02:15:04'),(62,18,'Shadaw','2015-04-27 02:15:04','2015-04-27 02:15:04'),(63,19,'Hpa-An','2015-04-27 02:15:04','2015-04-27 02:15:04'),(64,19,'Hlaingbwe','2015-04-27 02:15:05','2015-04-27 02:15:05'),(65,19,'Thandaunggyi','2015-04-27 02:15:05','2015-04-27 02:15:05'),(66,20,'Kawkareik','2015-04-27 02:15:05','2015-04-27 02:15:05'),(67,20,'Kyainseikgyi','2015-04-27 02:15:05','2015-04-27 02:15:05'),(68,21,'Magway','2015-04-27 02:15:06','2015-04-27 02:15:06'),(69,21,'Yenangyaung','2015-04-27 02:15:06','2015-04-27 02:15:06'),(70,21,'Chauk','2015-04-27 02:15:06','2015-04-27 02:15:06'),(71,21,'Taungdwingyi','2015-04-27 02:15:06','2015-04-27 02:15:06'),(72,21,'Myothit','2015-04-27 02:15:06','2015-04-27 02:15:06'),(73,21,'Natmauk','2015-04-27 02:15:07','2015-04-27 02:15:07'),(74,22,'Minbu','2015-04-27 02:15:07','2015-04-27 02:15:07'),(75,22,'Pwintbyu','2015-04-27 02:15:07','2015-04-27 02:15:07'),(76,22,'Ngape','2015-04-27 02:15:07','2015-04-27 02:15:07'),(77,22,'Salin','2015-04-27 02:15:08','2015-04-27 02:15:08'),(78,23,'Thayet','2015-04-27 02:15:08','2015-04-27 02:15:08'),(79,23,'Mindon','2015-04-27 02:15:08','2015-04-27 02:15:08'),(80,23,'Kamma','2015-04-27 02:15:08','2015-04-27 02:15:08'),(81,23,'Aunglan','2015-04-27 02:15:09','2015-04-27 02:15:09'),(82,23,'Sinbaungwe','2015-04-27 02:15:09','2015-04-27 02:15:09'),(83,24,'Pakokku','2015-04-27 02:15:09','2015-04-27 02:15:09'),(84,24,'Yesagyo','2015-04-27 02:15:09','2015-04-27 02:15:09'),(85,24,'Pauk','2015-04-27 02:15:09','2015-04-27 02:15:09'),(86,24,'Seikphyu','2015-04-27 02:15:10','2015-04-27 02:15:10'),(87,25,'Gangaw','2015-04-27 02:15:10','2015-04-27 02:15:10'),(88,25,'Tilin','2015-04-27 02:15:10','2015-04-27 02:15:10'),(89,26,'Aungmyaythazan','2015-04-27 02:15:11','2015-04-27 02:15:11'),(90,26,'Chanayethazan','2015-04-27 02:15:11','2015-04-27 02:15:11'),(91,26,'Mahaaungmyay','2015-04-27 02:15:11','2015-04-27 02:15:11'),(92,26,'Amarapura','2015-04-27 02:15:12','2015-04-27 02:15:12'),(93,27,'Pyinoolwin','2015-04-27 02:15:12','2015-04-27 02:15:12'),(94,27,'Madaya','2015-04-27 02:15:12','2015-04-27 02:15:12'),(95,27,'Singu','2015-04-27 02:15:13','2015-04-27 02:15:13'),(96,27,'Thabeikkyin','2015-04-27 02:15:14','2015-04-27 02:15:14'),(97,28,'Kyaukse','2015-04-27 02:15:14','2015-04-27 02:15:14'),(98,28,'Myittha','2015-04-27 02:15:15','2015-04-27 02:15:15'),(99,28,'Tada-U','2015-04-27 02:15:15','2015-04-27 02:15:15'),(100,29,'Myingyan','2015-04-27 02:15:15','2015-04-27 02:15:15'),(101,29,'Taungtha','2015-04-27 02:15:15','2015-04-27 02:15:15'),(102,29,'Natogyi','2015-04-27 02:15:16','2015-04-27 02:15:16'),(103,29,'Kyaukpadaung','2015-04-27 02:15:16','2015-04-27 02:15:16'),(104,29,'Ngazun','2015-04-27 02:15:16','2015-04-27 02:15:16'),(105,30,'Nyaung-U','2015-04-27 02:15:17','2015-04-27 02:15:17'),(106,31,'Yamethin','2015-04-27 02:15:17','2015-04-27 02:15:17'),(107,31,'Pyawbwe','2015-04-27 02:15:18','2015-04-27 02:15:18'),(108,32,'Meiktila','2015-04-27 02:15:18','2015-04-27 02:15:18'),(109,32,'Mahlaing','2015-04-27 02:15:19','2015-04-27 02:15:19'),(110,32,'Thazi','2015-04-27 02:15:19','2015-04-27 02:15:19'),(111,32,'Wundwin','2015-04-27 02:15:19','2015-04-27 02:15:19'),(112,33,'Nay Pyi Taw-Pyinmana','2015-04-27 02:15:20','2015-04-27 02:15:20'),(113,34,'Kyaikmaraw','2015-04-27 02:15:20','2015-04-27 02:15:20'),(114,34,'Chaungzon','2015-04-27 02:15:21','2015-04-27 02:15:21'),(115,34,'Thanbyuzayat','2015-04-27 02:15:21','2015-04-27 02:15:21'),(116,34,'Mudon','2015-04-27 02:15:22','2015-04-27 02:15:22'),(117,34,'Ye','2015-04-27 02:15:22','2015-04-27 02:15:22'),(118,35,'Thaton','2015-04-27 02:15:22','2015-04-27 02:15:22'),(119,35,'Paung','2015-04-27 02:15:23','2015-04-27 02:15:23'),(120,35,'Kyaikto','2015-04-27 02:15:23','2015-04-27 02:15:23'),(121,36,'Zay Yar Thi Ri','2015-04-27 02:15:24','2015-04-27 02:15:24'),(122,36,'Tatkon','2015-04-27 02:15:24','2015-04-27 02:15:24'),(123,36,'Poke Ba Thi Ri','2015-04-27 02:15:25','2015-04-27 02:15:25'),(124,37,'Za Bu Thi Ri','2015-04-27 02:15:25','2015-04-27 02:15:25'),(125,37,'Det Khi Na Thi Ri ','2015-04-27 02:15:26','2015-04-27 02:15:26'),(126,37,'Pyinmana','2015-04-27 02:15:26','2015-04-27 02:15:26'),(127,37,'Lewe','2015-04-27 02:15:26','2015-04-27 02:15:26'),(128,38,'Sittwe','2015-04-27 02:15:26','2015-04-27 02:15:26'),(129,38,'Ponnagyun','2015-04-27 02:15:27','2015-04-27 02:15:27'),(130,38,'Pauktaw','2015-04-27 02:15:27','2015-04-27 02:15:27'),(131,38,'Rathedaung','2015-04-27 02:15:27','2015-04-27 02:15:27'),(132,39,'Maungdaw','2015-04-27 02:15:27','2015-04-27 02:15:27'),(133,39,'Buthidaung','2015-04-27 02:15:27','2015-04-27 02:15:27'),(134,40,'Kyaukpyu','2015-04-27 02:15:27','2015-04-27 02:15:27'),(135,40,'Ramree','2015-04-27 02:15:28','2015-04-27 02:15:28'),(136,40,'Ann','2015-04-27 02:15:28','2015-04-27 02:15:28'),(137,41,'Thandwe','2015-04-27 02:15:28','2015-04-27 02:15:28'),(138,41,'Toungup','2015-04-27 02:15:28','2015-04-27 02:15:28'),(139,42,'Mrauk-U','2015-04-27 02:15:28','2015-04-27 02:15:28'),(140,42,'Kyauktaw','2015-04-27 02:15:29','2015-04-27 02:15:29'),(141,42,'Minbya','2015-04-27 02:15:29','2015-04-27 02:15:29'),(142,43,'Sagaing','2015-04-27 02:15:29','2015-04-27 02:15:29'),(143,43,'Myinmu','2015-04-27 02:15:29','2015-04-27 02:15:29'),(144,43,'Myaung','2015-04-27 02:15:29','2015-04-27 02:15:29'),(145,44,'Shwebo','2015-04-27 02:15:30','2015-04-27 02:15:30'),(146,44,'Khin-U','2015-04-27 02:15:30','2015-04-27 02:15:30'),(147,44,'Wetlet','2015-04-27 02:15:30','2015-04-27 02:15:30'),(148,44,'Kanbalu','2015-04-27 02:15:30','2015-04-27 02:15:30'),(149,44,'Ye-U','2015-04-27 02:15:30','2015-04-27 02:15:30'),(150,44,'Tabayin','2015-04-27 02:15:30','2015-04-27 02:15:30'),(151,44,'Taze','2015-04-27 02:15:30','2015-04-27 02:15:30'),(152,45,'Budalin','2015-04-27 02:15:30','2015-04-27 02:15:30'),(153,45,'Chaung-U','2015-04-27 02:15:30','2015-04-27 02:15:30'),(154,46,'Katha','2015-04-27 02:15:31','2015-04-27 02:15:31'),(155,46,'Wuntho','2015-04-27 02:15:31','2015-04-27 02:15:31'),(156,46,'Pinlebu','2015-04-27 02:15:31','2015-04-27 02:15:31'),(157,47,'Kale','2015-04-27 02:15:31','2015-04-27 02:15:31'),(158,47,'Kalewa','2015-04-27 02:15:31','2015-04-27 02:15:31'),(159,47,'Mingin','2015-04-27 02:15:31','2015-04-27 02:15:31'),(160,48,'Tamu','2015-04-27 02:15:32','2015-04-27 02:15:32'),(161,49,'Mawlaik','2015-04-27 02:15:32','2015-04-27 02:15:32'),(162,49,'Paungbyin','2015-04-27 02:15:32','2015-04-27 02:15:32'),(163,50,'Hkamti','2015-04-27 02:15:32','2015-04-27 02:15:32'),(164,50,'Homalin','2015-04-27 02:15:32','2015-04-27 02:15:32'),(165,50,'Lahe','2015-04-27 02:15:33','2015-04-27 02:15:33'),(166,50,'Nanyun','2015-04-27 02:15:33','2015-04-27 02:15:33'),(167,51,'Yinmabin','2015-04-27 02:15:33','2015-04-27 02:15:33'),(168,51,'Kani','2015-04-27 02:15:33','2015-04-27 02:15:33'),(169,51,'Pale','2015-04-27 02:15:33','2015-04-27 02:15:33'),(170,52,'Mongkhet','2015-04-27 02:15:34','2015-04-27 02:15:34'),(171,52,'Mongyang','2015-04-27 02:15:34','2015-04-27 02:15:34'),(172,53,'Monghsat','2015-04-27 02:15:34','2015-04-27 02:15:34'),(173,53,'Mongping','2015-04-27 02:15:34','2015-04-27 02:15:34'),(174,54,'Tachileik','2015-04-27 02:15:34','2015-04-27 02:15:34'),(175,55,'Monghpyak','2015-04-27 02:15:34','2015-04-27 02:15:34'),(176,56,'Lashio','2015-04-27 02:15:35','2015-04-27 02:15:35'),(177,56,'Mongyai','2015-04-27 02:15:35','2015-04-27 02:15:35'),(178,56,'Tangyan','2015-04-27 02:15:35','2015-04-27 02:15:35'),(179,57,'Muse','2015-04-27 02:15:35','2015-04-27 02:15:35'),(180,58,'Nawnghkio','2015-04-27 02:15:36','2015-04-27 02:15:36'),(181,58,'Hsipaw','2015-04-27 02:15:36','2015-04-27 02:15:36'),(182,58,'Mongmit','2015-04-27 02:15:36','2015-04-27 02:15:36'),(183,58,'Mabein','2015-04-27 02:15:36','2015-04-27 02:15:36'),(184,58,'Manton','2015-04-27 02:15:36','2015-04-27 02:15:36'),(185,59,'Hopang','2015-04-27 02:15:37','2015-04-27 02:15:37'),(186,60,'Taunggyi','2015-04-27 02:15:37','2015-04-27 02:15:37'),(187,60,'Nyaungshwe','2015-04-27 02:15:37','2015-04-27 02:15:37'),(188,60,'Hopong','2015-04-27 02:15:37','2015-04-27 02:15:37'),(189,60,'Hsihseng','2015-04-27 02:15:37','2015-04-27 02:15:37'),(190,60,'Kalaw','2015-04-27 02:15:38','2015-04-27 02:15:38'),(191,60,'Lawksawk','2015-04-27 02:15:38','2015-04-27 02:15:38'),(192,60,'Pinlaung','2015-04-27 02:15:38','2015-04-27 02:15:38'),(193,60,'Pekon','2015-04-27 02:15:39','2015-04-27 02:15:39'),(194,61,'Loilen','2015-04-27 02:15:39','2015-04-27 02:15:39'),(195,61,'Mongkaing','2015-04-27 02:15:39','2015-04-27 02:15:39'),(196,62,'Mawkmai','2015-04-27 02:15:40','2015-04-27 02:15:40'),(197,63,'Launglon','2015-04-27 02:15:40','2015-04-27 02:15:40'),(198,63,'Yebyu','2015-04-27 02:15:40','2015-04-27 02:15:40'),(199,64,'Myeik','2015-04-27 02:15:41','2015-04-27 02:15:41'),(200,64,'Palaw','2015-04-27 02:15:41','2015-04-27 02:15:41'),(201,64,'Tanintharyi','2015-04-27 02:15:41','2015-04-27 02:15:41'),(202,65,'Bokpyin','2015-04-27 02:15:41','2015-04-27 02:15:41'),(203,66,'Mingaladon','2015-04-27 02:15:42','2015-04-27 02:15:42'),(204,66,'Hmawbi','2015-04-27 02:15:42','2015-04-27 02:15:42'),(205,66,'Hlegu','2015-04-27 02:15:43','2015-04-27 02:15:43'),(206,66,'Taikkyi','2015-04-27 02:15:43','2015-04-27 02:15:43'),(207,66,'Hlaingtharya','2015-04-27 02:15:44','2015-04-27 02:15:44'),(208,67,'Thingangyun','2015-04-27 02:15:44','2015-04-27 02:15:44'),(209,67,'South Okkalapa','2015-04-27 02:15:45','2015-04-27 02:15:45'),(210,67,'Thaketa','2015-04-27 02:15:45','2015-04-27 02:15:45'),(211,67,'Dawbon','2015-04-27 02:15:45','2015-04-27 02:15:45'),(212,67,'Tamwe','2015-04-27 02:15:45','2015-04-27 02:15:45'),(213,67,'Botahtaung','2015-04-27 02:15:45','2015-04-27 02:15:45'),(214,67,'Dagon Myothit (South)','2015-04-27 02:15:46','2015-04-27 02:15:46'),(215,67,'Dagon Myothit (North)','2015-04-27 02:15:46','2015-04-27 02:15:46'),(216,67,'Dagon Myothit (East)','2015-04-27 02:15:46','2015-04-27 02:15:46'),(217,67,'Dagon Myothit (Seikkan)','2015-04-27 02:15:47','2015-04-27 02:15:47'),(218,67,'Mingalartaungnyunt','2015-04-27 02:15:47','2015-04-27 02:15:47'),(219,68,'Thanlyin','2015-04-27 02:15:47','2015-04-27 02:15:47'),(220,68,'Kyauktan','2015-04-27 02:15:48','2015-04-27 02:15:48'),(221,68,'Thongwa','2015-04-27 02:15:48','2015-04-27 02:15:48'),(222,68,'Kayan','2015-04-27 02:15:49','2015-04-27 02:15:49'),(223,68,'Twantay','2015-04-27 02:15:49','2015-04-27 02:15:49'),(224,68,'Kawhmu','2015-04-27 02:15:49','2015-04-27 02:15:49'),(225,68,'Kungyangon','2015-04-27 02:15:49','2015-04-27 02:15:49'),(226,68,'Dala','2015-04-27 02:15:50','2015-04-27 02:15:50'),(227,68,'Seikgyikanaungto','2015-04-27 02:15:50','2015-04-27 02:15:50'),(228,69,'Pabedan','2015-04-27 02:15:50','2015-04-27 02:15:50'),(229,69,'Lanmadaw','2015-04-27 02:15:50','2015-04-27 02:15:50'),(230,69,'Ahlone','2015-04-27 02:15:50','2015-04-27 02:15:50'),(231,69,'Kyeemyindaing','2015-04-27 02:15:51','2015-04-27 02:15:51'),(232,69,'Sanchaung','2015-04-27 02:15:51','2015-04-27 02:15:51'),(233,69,'Hlaing','2015-04-27 02:15:51','2015-04-27 02:15:51'),(234,69,'Mayangone','2015-04-27 02:15:51','2015-04-27 02:15:51'),(235,14,'Chipwi','2015-04-27 02:55:48','2015-04-27 02:55:48'),(236,17,'Machanbaw','2015-04-27 02:55:48','2015-04-27 02:55:48'),(237,35,'Bilin','2015-04-27 02:55:54','2015-04-27 02:55:54'),(238,69,' ','2015-04-27 02:56:08','2015-04-27 02:56:08'),(239,60,'Ywangan','2015-05-15 07:43:10','2015-05-15 07:43:10');
/*!40000 ALTER TABLE `ems_townships` ENABLE KEYS */;
UNLOCK TABLES;

--
-- Table structure for table `ems_users`
--

DROP TABLE IF EXISTS `ems_users`;
/*!40101 SET @saved_cs_client     = @@character_set_client */;
/*!40101 SET character_set_client = utf8 */;
CREATE TABLE `ems_users` (
  `id` int(10) unsigned NOT NULL AUTO_INCREMENT,
  `name` varchar(255) COLLATE utf8_unicode_ci NOT NULL,
  `email` varchar(255) COLLATE utf8_unicode_ci NOT NULL,
  `password` varchar(60) COLLATE utf8_unicode_ci NOT NULL,
  `user_gender` enum('M','F','U') COLLATE utf8_unicode_ci NOT NULL,
  `user_line_phone` varchar(255) COLLATE utf8_unicode_ci NOT NULL,
  `user_mobile_phone` varchar(255) COLLATE utf8_unicode_ci NOT NULL,
  `user_mailing_address` varchar(255) COLLATE utf8_unicode_ci NOT NULL,
  `user_biography` varchar(255) COLLATE utf8_unicode_ci NOT NULL,
  `dob` date NOT NULL,
  `remember_token` varchar(100) COLLATE utf8_unicode_ci DEFAULT NULL,
  `created_at` timestamp NOT NULL DEFAULT '0000-00-00 00:00:00',
  `updated_at` timestamp NOT NULL DEFAULT '0000-00-00 00:00:00',
  PRIMARY KEY (`id`),
  UNIQUE KEY `users_email_unique` (`email`)
) ENGINE=InnoDB AUTO_INCREMENT=2 DEFAULT CHARSET=utf8 COLLATE=utf8_unicode_ci;
/*!40101 SET character_set_client = @saved_cs_client */;

--
-- Dumping data for table `ems_users`
--

LOCK TABLES `ems_users` WRITE;
/*!40000 ALTER TABLE `ems_users` DISABLE KEYS */;
INSERT INTO `ems_users` VALUES (1,'Sithu Thwin','sithu@thwin.net','$2y$10$hT30gFMitm4PYG3DImM8POBK.DlJPvldNgwKA5uYcF8PROytvSSCq','M','','','','','0000-00-00','ClnRQNzLzldPftRjBPYFyNEKXEJrjvgbX9EJd3bUNxzG6kvEeHE8pV8kytlg','2015-04-27 02:09:36','2015-05-15 02:05:57');
/*!40000 ALTER TABLE `ems_users` ENABLE KEYS */;
UNLOCK TABLES;

--
-- Table structure for table `ems_villages`
--

DROP TABLE IF EXISTS `ems_villages`;
/*!40101 SET @saved_cs_client     = @@character_set_client */;
/*!40101 SET character_set_client = utf8 */;
CREATE TABLE `ems_villages` (
  `id` int(10) unsigned NOT NULL AUTO_INCREMENT,
  `townships_id` int(10) unsigned NOT NULL,
  `village_id` int(11) NOT NULL,
  `villagetrack` varchar(255) COLLATE utf8_unicode_ci DEFAULT NULL,
  `village` varchar(255) COLLATE utf8_unicode_ci NOT NULL,
  `village_my` varchar(255) COLLATE utf8_unicode_ci DEFAULT NULL,
  `created_at` timestamp NOT NULL DEFAULT '0000-00-00 00:00:00',
  `updated_at` timestamp NOT NULL DEFAULT '0000-00-00 00:00:00',
  PRIMARY KEY (`id`),
  UNIQUE KEY `villages_village_id_unique` (`village_id`),
  UNIQUE KEY `villages_townships_id_villagetrack_village_unique` (`townships_id`,`villagetrack`,`village`),
  KEY `villages_townships_id_index` (`townships_id`),
  CONSTRAINT `villages_townships_id_foreign` FOREIGN KEY (`townships_id`) REFERENCES `ems_townships` (`id`) ON DELETE CASCADE
) ENGINE=InnoDB AUTO_INCREMENT=513 DEFAULT CHARSET=utf8 COLLATE=utf8_unicode_ci;
/*!40101 SET character_set_client = @saved_cs_client */;

--
-- Dumping data for table `ems_villages`
--

LOCK TABLES `ems_villages` WRITE;
/*!40000 ALTER TABLE `ems_villages` DISABLE KEYS */;
INSERT INTO `ems_villages` VALUES (1,1,1,'Ah Lel (a) Ah Lel Kone (Ngwesaung Sub-township)','Leik Inn Kone','လိပ်အင်းကုန်း','2015-04-27 02:14:51','2015-05-15 07:43:01'),(2,1,2,'Wet Gyi Kwin','Pan Hla Kwin','ပန်းလှကွင်း','2015-04-27 02:14:51','2015-05-15 07:43:01'),(3,2,3,'Myin Ka Seik','Sar Hpyu su','စာဖြူစု','2015-04-27 02:14:51','2015-05-15 07:43:01'),(4,2,4,'Let Pan','Let Pan','လက်ပန်','2015-04-27 02:14:51','2015-05-15 07:43:01'),(5,2,5,'La Har Ka Lu','Ma Gyi Pin Su','မကျီးပင်စု','2015-04-27 02:14:52','2015-05-15 07:43:01'),(6,3,6,'Kyun Kone','Nga Kyut Kone','ငကျွတ်ကုန်း','2015-04-27 02:14:52','2015-05-15 07:43:01'),(7,3,7,'Htan Zin Hla Kyoet Kone','Htan Zin Hla Kyoet Kone','ထန်းဇင်လှကြို့ကုန်း','2015-04-27 02:14:52','2015-05-15 07:43:01'),(8,4,8,'Tha Man Day Wa','Ah Lel Kone','အလယ်ကုန်း','2015-04-27 02:14:52','2015-05-15 07:43:01'),(9,4,9,'War Kone (Hainggyikyun Sub-township)','Kone Gyi','ကုန်းကြီး','2015-04-27 02:14:52','2015-05-15 07:43:01'),(10,5,10,'Ah Htaung','Ma Au Chaung','မအူချောင်း','2015-04-27 02:14:52','2015-05-15 07:43:01'),(11,5,11,'Man Set Ku','Man Set Ku Ywar Ma','မန်းစက္ကူရွာမ','2015-04-27 02:14:52','2015-05-15 07:43:01'),(12,5,12,'Tha Hpan Chaung','Thea Hpyu (East)','သဲဖြူ (အရှေ့)','2015-04-27 02:14:52','2015-05-15 07:43:01'),(13,5,13,'Kyonpyaw Town','Mya Wa Di Ward','','2015-04-27 02:14:52','2015-05-15 09:38:45'),(14,6,14,'Kone Pyin (Ngathaingchaung Sub-township)','Tha Pyay Kwin','သပြေကွင်း','2015-04-27 02:14:53','2015-05-15 07:43:02'),(15,6,15,'Ngathaingchaung Town','Thaung Tan (Aung San) Ward','','2015-04-27 02:14:53','2015-05-15 09:38:45'),(16,7,16,'Kauk Gyi Kone','Tha Yet Taw','သရက်တော','2015-04-27 02:14:53','2015-05-15 07:43:02'),(17,7,17,'Yin Saing','Yin Saing','ရင်ဆိုင်','2015-04-27 02:14:53','2015-05-15 07:43:02'),(18,7,18,'Kyar Ga Yet','Thet Kei Kone','သက္ကယ်ကုန်း','2015-04-27 02:14:53','2015-05-15 07:43:02'),(19,8,19,'La Har Pa','Taung Hpoet Tan','တောင်ဖို့တန်း','2015-04-27 02:14:53','2015-05-15 07:43:02'),(20,9,20,'Pet Tan','Pet Tan','ပက်တန်း','2015-04-27 02:14:53','2015-05-15 07:43:02'),(21,9,21,'Tha Yet Ta Pin (North)','Nyaung Kone (Auk Su)','ညောင်ကုန်း (အောက်စု)','2015-04-27 02:14:53','2015-05-15 07:43:02'),(22,10,22,'Htan Thone Pin','Htan Hnit Khwa','ထန်းနှစ်ခွ','2015-04-27 02:14:54','2015-05-15 07:43:02'),(23,10,23,'Nat Pa Tee','Sa Bai Ka Yo','စပါယ်ခရိုး','2015-04-27 02:14:54','2015-05-15 07:43:02'),(24,11,24,'Ah Lon','Ywar Thit Ka Lay','ရွာသစ်ကလေး','2015-04-27 02:14:54','2015-05-15 07:43:02'),(25,12,25,'Nyaung Pin Gyi Kwin','Kyun Pu Lu','ကျွန်းပုလု','2015-04-27 02:14:54','2015-05-15 07:43:02'),(26,12,26,'Hmat Taing','Kan','ကံ','2015-04-27 02:14:54','2015-05-15 07:43:02'),(27,12,27,'Oe Kwe','Kat Kho Kone','ကပ်ခိုကုန်း','2015-04-27 02:14:54','2015-05-15 07:43:02'),(28,13,28,'Sa Ka Myar','Sa Ka Myar','စကားမြား','2015-04-27 02:14:54','2015-05-15 07:43:02'),(29,13,29,'Pyin Ma Kwin','Kan Thar Kone','ကံသာကုန်း','2015-04-27 02:14:54','2015-05-15 07:43:02'),(30,13,30,'Thein Lar Gat Su','Thein Lar Gat Su','သိလ္လာဂါတ်စု','2015-04-27 02:14:54','2015-05-15 07:43:02'),(31,13,31,'Kywet Nwe Chaung','Thu Htay Kone','သူဌေးကုန်း','2015-04-27 02:14:54','2015-05-15 07:43:02'),(32,13,32,'Hpa Yar Chaung','Nyaung Kone','ညောင်ကုန်း','2015-04-27 02:14:54','2015-05-15 07:43:03'),(33,14,33,'Kan Su Gyi Kyon Ma Yan','Kyon Thut Hpyar','ကျုံသွတ်ဖျား','2015-04-27 02:14:54','2015-05-15 07:43:03'),(34,14,34,'Thar Kwin','Kin Mun Chin','ကင်မွန်းချင်','2015-04-27 02:14:54','2015-05-15 07:43:03'),(35,14,35,'Pa Det','Kyon Tone','ကျုံတုန်း','2015-04-27 02:14:55','2015-05-15 07:43:03'),(36,14,36,'Pale Chaung','Thone Gwa','သုံးခွ','2015-04-27 02:14:55','2015-05-15 07:43:03'),(37,14,37,'Einme Town','Sar Chun Khan Paing Ward','','2015-04-27 02:14:55','2015-05-15 09:38:45'),(38,15,38,'Let Khoke','Dar Tit','ဓားတစ်','2015-04-27 02:14:55','2015-05-15 07:43:03'),(39,16,39,'Hlaing Bone','Kha Yae Kone','ခရေကုန်း','2015-04-27 02:14:55','2015-05-15 07:43:03'),(40,16,40,'Kyar Kan','Min Kone','မင်းကုန်း','2015-04-27 02:14:55','2015-05-15 07:43:03'),(41,16,41,'Labutta Town','No (6) Ward','','2015-04-27 02:14:55','2015-05-15 09:38:45'),(42,17,42,'Hlaing Bone','Thit Ni Zwe','သစ်နီဇွဲ','2015-04-27 02:14:55','2015-05-15 07:43:03'),(43,18,43,'Thea Hpyu','Thea Hpyu','သဲဖြူ','2015-04-27 02:14:55','2015-05-15 07:43:03'),(44,18,44,'Kyon Tar Ka Lay','Kyon Hpar','ကျုံဖာ','2015-04-27 02:14:55','2015-05-15 07:43:03'),(45,19,45,'Yae Le Hne Kaw','Aing Ka Nu','အိုင်ကနူး','2015-04-27 02:14:56','2015-05-15 07:43:03'),(46,19,46,'Taw Kyaung','Kwar La Taw (Chauk Ein Tan)','ကွာလာတော (ခြောက်အိမ်တန်း)','2015-04-27 02:14:56','2015-05-15 07:43:03'),(47,20,47,'Nyaungdon Town','No (8) Ward','','2015-04-27 02:14:56','2015-05-15 09:38:45'),(48,20,48,'Nyaungdon Town','No (3) Ward','','2015-04-27 02:14:56','2015-05-15 09:38:45'),(49,21,49,'Ta Myar','Lel Taw','လယ်တော်','2015-04-27 02:14:56','2015-05-15 07:43:03'),(50,21,50,'Byin Nyar (West)','Nin Kyan Taung Yar Su','နင်းကြမ်းတောင်ယာစု','2015-04-27 02:14:56','2015-05-15 07:43:04'),(51,21,51,'Danubyu Town','No (10) Ward','','2015-04-27 02:14:56','2015-05-15 09:38:45'),(52,22,52,'Haing Si','Hpoe Shwe Lone','ဖိုးရွှေလုံး','2015-04-27 02:14:56','2015-05-15 07:43:04'),(53,22,53,'Haing Si','Ma Sein','မစိန်း','2015-04-27 02:14:56','2015-05-15 07:43:04'),(54,22,54,'Boe Di Kwe','Boe Di Kwe Ywar Thit','ဘိုးဒီကွဲရွာသစ်','2015-04-27 02:14:56','2015-05-15 07:43:04'),(55,22,55,'Kha Naung','Thein Kone Hpa Yon (East)','သိန်ကုန်းဖရုံ (အရှေ့)','2015-04-27 02:14:56','2015-04-27 03:00:55'),(56,22,56,'Chaung Gyi Wa','Ta Yoke Su','တရုပ်စု','2015-04-27 02:14:56','2015-05-15 07:43:04'),(57,22,57,'Kyon Hpar','Kyar Inn','ကြာအင်း','2015-04-27 02:14:56','2015-05-15 07:43:04'),(58,23,58,'Pay Chaung','Let Pan Chaung','လက်ပံချောင်','2015-04-27 02:14:57','2015-05-15 07:43:04'),(59,24,59,'Hmaw Bi Su','Kha Mar Po','ကမာပို','2015-04-27 02:14:57','2015-05-15 07:43:04'),(60,24,60,'Kan Seik','Hnit Pin Saing','နှစ်ပင်ဆိုင်','2015-04-27 02:14:57','2015-05-15 07:43:04'),(61,25,61,'Htone Gyi','Yae Aye San','ရေအေးစမ်း','2015-04-27 02:14:57','2015-05-15 07:43:04'),(62,25,62,'Tar Wa Bu Tar','Taung Boet Ta Yar','တောင်ဘို့တစ်ရာ','2015-04-27 02:14:57','2015-05-15 07:43:04'),(63,25,63,'Bago Town','Leik Pyar Kan Ward','','2015-04-27 02:14:57','2015-05-15 09:38:46'),(64,25,64,'Bago Town','Myo Thit Ward','','2015-04-27 02:14:57','2015-05-15 09:38:46'),(65,26,65,'Thanatpin Town','Set Kone Paing Ward','','2015-04-27 02:14:57','2015-05-15 09:38:46'),(66,27,66,'Pauk Kan','Aung Pin Thar','အောင်ပင်သာ','2015-04-27 02:14:57','2015-05-15 07:43:04'),(67,28,67,'Ah Byar Ah Lel Su','Ah Byar Auk Su','အဗျားအောက်စု','2015-04-27 02:14:58','2015-05-15 07:43:04'),(68,28,68,'Moe Net','Moe Net','မိုးနက်','2015-04-27 02:14:58','2015-05-15 07:43:04'),(69,29,69,'San Gyi','Lay Ein Su','လေးအိမ်စု','2015-04-27 02:14:58','2015-05-15 07:43:05'),(70,29,70,'Moke Kha Mu','Kayin Su','ကရင်စု','2015-04-27 02:14:58','2015-05-15 07:43:05'),(71,30,71,'Hpa Aung Su','Hpa Aung Su','ဖအောင်းစု','2015-04-27 02:14:58','2015-05-15 07:43:05'),(72,31,72,'Kyar Chaung','Tha Pin Wa','သပင်ဝ','2015-04-27 02:14:58','2015-04-27 02:14:58'),(73,31,73,'Shwegyin Town','Pyin Ma Pin Ward','','2015-04-27 02:14:58','2015-05-15 09:38:46'),(74,31,74,'Shwegyin Town','Kyay Nan Tan + Shan Kone Ward','','2015-04-27 02:14:58','2015-05-15 09:38:46'),(75,32,75,'Ma Hin','Ma Hin','မဟင်','2015-04-27 02:14:58','2015-05-15 07:43:05'),(76,32,76,'Kyauk Taing','Kyauk Lone Gyi','ကျောက်လုံးကြီး','2015-04-27 02:14:58','2015-05-15 07:43:05'),(77,32,77,'Myauk Yae Kyi','Thea Hphu','သဲဖြူ','2015-04-27 02:14:59','2015-05-15 07:43:05'),(78,33,78,'Za Loke Gyi','Za Loke Gyi (Thit) Htan Kone','ဇလုပ်ကြီး (သစ်) ထန်းကုန်း','2015-04-27 02:14:59','2015-05-15 07:43:05'),(79,33,79,'Pi Tauk Khin','Boe Shan Kone','ဘိုးရှမ်းကုန်း','2015-04-27 02:14:59','2015-05-15 07:43:05'),(80,33,80,'Swar Min Lan','Ta Dar Gyi','တံတားကြီး','2015-04-27 02:14:59','2015-05-15 07:43:05'),(81,33,81,'Sa Kway (Ma Yoe Khon)','Ta Gyi Pauk','တကြီးပေါက်','2015-04-27 02:14:59','2015-05-15 07:43:05'),(82,33,82,'Ye Kone','Ye Kone','ရဲကုန်း','2015-04-27 02:14:59','2015-05-15 07:43:05'),(83,33,83,'Pi Tu','Pi Tu','ပီတူး','2015-04-27 02:14:59','2015-05-15 07:43:05'),(84,34,84,'Leik Thay','Oe Bo Kone','အိုးဘိုကုန်း','2015-04-27 02:14:59','2015-05-15 07:43:05'),(85,34,85,'Lel Pyin Gyi','Kar Ri War Kut','ကာရီဝါကွတ်','2015-04-27 02:14:59','2015-04-27 02:14:59'),(86,34,86,'Meik Tha Lin','Myaung Wa Lay','မြောင်းဝလေး','2015-04-27 02:14:59','2015-05-15 07:43:06'),(87,35,87,'Kyan Khin','Kyaung Su','ကျောင်းစု','2015-04-27 02:14:59','2015-05-15 07:43:06'),(88,36,88,'Nga See Laung','Thet kae Kone','သက်ကယ်ကုန်း','2015-04-27 02:14:59','2015-05-15 07:43:06'),(89,37,89,'Pyay Town','Pyi Thar Yar Ward','','2015-04-27 02:15:00','2015-05-15 09:38:46'),(90,38,90,'Nyaung Kone','Taung Kone','တောင်ကုန်း','2015-04-27 02:15:00','2015-05-15 07:43:06'),(91,39,91,'Sin Te','San Pauk Chaung','စမ်းပေါက်ချောင်း','2015-04-27 02:15:00','2015-05-15 07:43:06'),(92,39,92,'Daung Ma Nar','Daung Ma Nar (Daung Myat Nar)','ဒေါင်းမနား','2015-04-27 02:15:00','2015-05-15 07:43:06'),(93,40,93,'Kyoet Yat Thar','Lel Paw','လယ်ပေါ်','2015-04-27 02:15:00','2015-05-15 07:43:06'),(94,40,94,'Zee Oke','Nyo Ma Pin','ညိုမပင်','2015-04-27 02:15:00','2015-05-15 07:43:06'),(95,40,95,'Pu Tee Kone','Bo Yon','ဗိုလ်ရုံ','2015-04-27 02:15:00','2015-05-15 07:43:06'),(96,41,96,'Taw Haing','Kyoet Kone','ကြို့ကုန်း','2015-04-27 02:15:00','2015-05-15 07:43:06'),(97,42,97,'Thonse  Town','Hpa Yar Gyi Lan Ward','','2015-04-27 02:15:00','2015-05-15 09:38:46'),(98,42,98,'Thonse  Town','Ah Shey Yoe Gyi Ward','','2015-04-27 02:15:00','2015-05-15 09:38:46'),(99,43,99,'Pyin Ka Toe Kone','Ywar Kant Lant','ရွာကန့်လန့်','2015-04-27 02:15:00','2015-05-15 07:43:06'),(100,43,100,'Ka Nyin To','Aung Myay','အောင်မြေ','2015-04-27 02:15:01','2015-04-27 03:00:03'),(101,44,101,'Sin Gaung','Lin Lun Pin','လင်းလွန်းပင်','2015-04-27 02:15:01','2015-04-27 03:00:03'),(102,44,102,'Thin Pan Kone','Myet Ni Kwin','မျက်နီကွင်း','2015-04-27 02:15:01','2015-04-27 03:00:03'),(103,45,103,'Chaung Zauk','Bu Da Let Kone','ဘုဒလက်ကုန်း','2015-04-27 02:15:01','2015-04-27 03:00:03'),(104,45,104,'Zigon Town','No (1) Ward','','2015-04-27 02:15:01','2015-05-15 09:38:46'),(105,46,105,'Hlay Kyat Kone','Shar Phyu Kone','ရှားဖြူကုန်း','2015-04-27 02:15:01','2015-04-27 03:00:04'),(106,47,106,'Let Pan Khon','Bu Khon','ဘူးခုံ','2015-04-27 02:15:01','2015-04-27 03:00:04'),(107,47,107,'Son Kone','Byayt Sin Kone','ဗြည့်စဉ်ကုန်း','2015-04-27 02:15:01','2015-04-27 03:00:04'),(108,48,108,'Tingcang (Rihkhawdar Sub-township)','Phunte','ဖွန်သဲ','2015-04-27 02:15:01','2015-04-27 03:00:04'),(109,49,109,'Hleicham','Htar Pan','ထာပန်း','2015-04-27 02:15:02','2015-04-27 03:00:04'),(110,50,110,'Hakha Town','Pyi Taw Thar Ward','','2015-04-27 02:15:02','2015-05-15 09:38:46'),(111,51,111,'Tlangpi','Tlanglo','တလန်းလို','2015-04-27 02:15:02','2015-04-27 03:00:04'),(112,52,112,'Mai Na','Kan Yang','','2015-04-27 02:15:02','2015-05-15 09:38:46'),(113,52,113,'Sadung Town','No (5) Ward','','2015-04-27 02:15:02','2015-05-15 09:38:46'),(114,53,114,'In Ji U Ma','In Bum Ga','အင်ဘွမ်ဂါး','2015-04-27 02:15:02','2015-04-27 02:15:02'),(115,54,115,'Lwe Mun','Thaung U','သောင်ဦး','2015-04-27 02:15:02','2015-04-27 02:15:02'),(116,54,116,'Ywar Thit Kone','Ahr La Wi Su See','အာဠဝီစုစည်း','2015-04-27 02:15:02','2015-04-27 03:00:04'),(117,54,117,'Lone Ton','Lone Ton Su See','လုံးတုံစုစည်း','2015-04-27 02:15:02','2015-04-27 02:15:02'),(118,54,118,'Mohnyin Town','Myo Ma Ward','','2015-04-27 02:15:03','2015-05-15 09:38:47'),(119,55,119,'Lone Khin','La Maung','','2015-04-27 02:15:03','2015-05-15 09:38:47'),(120,55,120,'Hpakant Town','Myo Ma Ward','','2015-04-27 02:15:03','2015-05-15 09:38:47'),(121,56,121,'Bhamo Town','Pauk Kone Ward','','2015-04-27 02:15:03','2015-05-15 09:38:47'),(122,57,122,'Man Maw Kawng (Lwegel Sub-township)','Hkaing Bang','ခိုင်ဘန်','2015-04-27 02:15:03','2015-04-27 02:15:03'),(123,58,123,'Hpat Ma','Phat Mar Yang','','2015-04-27 02:15:03','2015-05-15 09:38:47'),(124,58,124,'Man Say Khun','Sa Ti Lawt','စတီလော့','2015-04-27 02:15:03','2015-04-27 03:00:04'),(125,59,125,'In Gan U Ma','In Gan U Ma','အင်ဂန်အူမား','2015-04-27 02:15:03','2015-04-27 02:15:03'),(126,59,126,'Hkin Dawng','Lon San','လုံဆန်','2015-04-27 02:15:04','2015-04-27 02:15:04'),(127,60,127,'Loikaw Town','Daw Au Khu Ward','','2015-04-27 02:15:04','2015-05-15 09:38:47'),(128,61,128,'Raw Daw Khaw','Kar Pa Ru','ကာပရူ','2015-04-27 02:15:04','2015-04-27 03:00:05'),(129,62,129,'Shadaw (Middle)','Tar Ta Mawt (West)','တာတမော့ (အနောက်)','2015-04-27 02:15:04','2015-04-27 02:15:04'),(130,63,130,'Hlar Kar','Ku Seik','ကူးဆိပ်','2015-04-27 02:15:04','2015-04-27 03:00:05'),(131,63,131,'Ta Gay Laung','Ta Gay Laung','တဂေါးလောင်း','2015-04-27 02:15:04','2015-04-27 03:00:05'),(132,64,132,'Thar Yar Kone (Kat Pa Li)','Kat Pa Li (Lower)','ကပ္ပလီ (အောက်)','2015-04-27 02:15:05','2015-04-27 03:00:05'),(133,64,133,'U Daung','Hla Ka Zaing','လှကဇိုင်း','2015-04-27 02:15:05','2015-04-27 03:00:05'),(134,65,134,'Taw Pone (Leik Tho Sub-township)','Lar Saw (Lower)','လာစော (အောက်)','2015-04-27 02:15:05','2015-04-27 03:00:05'),(135,65,135,'Leik Tho Town','No (1) Ward','','2015-04-27 02:15:05','2015-05-15 09:38:47'),(136,65,136,'La Bet Inn Gyi (Leik Tho Sub-township)','La Bet Inn Gyi','လဘက်အင်းကြီး','2015-04-27 02:15:05','2015-04-27 03:00:05'),(137,66,137,'Win Ka','Win Ka','ဝင်းက','2015-04-27 02:15:05','2015-04-27 03:00:05'),(138,66,138,'Ta Tan Ku','Nan Taw Toe','နန်းတော်တိုး','2015-04-27 02:15:05','2015-04-27 03:00:05'),(139,66,139,'Naung Ta Pwe','Htee War Su Khee Yat','ထီးဝါးဆူးခီးရပ်','2015-04-27 02:15:05','2015-04-27 03:00:05'),(140,66,140,'Win Ka','Ti Su','တီဆူး','2015-04-27 02:15:05','2015-04-27 03:00:05'),(141,67,141,'Koe Mar (Hpayarthonesu Sub-township)','Mi Sa Kit','မိစကစ်','2015-04-27 02:15:05','2015-04-27 03:00:05'),(142,67,142,'Kyar Inn Shwe Doe','Ta Gay','တဂေး','2015-04-27 02:15:05','2015-04-27 03:00:05'),(143,67,143,'Hpayarthonesu Town','No (3) Ward','','2015-04-27 02:15:05','2015-05-15 09:38:47'),(144,68,144,'Magway Town','Kan Thar Ward','','2015-04-27 02:15:06','2015-05-15 09:38:47'),(145,68,145,'Magway Town','Myin Thar Ward','','2015-04-27 02:15:06','2015-05-15 09:38:47'),(146,68,146,'Magway Town','Oe Bo Myo Ma Ward','','2015-04-27 02:15:06','2015-05-15 09:38:47'),(147,69,147,'Yone Kone','Se','ဆည်','2015-04-27 02:15:06','2015-04-27 03:00:05'),(148,70,148,'Na Ywe Taw','Kan Thit Kone','ကံသစ်ကုန်း','2015-04-27 02:15:06','2015-04-27 03:00:06'),(149,70,149,'Than Bo','Kan Yae Gyi (South)','ကန်ရေကြီး  (တောင်)','2015-04-27 02:15:06','2015-04-27 03:00:06'),(150,70,150,'Thway Net','Nei Char','နယ်ခြား','2015-04-27 02:15:06','2015-04-27 03:00:06'),(151,71,151,'Khin Te','Kyun Taw','ကျွန်းတော','2015-04-27 02:15:06','2015-04-27 03:00:06'),(152,71,152,'Tei Taw (2)','Hpa Yar Kwin','ဘုရားကွင်း','2015-04-27 02:15:06','2015-04-27 03:00:06'),(153,72,153,'Nwar Hla','Nwar Hla','နွားလှ','2015-04-27 02:15:07','2015-04-27 03:00:06'),(154,72,154,'Tei Pin San','Nga Lone Hpo','ငါးလုံးဖို','2015-04-27 02:15:07','2015-04-27 03:00:06'),(155,73,155,'Natmauk Town','Kan Gyi Ward','','2015-04-27 02:15:07','2015-05-15 09:38:47'),(156,73,156,'Se Gyi','Aing Ma','အိုင်မ','2015-04-27 02:15:07','2015-04-27 03:00:06'),(157,73,157,'Natmauk Town','Zay Kwet Thit Ward','','2015-04-27 02:15:07','2015-05-15 09:38:47'),(158,74,158,'Aing Ma','Let Pa Taw','လက်ပတော','2015-04-27 02:15:07','2015-04-27 03:00:06'),(159,74,159,'Pan Hlwar','Chin Kone (South)','ချင်းကုန်း (တောင်)','2015-04-27 02:15:07','2015-04-27 03:00:06'),(160,75,160,'Ywar Khaing','Ywar Khaing','ရွာခိုင်','2015-04-27 02:15:07','2015-04-27 03:00:06'),(161,75,161,'Pyi Lone Kyaw','Thu Htay Kone','သူဌေးကုန်း','2015-04-27 02:15:07','2015-04-27 03:00:06'),(162,76,162,'Pan Tein','Sit Taw','စစ်တော','2015-04-27 02:15:08','2015-04-27 03:00:06'),(163,77,163,'Zee Hpyu Pin','Zee Hpyu Pin','ဇီးဖြူပင်','2015-04-27 02:15:08','2015-04-27 03:00:06'),(164,77,164,'Paung Yin Kone','Pale Kone','ပုလဲကုန်း','2015-04-27 02:15:08','2015-04-27 03:00:06'),(165,77,165,'Tha Myin Kin','Pu Tein Kone','ပတိမ်ကုန်း','2015-04-27 02:15:08','2015-04-27 03:00:06'),(166,77,166,'Taw Na Lin','Myo Oh','မြို့အို','2015-04-27 02:15:08','2015-04-27 03:00:07'),(167,78,167,'Htee Yoe','Hpaung Ka Taw','ဖောင်းကတော','2015-04-27 02:15:08','2015-04-27 03:00:07'),(168,78,168,'Gyoe Gyar','Gyoe Gyar','ကြိုးကြာ','2015-04-27 02:15:08','2015-04-27 03:00:07'),(169,79,169,'Hlwar Wa','Nyaung Hmaw','ညောင်မှော်','2015-04-27 02:15:08','2015-04-27 03:00:07'),(170,79,170,'Hman','Hman (Kyo Kone)','မှန် (ကြို့ကုန်း)','2015-04-27 02:15:08','2015-04-27 03:00:07'),(171,80,171,'In Bet Taw','Kyat Pyin Kone','ကြပ်ပြင်ကုန်း','2015-04-27 02:15:08','2015-04-27 03:00:07'),(172,80,172,'Sit Sa Ran','Sit Sa Ran','စစ္စရံ','2015-04-27 02:15:08','2015-04-27 03:00:07'),(173,81,173,'Myo Mi','Myo Mi','မြို့မိ','2015-04-27 02:15:09','2015-04-27 03:00:07'),(174,81,174,'Inn Lel','U Yin','ဥယျာဉ်','2015-04-27 02:15:09','2015-04-27 03:00:07'),(175,82,175,'Baw Myint','Baw Myint','ဘော်မြင့်','2015-04-27 02:15:09','2015-04-27 03:00:07'),(176,82,176,'Tha Hngar','Tha Hngar','သငှါး','2015-04-27 02:15:09','2015-04-27 03:00:07'),(177,82,177,'Zaung Chan Taung','Swei Kyoe','စွယ်ကျိုး','2015-04-27 02:15:09','2015-04-27 03:00:07'),(178,83,178,'Pauk Taw','Aing Gyi','အိုင်ကြီး','2015-04-27 02:15:09','2015-04-27 03:00:07'),(179,84,179,'Zee Taw','Se','ဆယ်','2015-04-27 02:15:09','2015-04-27 03:00:07'),(180,84,180,'Yesagyo Town','No (2) Ward','','2015-04-27 02:15:09','2015-05-15 09:38:48'),(181,85,181,'Chaing Zauk','Chaing Zauk','ချိုင်ဇောက်','2015-04-27 02:15:09','2015-04-27 03:00:07'),(182,85,182,'Pauk Town','Shwe Pauk Pin Ward','','2015-04-27 02:15:10','2015-05-15 09:38:48'),(183,86,183,'Kyaung','Mi Hpa Yar Chyeik','မိဖုရားချိုင့်','2015-04-27 02:15:10','2015-04-27 03:00:07'),(184,87,184,'Mwayt Lel','Mwayt Lel','မွေ့လယ်','2015-04-27 02:15:10','2015-04-27 03:00:08'),(185,88,185,'Aing Ma','Zee Taw','ဇီးတော','2015-04-27 02:15:10','2015-04-27 03:00:08'),(186,89,186,'Aungmyaythazan Town','Pyi Gyi Yan Lon Ward','','2015-04-27 02:15:11','2015-05-15 09:38:48'),(187,89,187,'Aungmyaythazan Town','Pale Ngwe Yaung Ward','','2015-04-27 02:15:11','2015-05-15 09:38:48'),(188,90,188,'Chanayethazan Town','Thi Ri Hay Mar (East) Ward','','2015-04-27 02:15:11','2015-05-15 09:38:48'),(189,90,189,'Chanayethazan Town','Pyi Gyi Myet Shin Ward','','2015-04-27 02:15:11','2015-05-15 09:38:48'),(190,90,190,'Chanayethazan Town','Aung Nan Yeik Thar (East) Ward','','2015-04-27 02:15:11','2015-05-15 09:38:48'),(191,91,191,'Mahaaungmyay Town','Than Hlet Maw (East) Ward','','2015-04-27 02:15:11','2015-05-15 09:38:48'),(192,92,192,'Taung Tha Man','Htan Taw','ထန်းတော','2015-04-27 02:15:12','2015-04-27 03:00:08'),(193,93,193,'Tha Pyay Kone','Tha Pyay Kone','သပြေကုန်း','2015-04-27 02:15:12','2015-04-27 03:00:08'),(194,93,194,'Pyinoolwin Town','Yat Kwet Gyi (16) Ward','','2015-04-27 02:15:12','2015-05-15 09:38:48'),(195,93,195,'Pyinoolwin Town','Yat Kwet Gyi (4) Ward','','2015-04-27 02:15:12','2015-05-15 09:38:48'),(196,93,196,'Pyinoolwin Town','Pa Day Thar Ward','','2015-04-27 02:15:12','2015-05-15 09:38:48'),(197,93,197,'Pyinoolwin Town','Yat Kwet Gyi (13) Ward','','2015-04-27 02:15:12','2015-05-15 09:38:48'),(198,94,198,'Taw Pu','Taw Pu','တောပု','2015-04-27 02:15:13','2015-04-27 03:00:08'),(199,95,199,'Shwe Pyi','Mya Kan Thar','မြကန်သာ','2015-04-27 02:15:14','2015-04-27 03:00:08'),(200,96,200,'Kyar Hnyat','Koe Pin','ကိုးပင်','2015-04-27 02:15:14','2015-04-27 03:00:08'),(201,97,201,'Tan Soe','Tan Soe','တံစိုး','2015-04-27 02:15:14','2015-04-27 03:00:08'),(202,97,202,'Let Pan Zin','Inn Kone','အင်းကုန်း','2015-04-27 02:15:14','2015-04-27 03:00:08'),(203,97,203,'Kyaukse Town','Min Yat Ward','','2015-04-27 02:15:14','2015-05-15 09:38:48'),(204,97,204,'Kyaukse Town','Pyi Lone Naing Ward','','2015-04-27 02:15:14','2015-05-15 09:38:48'),(205,98,205,'Myaing Kone','Myaing Kone','မြိုင်ကုန်း','2015-04-27 02:15:15','2015-04-27 03:00:09'),(206,98,206,'Thit Tet Kone','Ma Gyi Kan','မကျီးကန်','2015-04-27 02:15:15','2015-04-27 03:00:09'),(207,99,207,'Han Thar Wa Di','Taung Zay Gyi','တောင်စျေးကြီး','2015-04-27 02:15:15','2015-04-27 03:00:09'),(208,99,208,'Han Thar Wa Di','Pyin Si Tan','ပြင်စီတန်း','2015-04-27 02:15:15','2015-04-27 03:00:09'),(209,100,209,'Kan Chaw','Lay Yar Kyaw','လေးရာကျော်','2015-04-27 02:15:15','2015-04-27 02:15:15'),(210,101,210,'Kyar Poet','Kyar Poet','ကြာပို့','2015-04-27 02:15:16','2015-04-27 03:00:09'),(211,101,211,'Yone Taw','Zee Pin Kan (North)','ဇီးပင်ကန် (မြောက်)','2015-04-27 02:15:16','2015-04-27 03:00:09'),(212,102,212,'Kyee Kan','Chaung U','ချောင်းဦး','2015-04-27 02:15:16','2015-04-27 03:00:09'),(213,102,213,'Natogyi Town','No (2) Ward','','2015-04-27 02:15:16','2015-05-15 09:38:48'),(214,103,214,'Kyaukpadaung Town','Lut Lat YayWard','','2015-04-27 02:15:16','2015-05-15 09:38:49'),(215,103,215,'Kyaukpadaung Town','Thar Yar Aye Ward','','2015-04-27 02:15:16','2015-05-15 09:38:49'),(216,103,216,'Kyaukpadaung Town','Zay Kwet Thit Ward','','2015-04-27 02:15:16','2015-05-15 09:38:49'),(217,104,217,'Moe Taung','Pauk Taw Chaung','ပေါက်တောချောင်','2015-04-27 02:15:16','2015-04-27 03:00:09'),(218,104,218,'Tha Yet Cho Pin','Don Din','ဒုံဒင်','2015-04-27 02:15:17','2015-04-27 03:00:09'),(219,105,219,'Ngathayauk Town','No (1) Ward','','2015-04-27 02:15:17','2015-05-15 09:38:49'),(220,105,220,'Yan San','Yan San','ရမ်းဆမ်း','2015-04-27 02:15:17','2015-04-27 02:15:17'),(221,105,221,'War Khin Gyi','Ta Pauk Yon','တပေါက်ရုံ','2015-04-27 02:15:17','2015-04-27 03:00:09'),(222,105,222,'Kya Oh','Myaung','မြောင်','2015-04-27 02:15:17','2015-04-27 03:00:09'),(223,105,223,'Ku','Taung Khwin','တောင်ခွင်','2015-04-27 02:15:17','2015-04-27 03:00:10'),(224,105,224,'Byu Gyi (Nga Tha Yauk Sub-township)','Byu Gyi','ဗြူကြီး','2015-04-27 02:15:17','2015-04-27 03:00:10'),(225,106,225,'Ta Bet Kar','Hlyaw Hpyu Kaing','လျှော်ဖြူကိုင်း','2015-04-27 02:15:18','2015-04-27 03:00:10'),(226,106,226,'Myin Nar','Shwe Nan Paw','ရွှေနန်းပေါ်','2015-04-27 02:15:18','2015-04-27 03:00:10'),(227,107,227,'Thee Pin','Te Gyi Kone','တဲကြီးကုန်း','2015-04-27 02:15:18','2015-04-27 03:00:10'),(228,107,228,'Tha Hpan Chaung','Htein Inn','ထိန်အင်း','2015-04-27 02:15:18','2015-04-27 03:00:10'),(229,107,229,'Hta Yan Kar','Shwe Pan Taw','ရွှေပန်းတော','2015-04-27 02:15:18','2015-04-27 03:00:10'),(230,108,230,'Ta Pyaw','Ta Mar Pin','တမာပင်','2015-04-27 02:15:18','2015-04-27 03:00:10'),(231,108,231,'Kywe Ta Lin','Mon Min','မုံမင်','2015-04-27 02:15:18','2015-04-27 03:00:10'),(232,108,232,'Shan Ma Nge','Kan U','ကန်ဦး','2015-04-27 02:15:18','2015-04-27 03:00:10'),(233,108,233,'Meiktila Town','Aung Zay Yar ward','','2015-04-27 02:15:19','2015-05-15 09:38:49'),(234,109,234,'Mahlaing Town','No (4) Ward','','2015-04-27 02:15:19','2015-05-15 09:38:49'),(235,109,235,'Mahlaing Town','No (3) Ward','','2015-04-27 02:15:19','2015-05-15 09:38:49'),(236,110,236,'Nyaung Yan Zay','Min Ga Lar','မင်္ဂလာ','2015-04-27 02:15:19','2015-04-27 03:00:10'),(237,110,237,'Taw Kin','Zee Pin Kwin','ဇီးပင်ကွင်း','2015-04-27 02:15:19','2015-04-27 03:00:10'),(238,110,238,'Ah Lel Kan','Bo Te Kone','ဘိုတဲကုန်း','2015-04-27 02:15:19','2015-04-27 03:00:10'),(239,111,239,'Yae Twin','Ka Lar Kar','ကုလားကာ','2015-04-27 02:15:20','2015-04-27 03:00:10'),(240,111,240,'Byin Gyi','Zee Hpyu Chan','ဇီးဖြူခြံ','2015-04-27 02:15:20','2015-04-27 03:00:11'),(241,112,241,'Kaing Ka Lay','Kaing Ka Lay','ကိုင်းကလေး','2015-04-27 02:15:20','2015-04-27 02:15:20'),(242,112,242,'Te Gyi Kone','Shar Taw','ရှားတော','2015-04-27 02:15:20','2015-04-27 02:15:20'),(243,113,243,'Than Ka Laung','Than Ka Laung','သံကလောင်','2015-04-27 02:15:20','2015-04-27 03:00:11'),(244,114,244,'Kawt Mu Pun','Kawt Mu Pun','ကော့မုပွန်','2015-04-27 02:15:21','2015-04-27 03:00:11'),(245,114,245,'Chaungzon Town','Toe Cheit Ward','','2015-04-27 02:15:21','2015-05-15 09:38:49'),(246,114,246,'Chaungzon Town','Ah Nauk Ward','','2015-04-27 02:15:21','2015-05-15 09:38:49'),(247,115,247,'Wea Win Ka Yar','Wea Ka Tar','ဝဲကတာ','2015-04-27 02:15:21','2015-04-27 03:00:11'),(248,115,248,'Kun That','Kun That','ကွမ်သတ်','2015-04-27 02:15:21','2015-04-27 03:00:11'),(249,115,249,'Kyaikkhami Town','Yang Aung Myay Ward','','2015-04-27 02:15:21','2015-05-15 09:38:49'),(250,115,250,'Sa Khan Gyi','We Taw','ဝဲတော','2015-04-27 02:15:22','2015-04-27 03:00:11'),(251,116,251,'Hpe Do','Hpe Do','ဖဲဒို','2015-04-27 02:15:22','2015-04-27 03:00:11'),(252,117,252,'Be La Mu (Lamaing Sub-township)','Ba Yaung','ဘရောင်း','2015-04-27 02:15:22','2015-04-27 02:15:22'),(253,117,253,'Chaung Taung','Ta Dar U','တံတားဦး','2015-04-27 02:15:22','2015-04-27 02:15:22'),(254,118,254,'Moe Kaung','Kin Mun Chon','ကင်မွန်းချုံ','2015-04-27 02:15:22','2015-04-27 03:00:11'),(255,118,255,'Thaton Town','Nan Khe Ward','','2015-04-27 02:15:22','2015-05-15 09:38:49'),(256,118,256,'Kyet Tu Yway Thaung','Shan Su','ရှမ်းစု','2015-04-27 02:15:23','2015-04-27 03:00:11'),(257,119,257,'Ka Tun','Ka Tun','ကတွန်','2015-04-27 02:15:23','2015-04-27 03:00:11'),(258,120,258,'War Boe Chaung','Moe Baw','မိုးဘော','2015-04-27 02:15:23','2015-04-27 03:00:11'),(259,120,259,'Kin Mun Chaung','Kin Mun Chaung','ကင်မွန်းချောင်း','2015-04-27 02:15:23','2015-04-27 03:00:12'),(260,120,260,'Pi Ti','Pi Ti Hpyar','ပီတိဖျား','2015-04-27 02:15:23','2015-04-27 03:00:12'),(261,121,261,'Khit Aye','Te Kone','တဲကုန်း','2015-04-27 02:15:24','2015-04-27 03:00:12'),(262,121,262,'Kyi Taung','Kyi Taung','ကျည်တောင်','2015-04-27 02:15:24','2015-04-27 03:00:12'),(263,122,263,'Ohn Pin','Ohn Pin (West)','အုန်းပင် (အနောက်)','2015-04-27 02:15:25','2015-04-27 03:00:12'),(264,123,264,'Tha Pyay San','Tha Pyay San','သပြေစမ်း','2015-04-27 02:15:25','2015-04-27 03:00:12'),(265,123,265,'Poke Ba Thi RiTown','Za Wa Na Di Pa Ward','','2015-04-27 02:15:25','2015-05-15 09:38:49'),(266,124,266,'Te Gyi Kone','Shar Taw','ရှားတော','2015-04-27 02:15:25','2015-04-27 03:00:12'),(267,124,267,'Za Bu Thi Ri Town','Dha Na Theik Di Ward','','2015-04-27 02:15:25','2015-05-15 09:38:49'),(268,124,268,'Za Bu Thi Ri Town','Wun Na Theik Di Ward','','2015-04-27 02:15:25','2015-05-15 09:38:50'),(269,125,269,'Det Khi Na Thi Ri Town','Shwe In Kyinn Ward','','2015-04-27 02:15:26','2015-05-15 09:38:50'),(270,126,270,'Ywar Thar','Kyein Pin','ကြိမ်ပင်','2015-04-27 02:15:26','2015-04-27 03:00:12'),(271,127,271,'Kan Thar','Thar Yar Su','သာယာစု','2015-04-27 02:15:26','2015-04-27 03:00:12'),(272,128,272,'Myit Nar','Myit Nar','မြစ်နား','2015-04-27 02:15:27','2015-04-27 03:00:12'),(273,129,273,'Kyan Khin','Kyan Khin','ကြံခင်း','2015-04-27 02:15:27','2015-04-27 03:00:12'),(274,129,274,'Ah Lel Chaung','Ah Lel Chaung Ywar Nge','အလယ်ချောင်းရွာငယ်','2015-04-27 02:15:27','2015-04-27 03:00:12'),(275,130,275,'Sin Tet Maw','Sin Tet Maw (Ku Lar)','ဆင်တက်မော် (ကုလား)','2015-04-27 02:15:27','2015-04-27 03:00:13'),(276,131,276,'Ku Lar Chaung','Ku Lar Chaung','ကုလားချောင်း','2015-04-27 02:15:27','2015-04-27 03:00:13'),(277,132,277,'Done Paik (Aung Seik Pyin)','Kyet Kyein','ကြက်ကျိန်း','2015-04-27 02:15:27','2015-04-27 03:00:13'),(278,132,278,'Hlaing Thi','Hlaing Thi','လှိုင်သီ','2015-04-27 02:15:27','2015-04-27 03:00:13'),(279,132,279,'Taungpyoletwea Town','No (5) Ward','','2015-04-27 02:15:27','2015-05-15 09:38:50'),(280,133,280,'Sein Hnyin Pyar','Taw Kan','တောကံ','2015-04-27 02:15:27','2015-04-27 03:00:13'),(281,133,281,'Ta Ya Gu','Chaung Chay','ချောင်းချေ','2015-04-27 02:15:27','2015-04-27 03:00:13'),(282,134,282,'Sin Boke','Sa Par Htar','စပါးထား','2015-04-27 02:15:27','2015-04-27 03:00:13'),(283,134,283,'Min Yat','Yae Nan Twain','ရေနံတွိန်','2015-04-27 02:15:27','2015-04-27 03:00:13'),(284,135,284,'Nga/Tha Moke','Pein Hne Chaung','ပိန်းနှဲချောင်း','2015-04-27 02:15:28','2015-04-27 03:00:13'),(285,136,285,'Ann (North)','Pyin Taw Gyi','ပျင်းတောကြီး','2015-04-27 02:15:28','2015-04-27 03:00:13'),(286,136,286,'Lone Kauk','Lone Taung Chin Su','လုံးတောင်ချင်းစု','2015-04-27 02:15:28','2015-04-27 03:00:13'),(287,136,287,'Ge Laung','Pyoke Kyun','ပြုတ်ကျွန်း','2015-04-27 02:15:28','2015-04-27 03:00:13'),(288,136,288,'Ann Town','Ah Nauk Paing Ward','','2015-04-27 02:15:28','2015-05-15 09:38:50'),(289,137,289,'Taung Nyo','Nga Man Khe','ငမန်းခဲ','2015-04-27 02:15:28','2015-04-27 03:00:13'),(290,137,290,'U Yin Kwin','Let Pan Kyun','လက်ပံကျွန်း','2015-04-27 02:15:28','2015-04-27 03:00:14'),(291,137,291,'Pu Zun Hpay','Kyay Pin','ကျေးပင်','2015-04-27 02:15:28','2015-04-27 03:00:14'),(292,138,292,'Ma-Ei  Town','No (2) Ward','','2015-04-27 02:15:28','2015-05-15 09:38:50'),(293,139,293,'Ywar Haung Taw','Kyar Chay','ကြာချေ','2015-04-27 02:15:28','2015-04-27 03:00:14'),(294,139,294,'Cheik Chaung','Gwa Son','ခွဆုံ','2015-04-27 02:15:28','2015-04-27 03:00:14'),(295,140,295,'Mun Htaunt','Kyauk Tan','ကျောက်တန်း','2015-04-27 02:15:29','2015-04-27 03:00:14'),(296,140,296,'Kyauktaw Town','Myo Thit Ward','','2015-04-27 02:15:29','2015-05-15 09:38:50'),(297,141,297,'Thin Paung Chaung','Gwa Son','ခွဆုံ','2015-04-27 02:15:29','2015-04-27 03:00:14'),(298,141,298,'Nga/Way','Nga/Wai (Ein Shey Min)','င/ဝေ (အိမ်ရှေ့မင်း)','2015-04-27 02:15:29','2015-04-27 03:00:14'),(299,141,299,'Kyaung Taung','Kyauk Pyin','ကျောက်ပြင်','2015-04-27 02:15:29','2015-04-27 03:00:14'),(300,142,300,'Pa Du','Moe Zar','မိုးဇာ','2015-04-27 02:15:29','2015-04-27 03:00:14'),(301,142,301,'Kyauk Tar','Taung Nyo (East)','တောင်ညို (အရှေ့)','2015-04-27 02:15:29','2015-04-27 03:00:14'),(302,142,302,'Htone Bo','Myay Taing','မြေတိုင်','2015-04-27 02:15:29','2015-04-27 03:00:14'),(303,142,303,'Sagaing Town','Myo Thit Ward','','2015-04-27 02:15:29','2015-05-15 09:38:50'),(304,143,304,'Shwe Yin Mar','Shwe Yin Mar','ရွှေယင်းမာ','2015-04-27 02:15:29','2015-04-27 03:00:14'),(305,144,305,'Kyaung Hpyu','Kyaung Hpyu','ကျောင်းဖြူ','2015-04-27 02:15:29','2015-04-27 03:00:14'),(306,145,306,'Kyauk Myaung Town','No (2) Ward','','2015-04-27 02:15:30','2015-05-15 09:38:50'),(307,146,307,'Mu Thar','Dan Kone','ဒါန်းကုန်း','2015-04-27 02:15:30','2015-04-27 03:00:14'),(308,147,308,'Tha Man Thar','Inn Kone','အင်းကုန်း','2015-04-27 02:15:30','2015-04-27 03:00:15'),(309,147,309,'Kyee Pin Kan','Lel Kaing','လယ်ကိုင်း','2015-04-27 02:15:30','2015-04-27 03:00:15'),(310,148,310,'Hin Thaw','Yaw Kone','ယောကုန်း','2015-04-27 02:15:30','2015-04-27 03:00:15'),(311,149,311,'Ye-U Town','Aung Chan Thar Ward','','2015-04-27 02:15:30','2015-05-15 09:38:50'),(312,150,312,'Ta Nei','Sa Par Taw','စပါးတော','2015-04-27 02:15:30','2015-04-27 02:15:30'),(313,151,313,'Kha Yan Chan','Thit Yar Pin','သစ်ရာပင်','2015-04-27 02:15:30','2015-04-27 03:00:15'),(314,152,314,'Gway Pin Kyin','Let Yet Twin','လက်ယက်တွင်း','2015-04-27 02:15:30','2015-04-27 03:00:15'),(315,152,315,'Yae Bu Ta Lin','Chaung Wa Gyi','ချောင်းဝကြီး','2015-04-27 02:15:30','2015-04-27 03:00:15'),(316,153,316,'Chaung-U Town','Myo Thit Ward','','2015-04-27 02:15:31','2015-05-15 09:38:50'),(317,154,317,'Kyan Taw','Aung Pon','အောင်ပုံ','2015-04-27 02:15:31','2015-04-27 03:00:15'),(318,154,318,'Katha Town','Myauk Paing Ward','','2015-04-27 02:15:31','2015-05-15 09:38:50'),(319,155,319,'Nyaung Pin Thar','Myaung Taung','မြောင်တောင်','2015-04-27 02:15:31','2015-04-27 03:00:15'),(320,156,320,'Naung Kin','Kywe Te','ကျွဲတဲ','2015-04-27 02:15:31','2015-04-27 03:00:15'),(321,157,321,'Taung Au','Inn Kyaw','အင်းကျော်','2015-04-27 02:15:31','2015-04-27 03:00:15'),(322,157,322,'Saw Bwar Yae Shin','Saw Bwar Yae Shin','စော်ဘွားရေရှင်','2015-04-27 02:15:31','2015-04-27 03:00:15'),(323,158,323,'Ton Nan','Ton Nan','တုန်နန်း','2015-04-27 02:15:31','2015-04-27 03:00:15'),(324,158,324,'In Daing (Inn Aing)','In Daing (Inn Aing)','အင်ဒိုင်း','2015-04-27 02:15:31','2015-04-27 03:00:15'),(325,158,325,'Kalewa Town','No (1) Ywar Thit Ward','','2015-04-27 02:15:31','2015-05-15 09:38:51'),(326,159,326,'Kyway','Kha Yu Inn','ခရုအင်း','2015-04-27 02:15:31','2015-04-27 03:00:16'),(327,159,327,'Baing','Ah Nauk Taw','အနောက်တော','2015-04-27 02:15:31','2015-04-27 03:00:16'),(328,159,328,'Inn Kyin Taung','Ma Au Kone (North)','မအူကုန်း (မြောက်)','2015-04-27 02:15:32','2015-04-27 03:00:16'),(329,160,329,'Htin Zin (Khampat Sub-township)','Htin Zin','ထင်းဇင်','2015-04-27 02:15:32','2015-04-27 03:00:16'),(330,161,330,'Khar Tun','Moe Nat Khon','မိုးနတ်ခုံ','2015-04-27 02:15:32','2015-04-27 02:15:32'),(331,162,331,'Tha Yaung Ohn Doke','Thar Si','သာစီ','2015-04-27 02:15:32','2015-04-27 03:00:16'),(332,162,332,'Ohn Doke','Te Ma','တဲမ','2015-04-27 02:15:32','2015-04-27 03:00:16'),(333,162,333,'Tha Yaung','Myaing U','မြိုင်ဦး','2015-04-27 02:15:32','2015-04-27 02:15:32'),(334,162,334,'Ka Yar','Thar Si','သာစီ','2015-04-27 02:15:32','2015-04-27 03:00:16'),(335,163,335,'Laik Khaw','Laik Khaw (Lower)','လိုက်ခေါ်အောက်','2015-04-27 02:15:32','2015-04-27 03:00:16'),(336,164,336,'Auk Hman Kin','Naung Cho','နောင်ချို','2015-04-27 02:15:32','2015-04-27 03:00:16'),(337,164,337,'Naung San Kyin','Zee Min thar','ဇီးမင်သာ','2015-04-27 02:15:33','2015-04-27 03:00:16'),(338,165,338,'Htan Khaw','Wa Kat','ဝကပ်','2015-04-27 02:15:33','2015-04-27 02:15:33'),(339,165,339,'Kone Khar Lel','Pyan Khar Lel','ပြန်ခါးလယ်','2015-04-27 02:15:33','2015-04-27 02:15:33'),(340,166,340,'Shan He (Don Hee Sub-township)','Shan He','ရှန်ဟဲ','2015-04-27 02:15:33','2015-04-27 03:00:16'),(341,166,341,'Hu Laung (Pansaung Sub-township)','Nar Lin','နာလင်း','2015-04-27 02:15:33','2015-04-27 03:00:17'),(342,167,342,'Sin Te','Shwe Hlan (East)','ရွှေလှန် (အရှေ့)','2015-04-27 02:15:33','2015-04-27 03:00:17'),(343,168,343,'Nat Gyi','In Chaung','အင်ချောင် (တောင်/မြောက်)','2015-04-27 02:15:33','2015-04-27 03:00:17'),(344,168,344,'Kani Town','No (3) Ward','','2015-04-27 02:15:33','2015-05-15 09:38:51'),(345,168,345,'Yar Gyi','Yar Gyi','ယာကြီး','2015-04-27 02:15:33','2015-04-27 03:00:17'),(346,169,346,'Chin Pyit Kyin','Pyawbwe Kyin','ပျော်ဘွယ်ကျင်း','2015-04-27 02:15:33','2015-04-27 03:00:17'),(347,169,347,'Kan Pauk','Kan Pauk (West)','ကံပေါက် (အနောက်)','2015-04-27 02:15:33','2015-04-27 03:00:17'),(348,170,348,'Nam Yang Long','Pang Kaw','ပန်ကော','2015-04-27 02:15:34','2015-04-27 03:00:17'),(349,171,349,'Mun Hkam Hing (Mongpauk Sub-township)','Ho Hkat','ဟိုခတ်','2015-04-27 02:15:34','2015-04-27 03:00:17'),(350,172,350,'Loi Lan','Hway Par War','ဟွေပါဝါ','2015-04-27 02:15:34','2015-04-27 03:00:17'),(351,173,351,'Nawng Hkit','Hi Day','ဟီးဒေ','2015-04-27 02:15:34','2015-04-27 03:00:17'),(352,173,352,'Hpar Waw (Tontar Sub-township)','Hway Hoke Mai','ဟွေဟုတ်မိုင်','2015-04-27 02:15:34','2015-04-27 03:00:17'),(353,174,353,'Tarlay Town','No (2) Ward','','2015-04-27 02:15:34','2015-05-15 09:38:51'),(354,175,354,'Mong Hpyat','Wan Nwet','ဝမ်နွဲ့','2015-04-27 02:15:34','2015-04-27 03:00:18'),(355,176,355,'Man Pyin','Nar Hsan','နားဆန်','2015-04-27 02:15:35','2015-04-27 03:00:18'),(356,176,356,'Lashio Town','Aung Myit Tar Ward','','2015-04-27 02:15:35','2015-05-15 09:38:51'),(357,177,357,'Nar Hpyaing','Man Mai','မန်မိုင်','2015-04-27 02:15:35','2015-04-27 03:00:18'),(358,177,358,'Kone Son','Kawng Ma Lan','ကောင်းမလန်','2015-04-27 02:15:35','2015-04-27 03:00:18'),(359,177,359,'Pong Htun','Kawng Nun','ကောင်းနွံ','2015-04-27 02:15:35','2015-04-27 03:00:18'),(360,178,360,'Nawng Hkam (Mong Htwun)','Man Kawng Long','မန်ကောင်းလုံ','2015-04-27 02:15:35','2015-04-27 03:00:18'),(361,178,361,'Mong Kawng','Hko Tone','ခိုတုန်း','2015-04-27 02:15:35','2015-04-27 03:00:18'),(362,178,362,'Nawng Hkam (Mong Htwun)','Nawng Tee','နောင်တီး','2015-04-27 02:15:35','2015-04-27 03:00:18'),(363,178,363,'Hkam Kone','Kawng Ta Let','ကောင်းတလက်','2015-04-27 02:15:35','2015-04-27 03:00:18'),(364,178,364,'Nar Han','Kawng Ma Lan','ကောင်းမလန်း','2015-04-27 02:15:35','2015-04-27 03:00:18'),(365,179,365,'Mong Hpan (Pang Hseng (Kyu Koke)) Sub-township','Hseng Hkawng','ဆိုင်းခေါင်','2015-04-27 02:15:36','2015-04-27 03:00:18'),(366,179,366,'Man Nawng','Hsut Mun','ဆွပ်မွန်း','2015-04-27 02:15:36','2015-04-27 03:00:19'),(367,179,367,'Tont Hkan Nay','Ho Nawng','ဟိုနောင်','2015-04-27 02:15:36','2015-04-27 03:00:19'),(368,179,368,'Pang Hseng (Kyu Koke) Town','No (3) Ward','','2015-04-27 02:15:36','2015-05-15 09:38:51'),(369,180,369,'Nawnghkio Town','Pa Hat Ward','','2015-04-27 02:15:36','2015-05-15 09:38:51'),(370,181,370,'Hsipaw Town','Oke Kyin Ward','','2015-04-27 02:15:36','2015-05-15 09:38:51'),(371,182,371,'Hin Hkoke','Myin Ka','မြင်းက','2015-04-27 02:15:36','2015-04-27 02:15:36'),(372,183,372,'Hko Tar','Pyin La Har','ပြင်လဟာ','2015-04-27 02:15:36','2015-04-27 03:00:19'),(373,183,373,'Nga Oe','Nang Nwet','နန်းနွဲ့','2015-04-27 02:15:36','2015-04-27 03:00:19'),(374,184,374,'Man Pat','Namt Par Kye','နမ့်ပါကျယ်','2015-04-27 02:15:36','2015-04-27 03:00:19'),(375,185,375,'Pan Lon Town','No (8) Ward','','2015-04-27 02:15:37','2015-05-15 09:38:51'),(376,186,376,'Shwenyaung Town','Min Ga Lar Ward','','2015-04-27 02:15:37','2015-05-15 09:38:51'),(377,186,377,'Nam Hu','Kone Thar','ကုန်းသာ','2015-04-27 02:15:37','2015-04-27 03:00:20'),(378,186,378,'Kun Long','Kun Long','ကွန်လုံ','2015-04-27 02:15:37','2015-04-27 03:00:20'),(379,187,379,'Taung To','Taung To Mont Ti Kone','တောင်တိုမို့တီကုန်း','2015-04-27 02:15:37','2015-04-27 03:00:20'),(380,187,380,'Nawng Taw','Tat Gyi','တပ်ကြီး','2015-04-27 02:15:37','2015-04-27 03:00:20'),(381,188,381,'Nam Par Chee','Long Peik','လုံပိတ်','2015-04-27 02:15:37','2015-04-27 03:00:20'),(382,188,382,'Mong Lin','Ho Nar','ဟိုနား','2015-04-27 02:15:37','2015-04-27 03:00:20'),(383,189,383,'Nar Hkaik','Htam Yang Hai','ထမ်ယမ်းဟိုင်','2015-04-27 02:15:37','2015-04-27 03:00:20'),(384,190,384,'Ngone Thon','Ngone Thon','ငုံးသုံ','2015-04-27 02:15:38','2015-04-27 03:00:20'),(385,190,385,'Thu Ye','Ywar Taw','ရွာတော်','2015-04-27 02:15:38','2015-04-27 03:00:21'),(386,190,386,'Kalaw Town','No (6) Ward','','2015-04-27 02:15:38','2015-05-15 09:38:51'),(387,191,387,'Keng Hkam','Nar Sam','နားစံ','2015-04-27 02:15:38','2015-04-27 02:15:38'),(388,191,388,'Myin Taung','Bamar toe','ဗမာတိုး','2015-04-27 02:15:38','2015-04-27 03:00:21'),(389,191,389,'Mar Thea','Yae Pyar','ရေပြာ','2015-04-27 02:15:38','2015-04-27 03:00:21'),(390,192,390,'Bant Pyin (Naungtayar Sub-township)','Nawng Mu Ywar Thit','နောင်မူရွာသစ်','2015-04-27 02:15:38','2015-04-27 03:00:21'),(391,192,391,'Hmway Pyin (Naungtayar Sub-township)','Htin Shu Taung Ywar Thit','ထင်းရှူးတောင်ရွာသစ်','2015-04-27 02:15:39','2015-04-27 03:00:21'),(392,193,392,'Moe Bye','Daw Paw Ku','ဒေါ်ပေါ်ကူး','2015-04-27 02:15:39','2015-04-27 03:00:21'),(393,193,393,'Pekon Town','Hein Dhamma Ward','','2015-04-27 02:15:39','2015-05-15 09:38:51'),(394,194,394,'Hsa Nin (Pinlon Sub-township)','Pang Wein','ပန်ဝိန်း','2015-04-27 02:15:39','2015-04-27 03:00:21'),(395,194,395,'Pang Mont (Pinlon Sub-township)','Long Mauk Hkam','လုံမောက်ခမ်း','2015-04-27 02:15:39','2015-04-27 03:00:22'),(396,194,396,'Pinlon Town','No (1) Ward','','2015-04-27 02:15:39','2015-05-15 09:38:52'),(397,195,397,'Mongkaing Town','No (1) Ward','','2015-04-27 02:15:39','2015-05-15 09:38:52'),(398,196,398,'Ka Du Gyi','Ban Mat (West)','ဗန်းမတ် (နောက်)','2015-04-27 02:15:40','2015-04-27 03:00:22'),(399,197,399,'Min Yat','Min Yat','မင်းရပ်','2015-04-27 02:15:40','2015-04-27 03:00:22'),(400,197,400,'Way Di','Da Yei Kwin','ဒရယ်ကွင်း','2015-04-27 02:15:40','2015-04-27 03:00:22'),(401,198,401,'Ta Laing Yar','Dauk Lauk','ဒေါက်လောက်','2015-04-27 02:15:40','2015-04-27 03:00:22'),(402,199,402,'Tone Byaw','Kin Tat','ကင်းတပ်','2015-04-27 02:15:41','2015-04-27 03:00:22'),(403,199,403,'Myeik Town','Kan Hpyar Ward','','2015-04-27 02:15:41','2015-05-15 09:38:52'),(404,199,404,'Myeik Town','Yae Pone Ward','','2015-04-27 02:15:41','2015-05-15 09:38:52'),(405,200,405,'Pu Law Hpyar','Thar Yar Kone','သာယာကုန်း','2015-04-27 02:15:41','2015-04-27 03:00:23'),(406,201,406,'Ta Ku','Wan Nar Kaw Pa Ti Taw','ဝမ်းနာကော်ပတိတော','2015-04-27 02:15:41','2015-04-27 03:00:23'),(407,201,407,'Thar Ra Bwin','Thar Ra Bwin (Chaung Wa)','သာရဘွင် (ချောင်းဝ)','2015-04-27 02:15:41','2015-04-27 03:00:23'),(408,202,408,'Yae Ngan Gyi','Thea Tan Nge','သဲတန်းငယ်','2015-04-27 02:15:42','2015-04-27 03:00:23'),(409,202,409,'Pyigyimandaing  Town','Lay Hnar (West) Ward','','2015-04-27 02:15:42','2015-05-15 09:38:52'),(410,202,410,'Karathuri Town','No (3) Ward','','2015-04-27 02:15:42','2015-05-15 09:38:52'),(411,203,411,'Htaukkyant Town','Ti Law Kar Yon Ward','','2015-04-27 02:15:42','2015-05-15 09:38:52'),(412,204,412,'Hnaw Kone','Swei Taw Kone','စွယ်တော်ကုန်း','2015-04-27 02:15:42','2015-04-27 03:00:23'),(413,204,413,'Hnaw Kone','Ma Yan Se (Zauk Htaw)','မရမ်းဆည် (ဇောက်ထော်)','2015-04-27 02:15:42','2015-04-27 03:00:24'),(414,204,414,'Myo Chaung','Oke Shit Kone (Myanmar)','အုတ်ရှစ်ကုန်း (မြန်မာ)','2015-04-27 02:15:42','2015-04-27 03:00:24'),(415,204,415,'Hmawbi Town','No (2) Ward','','2015-04-27 02:15:42','2015-05-15 09:38:52'),(416,204,416,'Hmawbi Town','No (3) Ward','','2015-04-27 02:15:43','2015-05-15 09:38:52'),(417,205,417,'Nan Ti','Nan Ti','နန္တီ','2015-04-27 02:15:43','2015-04-27 03:00:24'),(418,205,418,'Thar Yar Kone','Thar Yar Kone','သာယာကုန်း','2015-04-27 02:15:43','2015-04-27 03:00:24'),(419,206,419,'Hpa Lon Kan Kone','Hpa Lon Kan Kone','ဖလုံကံကုန်း','2015-04-27 02:15:43','2015-04-27 03:00:24'),(420,206,420,'Kyi Pin La Har','Kyee Pin La Har (North)','ကြီးပင်လဟာ (မြောက်)','2015-04-27 02:15:43','2015-04-27 03:00:24'),(421,206,421,'Ngar Lar Chaung','Ah Lel Su','အလယ်စု','2015-04-27 02:15:43','2015-04-27 03:00:24'),(422,206,422,'Taikkyi Town','Zay Ward','','2015-04-27 02:15:43','2015-05-15 09:38:52'),(423,206,423,'Taikkyi Town','Inn Ku Lar Ward','','2015-04-27 02:15:44','2015-05-15 09:38:52'),(424,36,424,'Deik Kone','Pauk Kone','ပေါက်ကုန်း','2015-04-27 02:15:44','2015-04-27 03:00:25'),(425,207,425,'Oke Kan Thaung Kyar (Yae Oke Kan)','Oke Kan Thaung Kyar','ဥက္ကံသောင်ကြား','2015-04-27 02:15:44','2015-04-27 03:00:25'),(426,207,426,'Hlaingtharya Town','No (19) Ward','','2015-04-27 02:15:44','2015-05-15 09:38:52'),(427,207,427,'Hlaingtharya Town','No (1) Ward','','2015-04-27 02:15:44','2015-05-15 09:38:52'),(428,207,428,'Hlaingtharya Town','No (13) Ward','','2015-04-27 02:15:44','2015-05-15 09:38:52'),(429,208,429,'Thingangyun','Bank Yeik Thar Ward','','2015-04-27 02:15:45','2015-05-15 09:38:53'),(430,209,430,'South Okkalapa','No (7) Ward','','2015-04-27 02:15:45','2015-05-15 09:38:53'),(431,210,431,'Thaketa','No (1) Ah Naw Mar Ward','','2015-04-27 02:15:45','2015-05-15 09:38:53'),(432,211,432,'Dawbon','Thin Baw Kyin Ward','','2015-04-27 02:15:45','2015-05-15 09:38:53'),(433,212,433,'Tamwe','Tar Mway Gyi (Kha) Ward','','2015-04-27 02:15:45','2015-05-15 09:38:53'),(434,213,434,'Botahtaung','No (1) Ward','','2015-04-27 02:15:45','2015-05-15 09:38:53'),(435,213,435,'Botahtaung','No (5) Ward','','2015-04-27 02:15:45','2015-05-15 09:38:53'),(436,214,436,'Dagon Myothit (South)','No (144) Ward','','2015-04-27 02:15:46','2015-05-15 09:38:53'),(437,214,437,'Dagon Myothit (South)','No (17) Ward (South)','','2015-04-27 02:15:46','2015-05-15 09:38:53'),(438,214,438,'Dagon Myothit (South)','Lay Daunt Kan (South)','','2015-04-27 02:15:46','2015-05-15 09:38:53'),(439,215,439,'Dagon Myothit (North)','No (40) Ward','','2015-04-27 02:15:46','2015-05-15 09:38:53'),(440,215,440,'Dagon Myothit (North)','No (30) Ward','','2015-04-27 02:15:46','2015-05-15 09:38:53'),(441,215,441,'Dagon Myothit (North)','No (42) Ward','','2015-04-27 02:15:46','2015-05-15 09:38:53'),(442,216,442,'Dagon Myothit (East)','No (155) Ward','','2015-04-27 02:15:46','2015-05-15 09:38:53'),(443,216,443,'Dagon Myothit (East)','No (133) Ward','','2015-04-27 02:15:46','2015-05-15 09:38:53'),(444,216,444,'Dagon Myothit (East)','No (127) Ward','','2015-04-27 02:15:46','2015-05-15 09:38:53'),(445,217,445,'Dagon Myothit (Seikkan)','No (148) Ward','','2015-04-27 02:15:47','2015-05-15 09:38:53'),(446,217,446,'Dagon Myothit (Seikkan)','No (59) Ward','','2015-04-27 02:15:47','2015-05-15 09:38:53'),(447,218,447,'Mingalartaungnyunt','Kan Taw Ka Lay (North) Ward','','2015-04-27 02:15:47','2015-05-15 09:38:54'),(448,218,448,'Mingalartaungnyunt','Lut Lat Yay Ward','','2015-04-27 02:15:47','2015-05-15 09:38:54'),(449,219,449,'Nyaung Lay Pin','Nyaung Lay Pin','ညောင်လေးပင်','2015-04-27 02:15:47','2015-04-27 03:00:27'),(450,219,450,'Hpa Yar Kone','Hpa Yar Kone','ဘုရားကုန်း','2015-04-27 02:15:47','2015-04-27 03:00:27'),(451,219,451,'Thanlyin Town','Yae Nan Ward','','2015-04-27 02:15:48','2015-05-15 09:38:54'),(452,219,452,'Thanlyin Town','Bago Su Ward','','2015-04-27 02:15:48','2015-05-15 09:38:54'),(453,220,453,'Sin Ma Kaw (Tadar Sub-township)','Sin Ma Kaw','စင်မကော်','2015-04-27 02:15:48','2015-04-27 03:00:27'),(454,221,454,'Hay Ma Za Lar','Hay Ma Za Lar','ဟေမဇလာ','2015-04-27 02:15:48','2015-04-27 03:00:27'),(455,221,455,'Ah Zan Taw Sun','Thea Kone Gyi','သဲကုန်းကြီး','2015-04-27 02:15:48','2015-04-27 03:00:28'),(456,221,456,'Yan Gyi Aung','Yan Gyi Aung','ရန်ကြီးအောင်','2015-04-27 02:15:48','2015-04-27 03:00:28'),(457,221,457,'Ma Gyi Pin Chaung','Ma Gyi Pin Chaung','မကျီးပင်ချောင်','2015-04-27 02:15:48','2015-04-27 03:00:28'),(458,221,458,'Thongwa Town','No (8) Ward','','2015-04-27 02:15:48','2015-05-15 09:38:54'),(459,222,459,'Hpa Yar Pyo','Gway Pin Chaung','ဂွေးပင်ချောင်','2015-04-27 02:15:49','2015-04-27 03:00:28'),(460,222,460,'Kan Nyi Naung','Kan Nyi Naung','ကံညီနောင်','2015-04-27 02:15:49','2015-04-27 03:00:28'),(461,223,461,'Ta Man Gyi','U Boe Htun Su','ဦးဘိုးထွန်းစု','2015-04-27 02:15:49','2015-04-27 03:00:28'),(462,223,462,'Twantay Town','Oe Bo (East) Ward','','2015-04-27 02:15:49','2015-05-15 09:38:54'),(463,224,463,'Yae Kyaw','Yae Kyaw','ရေကျော်','2015-04-27 02:15:49','2015-04-27 03:00:28'),(464,225,464,'Ka Nyin Kone','Ka Nyin Kone','ကညင်ကုန်း','2015-04-27 02:15:49','2015-04-27 03:00:28'),(465,225,465,'Taw Kha Yan Lay','Kone Pyat','ကုန်းပြတ်','2015-04-27 02:15:49','2015-04-27 03:00:29'),(466,226,466,'Dala','Set Myay Ward','','2015-04-27 02:15:50','2015-05-15 09:38:54'),(467,226,467,'Dala','Yar Za Thin Gyan Ward','','2015-04-27 02:15:50','2015-05-15 09:38:54'),(468,227,468,'Seikgyikanaungto','No (5/6/7) Ward','','2015-04-27 02:15:50','2015-05-15 09:38:54'),(469,227,469,'Seikgyikanaungto','Tha Khin Ba Thaung Ward','','2015-04-27 02:15:50','2015-05-15 09:38:54'),(470,228,470,'Pabedan','No (5) Ward','','2015-04-27 02:15:50','2015-05-15 09:38:54'),(471,229,471,'Lanmadaw','No (1) Ward','','2015-04-27 02:15:50','2015-05-15 09:38:54'),(472,230,472,'Ahlone','Super Pin (South) Ward','','2015-04-27 02:15:50','2015-05-15 09:38:54'),(473,230,473,'Ahlone','Sayar Hmat Gyi (East) Ward','','2015-04-27 02:15:51','2015-05-15 09:38:54'),(474,231,474,'Kyeemyindaing','Say Yoe Tan Nyein Chan Yay Ward','','2015-04-27 02:15:51','2015-05-15 09:38:54'),(475,231,475,'Kyeemyindaing','Ma Gyi Tan (North/West) Ward','','2015-04-27 02:15:51','2015-05-15 09:38:54'),(476,232,476,'Sanchaung','Kyun Taw (Middle) Ward','','2015-04-27 02:15:51','2015-05-15 09:38:54'),(477,232,477,'Sanchaung','Shin Saw Pu Ward','','2015-04-27 02:15:51','2015-05-15 09:38:55'),(478,233,478,'Hlaing','No (9) Ward','','2015-04-27 02:15:51','2015-05-15 09:38:55'),(479,233,479,'Hlaing','No (14) Ward','','2015-04-27 02:15:51','2015-05-15 09:38:55'),(480,234,480,'Mayangone','No (2) Ward-Tha Maing Myo','','2015-04-27 02:15:52','2015-05-15 09:38:55'),(481,234,481,'Mayangone','No (5) Ward-Sein Pan Myaing/9 Miles','','2015-04-27 02:15:52','2015-05-15 09:38:55');
/*!40000 ALTER TABLE `ems_villages` ENABLE KEYS */;
UNLOCK TABLES;
/*!40103 SET TIME_ZONE=@OLD_TIME_ZONE */;

/*!40101 SET SQL_MODE=@OLD_SQL_MODE */;
/*!40014 SET FOREIGN_KEY_CHECKS=@OLD_FOREIGN_KEY_CHECKS */;
/*!40014 SET UNIQUE_CHECKS=@OLD_UNIQUE_CHECKS */;
/*!40101 SET CHARACTER_SET_CLIENT=@OLD_CHARACTER_SET_CLIENT */;
/*!40101 SET CHARACTER_SET_RESULTS=@OLD_CHARACTER_SET_RESULTS */;
/*!40101 SET COLLATION_CONNECTION=@OLD_COLLATION_CONNECTION */;
/*!40111 SET SQL_NOTES=@OLD_SQL_NOTES */;

-- Dump completed on 2015-05-15 22:42:35
